city,date,pm25,pm10,group
上海,2022-08-04,43.074999999999996,62.706250000000004,南方
上海,2022-08-05,62.06666666666666,90.59166666666665,南方
上海,2022-08-06,88.66666666666667,128.76250000000002,南方
上海,2022-08-07,80.3875,116.39166666666667,南方
上海,2022-08-08,26.22083333333333,38.53333333333333,南方
上海,2022-08-09,29.224999999999998,43.237500000000004,南方
上海,2022-08-10,42.420833333333334,61.65416666666667,南方
上海,2022-08-11,92.45416666666667,134.92499999999998,南方
上海,2022-08-12,127.17083333333333,183.95000000000002,南方
上海,2022-08-13,90.59583333333335,131.21666666666667,南方
上海,2022-08-14,65.42083333333333,94.90833333333335,南方
上海,2022-08-15,37.824999999999996,55.225,南方
上海,2022-08-16,45.00416666666666,65.33749999999999,南方
上海,2022-08-17,75.5625,110.43333333333334,南方
上海,2022-08-18,98.84583333333335,144.26250000000002,南方
上海,2022-08-19,64.35833333333333,92.96666666666665,南方
上海,2022-08-20,50.84583333333333,75.575,南方
上海,2022-08-21,51.53333333333333,81.90833333333333,南方
上海,2022-08-22,117.95833333333333,171.04999999999998,南方
上海,2022-08-23,78.51666666666667,114.7625,南方
上海,2022-08-24,14.316666666666668,24.849999999999998,南方
上海,2022-08-25,25.858333333333334,41.55833333333333,南方
上海,2022-08-26,27.09583333333333,43.03333333333333,南方
上海,2022-08-27,25.745833333333334,39.1875,南方
上海,2022-08-28,34.333333333333336,54.70416666666667,南方
上海,2022-08-29,78.32916666666667,116.44583333333333,南方
上海,2022-08-30,34.69583333333333,51.53333333333333,南方
上海,2022-08-31,17.116666666666667,27.945833333333336,南方
上海,2022-09-01,17.516666666666666,31.03333333333333,南方
上海,2022-09-02,13.237499999999999,22.691666666666666,南方
上海,2022-09-03,12.133333333333333,19.929166666666667,南方
上海,2022-09-04,12.858333333333334,21.53333333333333,南方
上海,2022-09-05,9.85,15.8125,南方
上海,2022-09-06,72.33749999999999,108.85416666666667,南方
上海,2022-09-07,172.8166666666667,253.43333333333337,南方
上海,2022-09-08,34.141666666666666,57.979166666666664,南方
上海,2022-09-09,18.870833333333334,31.020833333333332,南方
上海,2022-09-10,23.15416666666667,37.65833333333334,南方
上海,2022-09-11,16.091666666666665,25.8,南方
上海,2022-09-12,17.066666666666666,25.516666666666666,南方
上海,2022-09-13,12.616666666666667,20.224999999999998,南方
上海,2022-09-14,12.325000000000001,19.679166666666667,南方
上海,2022-09-15,19.075,27.516666666666666,南方
上海,2022-09-16,65.25,93.45,南方
上海,2022-09-17,64.55,95.41250000000001,南方
上海,2022-09-18,25.45,40.324999999999996,南方
上海,2022-09-19,25.1125,42.94583333333333,南方
上海,2022-09-20,18.266666666666666,32.92916666666667,南方
上海,2022-09-21,19.608333333333334,31.729166666666668,南方
上海,2022-09-22,45.42083333333333,68.60833333333333,南方
上海,2022-09-23,43.175000000000004,66.95,南方
上海,2022-09-24,18.254166666666666,30.27916666666667,南方
上海,2022-09-25,21.59583333333333,34.84583333333333,南方
上海,2022-09-26,21.566666666666666,35.949999999999996,南方
上海,2022-09-27,17.483333333333334,29.766666666666666,南方
上海,2022-09-28,22.712500000000002,37.43333333333333,南方
上海,2022-09-29,20.116666666666667,31.516666666666666,南方
上海,2022-09-30,56.92916666666667,83.59583333333333,南方
上海,2022-10-01,42.69166666666666,62.65,南方
上海,2022-10-02,26.837500000000002,39.80833333333333,南方
上海,2022-10-03,38.2875,56.52916666666667,南方
上海,2022-10-04,17.904166666666665,29.3125,南方
上海,2022-10-05,15.770833333333334,27.8875,南方
上海,2022-10-06,15.3375,25.425,南方
上海,2022-10-07,18.841666666666665,30.858333333333334,南方
上海,2022-10-08,24.666666666666668,39.47083333333333,南方
上海,2022-10-09,33.387499999999996,49.09166666666667,南方
上海,2022-10-10,28.75,41.137499999999996,南方
上海,2022-10-11,30.05,44.69583333333333,南方
上海,2022-10-12,20.758333333333333,32.795833333333334,南方
上海,2022-10-13,17.3625,30.795833333333334,南方
上海,2022-10-14,20.104166666666668,35.2125,南方
上海,2022-10-15,22.599999999999998,38.35,南方
上海,2022-10-16,23.175,39.30833333333333,南方
上海,2022-10-17,22.483333333333334,40.12916666666667,南方
上海,2022-10-18,18.129166666666666,29.662499999999998,南方
上海,2022-10-19,27.379166666666666,43.550000000000004,南方
上海,2022-10-20,25.916666666666668,42.520833333333336,南方
上海,2022-10-21,26.02916666666667,41.875,南方
上海,2022-10-22,27.8875,43.7875,南方
上海,2022-10-23,24.266666666666666,44.98333333333333,南方
上海,2022-10-24,22.383333333333336,37.770833333333336,南方
上海,2022-10-25,16.6375,27.708333333333332,南方
上海,2022-10-26,22.5,36.3125,南方
上海,2022-10-27,14.504166666666668,24.858333333333334,南方
上海,2022-10-28,21.504166666666666,40.233333333333334,南方
上海,2022-10-29,22.291666666666668,38.608333333333334,南方
上海,2022-10-30,19.3,33.420833333333334,南方
上海,2022-10-31,15.637500000000001,26.474999999999998,南方
上海,2022-11-01,23.558333333333334,41.016666666666666,南方
上海,2022-11-02,30.912499999999998,54.208333333333336,南方
上海,2022-11-03,28.491666666666664,44.99166666666667,南方
上海,2022-11-04,21.537499999999998,38.53333333333333,南方
上海,2022-11-05,33.62083333333333,53.67083333333333,南方
上海,2022-11-06,37.25,59.512499999999996,南方
上海,2022-11-07,27.804166666666664,44.208333333333336,南方
上海,2022-11-08,24.8875,41.3125,南方
上海,2022-11-09,27.670833333333334,46.729166666666664,南方
上海,2022-11-10,21.683333333333334,32.949999999999996,南方
上海,2022-11-11,12.879166666666668,19.379166666666666,南方
上海,2022-11-12,24.59166666666667,36.2125,南方
上海,2022-11-13,15.862499999999999,24.895833333333332,南方
上海,2022-11-14,32.983333333333334,49.07916666666667,南方
上海,2022-11-15,84.54166666666667,121.20416666666667,南方
上海,2022-11-16,88.175,135.23333333333332,南方
上海,2022-11-17,15.033333333333333,25.77916666666667,南方
上海,2022-11-18,16.654166666666665,29.129166666666666,南方
上海,2022-11-19,35.62083333333333,55.76666666666667,南方
上海,2022-11-20,44.375,63.5375,南方
上海,2022-11-21,64.64583333333333,93.82916666666667,南方
上海,2022-11-22,31.858333333333334,47.73333333333333,南方
上海,2022-11-23,24.59583333333333,40.27916666666667,南方
上海,2022-11-24,41.104166666666664,65.75416666666666,南方
上海,2022-11-25,48.979166666666664,74.95416666666667,南方
上海,2022-11-26,67.18333333333334,103.75,南方
上海,2022-11-27,19.458333333333332,35.49166666666667,南方
上海,2022-11-28,20.966666666666665,30.733333333333334,南方
上海,2022-11-29,21.120833333333334,32.425000000000004,南方
上海,2022-11-30,13.7125,20.8875,南方
上海,2022-12-01,30.583333333333332,44.875,南方
上海,2022-12-02,54.645833333333336,80.61666666666666,南方
上海,2022-12-03,60.3125,90.05833333333334,南方
上海,2022-12-04,16.025000000000002,27.662499999999998,南方
上海,2022-12-05,18.025000000000002,28.920833333333334,南方
上海,2022-12-06,52.99583333333334,82.54166666666667,南方
上海,2022-12-07,83.72916666666667,132.41666666666666,南方
上海,2022-12-08,70.61666666666666,124.83749999999999,南方
上海,2022-12-09,35.75416666666667,62.083333333333336,南方
上海,2022-12-10,56.62083333333334,84.65416666666667,南方
上海,2022-12-11,22.27916666666667,38.47083333333333,南方
上海,2022-12-12,43.24583333333334,64.95416666666667,南方
上海,2022-12-13,60.612500000000004,87.97500000000001,南方
上海,2022-12-14,0.8458333333333333,1.1958333333333333,南方
上海,2022-12-15,0.7083333333333334,1.0041666666666667,南方
上海,2022-12-16,15.620833333333332,26.40416666666667,南方
上海,2022-12-17,27.358333333333334,40.42916666666667,南方
上海,2022-12-18,49.475,71.03333333333333,南方
上海,2022-12-19,77.04166666666667,110.125,南方
上海,2022-12-20,45.65416666666667,69.70833333333333,南方
上海,2022-12-21,80.35833333333333,116.50416666666666,南方
上海,2022-12-22,89.87083333333334,129.95416666666668,南方
上海,2022-12-23,33.324999999999996,47.80416666666667,南方
上海,2022-12-24,45.62916666666666,65.90416666666667,南方
上海,2022-12-25,45.44166666666666,68.03333333333333,南方
上海,2022-12-26,61.37916666666666,91.74583333333334,南方
上海,2022-12-27,80.46666666666667,126.625,南方
上海,2022-12-28,74.86666666666666,129.46666666666667,南方
上海,2022-12-29,37.300000000000004,60.98333333333333,南方
上海,2022-12-30,68.06666666666666,111.13333333333333,南方
上海,2022-12-31,120.55416666666667,184.89583333333334,南方
上海,2023-01-01,140.875,212.7875,南方
上海,2023-01-02,62.70416666666667,109.8875,南方
上海,2023-01-03,35.895833333333336,59.762499999999996,南方
上海,2023-01-04,84.85416666666667,136.76666666666668,南方
上海,2023-01-05,57.175000000000004,100.89166666666667,南方
上海,2023-01-06,88.48333333333333,134.84166666666667,南方
上海,2023-01-07,102.90833333333335,153.69583333333333,南方
上海,2023-01-08,48.64166666666667,79.65416666666667,南方
上海,2023-01-09,73.55,113.35833333333333,南方
上海,2023-01-10,24.212500000000002,39.74583333333333,南方
上海,2023-01-11,24.3625,38.47083333333333,南方
上海,2023-01-12,23.558333333333334,35.74166666666667,南方
上海,2023-01-13,55.737500000000004,79.85000000000001,南方
上海,2023-01-14,16.599999999999998,25.400000000000002,南方
上海,2023-01-15,16.620833333333334,27.0625,南方
上海,2023-01-16,36.25,54.17916666666667,南方
上海,2023-01-17,68.5125,101.01666666666667,南方
上海,2023-01-18,94.41666666666667,137.50833333333333,南方
上海,2023-01-19,169.38750000000002,247.89583333333334,南方
上海,2023-01-20,69.85000000000001,110.42916666666667,南方
上海,2023-01-21,25.77916666666667,43.81666666666666,南方
上海,2023-01-22,31.429166666666664,46.86666666666667,南方
上海,2023-01-23,23.241666666666664,37.637499999999996,南方
上海,2023-01-24,20.041666666666668,30.558333333333334,南方
上海,2023-01-25,35.175000000000004,51.02916666666667,南方
上海,2023-01-26,58.666666666666664,85.47500000000001,南方
上海,2023-01-27,41.262499999999996,64.4375,南方
上海,2023-01-28,77.59166666666667,111.15416666666665,南方
上海,2023-01-29,80.25416666666666,115.75833333333333,南方
上海,2023-01-30,96.58333333333333,140.15833333333333,南方
上海,2023-01-31,70.39166666666667,101.67916666666667,南方
上海,2023-02-01,71.61666666666666,113.08749999999999,南方
上海,2023-02-02,20.662499999999998,34.641666666666666,南方
上海,2023-02-03,29.483333333333334,46.85,南方
上海,2023-02-04,43.145833333333336,71.50833333333334,南方
上海,2023-02-05,41.37083333333333,75.93333333333334,南方
上海,2023-02-06,27.666666666666668,43.574999999999996,南方
上海,2023-02-07,27.337500000000002,45.9125,南方
上海,2023-02-08,35.71666666666667,61.54583333333333,南方
上海,2023-02-09,34.795833333333334,56.30416666666667,南方
上海,2023-02-10,19.2,29.337500000000002,南方
上海,2023-02-11,20.5,32.275,南方
上海,2023-02-12,31.525000000000002,45.625,南方
上海,2023-02-13,24.604166666666668,39.15416666666667,南方
上海,2023-02-14,21.4375,35.637499999999996,南方
上海,2023-02-15,28.84166666666667,47.92916666666667,南方
上海,2023-02-16,39.49583333333333,62.9125,南方
上海,2023-02-17,39.775,59.88333333333333,南方
上海,2023-02-18,70.83749999999999,103.72500000000001,南方
上海,2023-02-19,56.18333333333334,84.29583333333333,南方
上海,2023-02-20,47.60833333333333,73.21666666666667,南方
上海,2023-02-21,16.808333333333334,29.34166666666667,南方
上海,2023-02-22,25.27916666666667,40.65833333333333,南方
上海,2023-02-23,22.412499999999998,34.300000000000004,南方
上海,2023-02-24,32.02916666666667,48.2125,南方
上海,2023-02-25,26.96666666666667,44.47083333333333,南方
上海,2023-02-26,37.75833333333333,61.31666666666667,南方
上海,2023-02-27,42.729166666666664,70.3125,南方
上海,2023-02-28,44.79583333333333,69.17083333333333,南方
上海,2023-03-01,82.375,122.02083333333333,南方
上海,2023-03-02,36.829166666666666,61.99166666666667,南方
上海,2023-03-03,43.5625,66.85000000000001,南方
上海,2023-03-04,36.4125,55.725,南方
上海,2023-03-05,27.495833333333334,42.42916666666667,南方
上海,2023-03-06,45.175000000000004,67.90416666666667,南方
上海,2023-03-07,44.262499999999996,67.11666666666666,南方
上海,2023-03-08,64.21666666666667,96.99166666666667,南方
上海,2023-03-09,83.1875,121.19166666666666,南方
上海,2023-03-10,62.09166666666667,90.26666666666667,南方
上海,2023-03-11,26.458333333333332,40.97083333333333,南方
上海,2023-03-12,34.233333333333334,55.612500000000004,南方
上海,2023-03-13,24.3,38.42916666666667,南方
上海,2023-03-14,20.35,31.34583333333333,南方
上海,2023-03-15,35.36666666666667,55.71666666666667,南方
上海,2023-03-16,21.099999999999998,37.19166666666667,南方
上海,2023-03-17,23.304166666666664,37.045833333333334,南方
上海,2023-03-18,31.866666666666664,53.25416666666666,南方
上海,2023-03-19,44.32916666666667,82.95,南方
上海,2023-03-20,36.40833333333333,59.89166666666667,南方
上海,2023-03-21,26.974999999999998,38.520833333333336,南方
上海,2023-03-22,24.825,35.454166666666666,南方
上海,2023-03-23,26.233333333333334,40.72083333333333,南方
上海,2023-03-24,23.629166666666666,38.63333333333333,南方
上海,2023-03-25,35.25,56.2875,南方
上海,2023-03-26,51.425000000000004,87.25833333333333,南方
上海,2023-03-27,46.99583333333334,75.00416666666666,南方
上海,2023-03-28,56.229166666666664,85.65416666666665,南方
上海,2023-03-29,35.07083333333333,57.25833333333333,南方
上海,2023-03-30,52.48333333333333,83.14166666666667,南方
上海,2023-03-31,36.71666666666667,58.6875,南方
上海,2023-04-01,44.38333333333333,69.35416666666667,南方
上海,2023-04-02,47.37916666666666,74.425,南方
上海,2023-04-03,15.733333333333334,26.912499999999998,南方
上海,2023-04-04,19.212500000000002,32.09166666666667,南方
上海,2023-04-05,32.829166666666666,46.9625,南方
上海,2023-04-06,53.666666666666664,77.10416666666667,南方
上海,2023-04-07,63.0375,92.7625,南方
上海,2023-04-08,44.50416666666666,68.02083333333333,南方
上海,2023-04-09,28.320833333333336,43.112500000000004,南方
上海,2023-04-10,23.90833333333333,36.625,南方
上海,2023-04-11,44.84583333333333,69.80833333333332,南方
上海,2023-04-12,31.766666666666666,54.449999999999996,南方
上海,2023-04-13,28.020833333333332,45.81666666666666,南方
上海,2023-04-14,46.68333333333334,67.43333333333334,南方
上海,2023-04-15,42.71666666666667,69.66666666666667,南方
上海,2023-04-16,58.4125,93.82916666666667,南方
上海,2023-04-17,29.712500000000002,52.137499999999996,南方
上海,2023-04-18,49.97083333333333,73.02916666666667,南方
上海,2023-04-19,17.858333333333334,25.733333333333334,南方
上海,2023-04-20,22.47083333333333,32.862500000000004,南方
上海,2023-04-21,19.345833333333335,30.291666666666668,南方
上海,2023-04-22,26.245833333333334,41.550000000000004,南方
上海,2023-04-23,24.066666666666666,38.762499999999996,南方
上海,2023-04-24,25.179166666666664,40.516666666666666,南方
上海,2023-04-25,42.12083333333333,63.68333333333334,南方
上海,2023-04-26,54.55416666666667,82.36666666666666,南方
上海,2023-04-27,33.520833333333336,55.25,南方
上海,2023-04-28,45.1,68.77916666666667,南方
上海,2023-04-29,71.05833333333334,105.10416666666667,南方
上海,2023-04-30,65.8875,99.65416666666665,南方
上海,2023-05-01,45.60833333333333,68.03750000000001,南方
上海,2023-05-02,19.4875,31.474999999999998,南方
上海,2023-05-03,14.75,22.900000000000002,南方
上海,2023-05-04,28.520833333333332,41.824999999999996,南方
上海,2023-05-05,31.141666666666666,45.09583333333333,南方
上海,2023-05-06,30.3125,45.0375,南方
上海,2023-05-07,18.474999999999998,28.854166666666668,南方
上海,2023-05-08,51.5375,76.175,南方
上海,2023-05-09,48.083333333333336,71.40833333333333,南方
上海,2023-05-10,37.641666666666666,55.86666666666667,南方
上海,2023-05-11,45.95416666666667,67.97500000000001,南方
上海,2023-05-12,84.29583333333333,122.61666666666667,南方
上海,2023-05-13,96.99583333333334,139.14166666666668,南方
上海,2023-05-14,79.49166666666666,116.48750000000001,南方
上海,2023-05-15,65.15416666666667,96.73333333333333,南方
上海,2023-05-16,29.129166666666666,45.166666666666664,南方
上海,2023-05-17,12.741666666666667,20.020833333333332,南方
上海,2023-05-18,25.55,37.300000000000004,南方
上海,2023-05-19,19.204166666666666,28.7375,南方
上海,2023-05-20,16.641666666666666,25.395833333333332,南方
上海,2023-05-21,13.879166666666668,22.133333333333336,南方
上海,2023-05-22,23.09166666666667,35.47083333333333,南方
上海,2023-05-23,48.88333333333333,70.94166666666666,南方
上海,2023-05-24,37.475,55.5,南方
上海,2023-05-25,27.412499999999998,43.2125,南方
上海,2023-05-26,21.083333333333332,32.358333333333334,南方
上海,2023-05-27,12.5375,20.395833333333332,南方
上海,2023-05-28,15.9625,25.0625,南方
上海,2023-05-29,52.99583333333334,76.10000000000001,南方
上海,2023-05-30,21.3625,31.083333333333332,南方
上海,2023-05-31,18.229166666666668,26.920833333333334,南方
上海,2023-06-01,16.470833333333335,24.104166666666668,南方
上海,2023-06-02,60.56666666666666,87.83749999999999,南方
上海,2023-06-03,27.275000000000002,43.225,南方
上海,2023-06-04,32.574999999999996,47.9125,南方
上海,2023-06-05,34.354166666666664,52.75,南方
上海,2023-06-06,32.791666666666664,47.824999999999996,南方
上海,2023-06-07,53.083333333333336,76.5,南方
上海,2023-06-08,112.03333333333335,160.47083333333333,南方
上海,2023-06-09,105.82083333333333,151.4,南方
上海,2023-06-10,52.40416666666667,75.81666666666666,南方
上海,2023-06-11,22.429166666666664,33.65833333333333,南方
上海,2023-06-12,11.845833333333333,17.770833333333332,南方
上海,2023-06-13,18.316666666666666,27.266666666666666,南方
上海,2023-06-14,90.875,131.12916666666666,南方
上海,2023-06-15,87.6375,127.67083333333333,南方
上海,2023-06-16,75.925,111.9875,南方
上海,2023-06-17,13.958333333333334,21.5,南方
上海,2023-06-18,26.691666666666666,38.266666666666666,南方
上海,2023-06-19,57.0,81.88333333333334,南方
上海,2023-06-20,59.55833333333334,85.22500000000001,南方
上海,2023-06-21,129.51666666666668,187.3708333333333,南方
上海,2023-06-22,310.5708333333333,444.4916666666666,南方
上海,2023-06-23,89.89166666666667,128.77083333333334,南方
上海,2023-06-24,41.225,59.77916666666667,南方
上海,2023-06-25,46.84166666666667,67.27916666666667,南方
上海,2023-06-26,67.89999999999999,98.17916666666667,南方
上海,2023-06-27,87.1875,126.25416666666666,南方
上海,2023-06-28,77.55,113.30416666666667,南方
上海,2023-06-29,76.6125,110.83749999999999,南方
上海,2023-06-30,64.83333333333333,92.85416666666667,南方
上海,2023-07-01,86.6125,124.62916666666666,南方
上海,2023-07-02,83.90833333333333,120.95416666666667,南方
上海,2023-07-03,129.04999999999998,185.35416666666666,南方
上海,2023-07-04,65.66666666666667,94.78333333333335,南方
上海,2023-07-05,59.574999999999996,85.08749999999999,南方
上海,2023-07-06,84.37916666666666,120.81666666666666,南方
上海,2023-07-07,57.645833333333336,83.54166666666667,南方
上海,2023-07-08,88.95,128.00833333333333,南方
上海,2023-07-09,99.64583333333333,143.34166666666667,南方
上海,2023-07-10,114.58749999999999,164.74583333333334,南方
上海,2023-07-11,73.3,106.70833333333333,南方
上海,2023-07-12,72.89166666666667,105.46249999999999,南方
上海,2023-07-13,69.37916666666666,101.34166666666665,南方
上海,2023-07-14,69.17083333333333,101.45833333333333,南方
上海,2023-07-15,64.09166666666667,93.01666666666667,南方
上海,2023-07-16,24.433333333333334,37.300000000000004,南方
上海,2023-07-17,14.116666666666667,22.55,南方
上海,2023-07-18,27.116666666666664,40.52916666666667,南方
上海,2023-07-19,23.4875,35.954166666666666,南方
上海,2023-07-20,67.78750000000001,98.99166666666667,南方
上海,2023-07-21,80.60833333333333,115.72916666666667,南方
上海,2023-07-22,53.57916666666667,77.03333333333333,南方
上海,2023-07-23,49.45416666666667,70.8125,南方
上海,2023-07-24,46.28333333333333,67.07916666666667,南方
上海,2023-07-25,19.1375,29.954166666666666,南方
上海,2023-07-26,18.349999999999998,29.78333333333333,南方
上海,2023-07-27,14.595833333333333,23.09583333333333,南方
上海,2023-07-28,11.308333333333332,18.204166666666666,南方
上海,2023-07-29,13.129166666666668,20.829166666666666,南方
上海,2023-07-30,13.883333333333333,22.020833333333332,南方
上海,2023-07-31,13.795833333333334,22.162499999999998,南方
上海,2023-08-01,13.049999999999999,23.2625,南方
上海,2023-08-02,13.820833333333333,24.708333333333332,南方
上海,2023-08-03,11.879166666666668,20.483333333333334,南方
上海,2023-08-04,12.1875,20.5375,南方
上海,2023-08-05,16.158333333333335,25.9875,南方
上海,2023-08-06,41.55416666666667,62.229166666666664,南方
上海,2023-08-07,27.370833333333334,45.1,南方
上海,2023-08-08,25.724999999999998,43.75833333333333,南方
上海,2023-08-09,33.2125,53.300000000000004,南方
上海,2023-08-10,38.44166666666667,60.31666666666666,南方
上海,2023-08-11,118.10416666666667,177.21666666666667,南方
上海,2023-08-12,41.96666666666667,63.50416666666666,南方
上海,2023-08-13,32.266666666666666,49.199999999999996,南方
上海,2023-08-14,15.266666666666666,25.175,南方
上海,2023-08-15,20.445833333333333,35.025,南方
上海,2023-08-16,73.49166666666666,111.33749999999999,南方
上海,2023-08-17,80.625,120.02916666666665,南方
上海,2023-08-18,40.012499999999996,63.00833333333333,南方
上海,2023-08-19,40.24166666666667,62.0375,南方
上海,2023-08-20,44.29583333333333,68.12916666666666,南方
上海,2023-08-21,27.079166666666666,40.0625,南方
上海,2023-08-22,70.5625,101.29166666666667,南方
上海,2023-08-23,43.475,69.17083333333333,南方
上海,2023-08-24,34.78333333333333,59.79583333333333,南方
上海,2023-08-25,25.429166666666664,45.47083333333333,南方
上海,2023-08-26,22.4875,41.13333333333333,南方
上海,2023-08-27,29.566666666666666,45.43333333333334,南方
上海,2023-08-28,24.52916666666667,37.1875,南方
上海,2023-08-29,41.2875,59.458333333333336,南方
上海,2023-08-30,20.625,32.3125,南方
上海,2023-08-31,32.9,52.416666666666664,南方
上海,2023-09-01,18.591666666666665,35.829166666666666,南方
上海,2023-09-02,23.270833333333332,45.166666666666664,南方
上海,2023-09-03,22.208333333333332,37.4125,南方
上海,2023-09-04,13.85,22.741666666666664,南方
上海,2023-09-05,17.3125,30.166666666666668,南方
上海,2023-09-06,17.1375,30.508333333333336,南方
上海,2023-09-07,25.90833333333333,45.3375,南方
上海,2023-09-08,26.045833333333334,45.42083333333333,南方
上海,2023-09-09,25.5625,44.625,南方
上海,2023-09-10,49.09583333333333,77.24166666666666,南方
上海,2023-09-11,41.11666666666667,64.67083333333333,南方
上海,2023-09-12,30.974999999999998,49.979166666666664,南方
上海,2023-09-13,30.120833333333334,47.54583333333333,南方
上海,2023-09-14,34.625,52.520833333333336,南方
上海,2023-09-15,59.37083333333334,85.74583333333334,南方
上海,2023-09-16,69.45833333333333,99.45833333333333,南方
上海,2023-09-17,62.458333333333336,90.60416666666667,南方
上海,2023-09-18,82.39166666666667,120.55833333333334,南方
上海,2023-09-19,21.229166666666668,33.75,南方
上海,2023-09-20,34.958333333333336,51.30833333333334,南方
上海,2023-09-21,24.72083333333333,39.925000000000004,南方
上海,2023-09-22,20.683333333333334,33.6625,南方
上海,2023-09-23,17.408333333333335,28.454166666666666,南方
上海,2023-09-24,29.0,47.73333333333333,南方
上海,2023-09-25,75.02083333333333,111.37916666666666,南方
上海,2023-09-26,59.05416666666667,87.18333333333334,南方
上海,2023-09-27,54.82083333333333,82.60000000000001,南方
上海,2023-09-28,51.19583333333333,77.325,南方
上海,2023-09-29,64.16250000000001,99.85833333333333,南方
上海,2023-09-30,48.43333333333334,71.12916666666666,南方
上海,2023-10-01,25.037499999999998,44.47083333333333,南方
上海,2023-10-02,13.591666666666667,23.974999999999998,南方
上海,2023-10-03,20.941666666666666,36.641666666666666,南方
上海,2023-10-04,19.400000000000002,35.4625,南方
上海,2023-10-05,20.1625,37.37916666666667,南方
上海,2023-10-06,15.2125,27.1875,南方
上海,2023-10-07,19.933333333333334,33.5625,南方
上海,2023-10-08,24.337500000000002,40.4,南方
上海,2023-10-09,43.0625,71.58333333333333,南方
上海,2023-10-10,40.108333333333334,69.05416666666666,南方
上海,2023-10-11,29.6875,51.34583333333333,南方
上海,2023-10-12,23.641666666666666,39.887499999999996,南方
上海,2023-10-13,40.99166666666667,65.325,南方
上海,2023-10-14,93.87083333333334,140.85,南方
上海,2023-10-15,109.7375,162.84166666666667,南方
上海,2023-10-16,113.7,173.51666666666665,南方
上海,2023-10-17,54.475,92.90833333333335,南方
上海,2023-10-18,42.574999999999996,74.2,南方
上海,2023-10-19,84.97500000000001,130.54166666666666,南方
上海,2023-10-20,33.6875,54.324999999999996,南方
上海,2023-10-21,37.449999999999996,57.9,南方
上海,2023-10-22,31.183333333333334,51.32083333333333,南方
上海,2023-10-23,21.849999999999998,36.4125,南方
上海,2023-10-24,38.516666666666666,60.15,南方
上海,2023-10-25,80.00416666666666,118.12916666666666,南方
上海,2023-10-26,62.76666666666667,94.9875,南方
上海,2023-10-27,58.92083333333333,91.52916666666665,南方
上海,2023-10-28,28.620833333333334,49.025000000000006,南方
上海,2023-10-29,29.854166666666668,54.770833333333336,南方
上海,2023-10-30,26.97083333333333,47.75,南方
上海,2023-10-31,31.058333333333334,50.50416666666666,南方
上海,2023-11-01,28.77916666666667,45.05833333333334,南方
上海,2023-11-02,17.26666666666667,30.504166666666666,南方
上海,2023-11-03,38.925000000000004,59.07083333333333,南方
上海,2023-11-04,18.191666666666666,28.670833333333334,南方
上海,2023-11-05,16.795833333333334,25.150000000000002,南方
上海,2023-11-06,28.5625,41.449999999999996,南方
上海,2023-11-07,45.520833333333336,66.80416666666666,南方
上海,2023-11-08,28.570833333333336,46.69583333333333,南方
上海,2023-11-09,54.49166666666667,83.5625,南方
上海,2023-11-10,19.208333333333332,35.983333333333334,南方
上海,2023-11-11,15.958333333333334,28.724999999999998,南方
上海,2023-11-12,25.266666666666666,38.00416666666667,南方
上海,2023-11-13,30.75,46.44583333333333,南方
上海,2023-11-14,66.375,98.175,南方
上海,2023-11-15,78.54583333333333,117.69583333333333,南方
上海,2023-11-16,64.65416666666667,98.5,南方
上海,2023-11-17,42.98333333333333,67.52499999999999,南方
上海,2023-11-18,52.875,76.625,南方
上海,2023-11-19,102.34583333333335,147.84166666666667,南方
上海,2023-11-20,102.5,150.15416666666667,南方
上海,2023-11-21,44.49583333333334,72.3625,南方
上海,2023-11-22,65.8,99.53750000000001,南方
上海,2023-11-23,88.85416666666667,130.775,南方
上海,2023-11-24,19.108333333333334,30.525000000000002,南方
上海,2023-11-25,23.837500000000002,37.895833333333336,南方
上海,2023-11-26,51.237500000000004,77.64166666666667,南方
上海,2023-11-27,78.7375,115.63333333333333,南方
上海,2023-11-28,78.32083333333334,125.38333333333333,南方
上海,2023-11-29,55.925000000000004,93.075,南方
上海,2023-11-30,21.204166666666666,35.00833333333333,南方
上海,2023-12-01,42.75416666666666,61.34166666666667,南方
上海,2023-12-02,110.35833333333333,158.96666666666667,南方
上海,2023-12-03,98.21666666666665,145.39583333333334,南方
上海,2023-12-04,112.50416666666666,172.79166666666666,南方
上海,2023-12-05,179.14166666666665,257.2,南方
上海,2023-12-06,118.7375,174.70833333333334,南方
上海,2023-12-07,119.22083333333335,178.51666666666668,南方
上海,2023-12-08,57.73333333333333,85.02083333333333,南方
上海,2023-12-09,107.02083333333333,156.32500000000002,南方
上海,2023-12-10,64.15833333333333,92.78750000000001,南方
上海,2023-12-11,34.291666666666664,49.4125,南方
上海,2023-12-12,28.358333333333334,40.92916666666667,南方
上海,2023-12-13,45.80416666666667,67.00416666666666,南方
上海,2023-12-14,33.520833333333336,80.60833333333333,南方
上海,2023-12-15,29.279166666666665,72.15833333333333,南方
上海,2023-12-16,33.012499999999996,47.34166666666667,南方
上海,2023-12-17,38.3,54.84583333333333,南方
上海,2023-12-18,48.824999999999996,71.75416666666666,南方
上海,2023-12-19,29.104166666666668,42.65416666666667,南方
上海,2023-12-20,43.21666666666667,65.35416666666667,南方
上海,2023-12-21,36.775,52.57916666666667,南方
上海,2023-12-22,48.17916666666667,68.85000000000001,南方
上海,2023-12-23,82.1125,117.32916666666667,南方
上海,2023-12-24,114.50416666666666,165.35,南方
上海,2023-12-25,207.24166666666667,301.01666666666665,南方
上海,2023-12-26,142.76250000000002,209.77083333333334,南方
上海,2023-12-27,76.52083333333333,119.39999999999999,南方
上海,2023-12-28,119.875,179.45416666666665,南方
上海,2023-12-29,62.23333333333333,95.32083333333333,南方
上海,2023-12-30,95.97916666666667,140.14166666666668,南方
上海,2023-12-31,80.61666666666666,123.78333333333335,南方
上海,2024-01-01,57.270833333333336,88.7625,南方
上海,2024-01-02,62.729166666666664,95.54583333333333,南方
上海,2024-01-03,70.97916666666667,104.34583333333335,南方
上海,2024-01-04,133.67083333333332,196.58333333333334,南方
上海,2024-01-05,143.12916666666666,211.0,南方
上海,2024-01-06,129.26250000000002,194.1208333333333,南方
上海,2024-01-07,50.03333333333333,78.625,南方
上海,2024-01-08,40.50416666666667,62.14166666666667,南方
上海,2024-01-09,104.34166666666665,153.50416666666666,南方
上海,2024-01-10,60.50416666666666,91.79583333333333,南方
上海,2024-01-11,130.93333333333334,192.80416666666667,南方
上海,2024-01-12,161.89583333333334,235.23333333333335,南方
上海,2024-01-13,133.92083333333332,199.4125,南方
上海,2024-01-14,56.07083333333333,86.76666666666667,南方
上海,2024-01-15,29.34583333333333,48.958333333333336,南方
上海,2024-01-16,31.65416666666667,49.5875,南方
上海,2024-01-17,66.7375,100.30416666666667,南方
上海,2024-01-18,33.69166666666667,48.7125,南方
上海,2024-01-19,32.0875,52.32916666666667,南方
上海,2024-01-20,28.8,41.175,南方
上海,2024-01-21,20.95,31.8,南方
上海,2024-01-22,14.066666666666668,21.679166666666664,南方
上海,2024-01-23,28.670833333333334,40.925000000000004,南方
上海,2024-01-24,49.49166666666667,70.71249999999999,南方
上海,2024-01-25,96.16666666666667,138.61249999999998,南方
上海,2024-01-26,162.09166666666667,232.375,南方
上海,2024-01-27,191.65833333333333,275.1791666666667,南方
上海,2024-01-28,143.90833333333333,211.15416666666667,南方
上海,2024-01-29,86.85416666666667,140.72083333333333,南方
上海,2024-01-30,52.11666666666667,80.42916666666666,南方
上海,2024-01-31,59.449999999999996,84.98333333333333,南方
上海,2024-02-01,35.44583333333333,54.99166666666667,南方
上海,2024-02-02,23.40833333333333,38.69583333333333,南方
上海,2024-02-03,22.633333333333336,34.516666666666666,南方
上海,2024-02-04,31.995833333333334,47.60833333333333,南方
上海,2024-02-05,24.6375,35.520833333333336,南方
上海,2024-02-06,41.016666666666666,61.07916666666667,南方
上海,2024-02-07,42.78333333333333,70.175,南方
上海,2024-02-08,64.06666666666666,99.08749999999999,南方
上海,2024-02-09,176.28333333333333,257.77500000000003,南方
上海,2024-02-10,146.07916666666668,215.52083333333334,南方
上海,2024-02-11,137.26666666666668,211.475,南方
上海,2024-02-12,73.15416666666667,124.05833333333334,南方
上海,2024-02-13,41.458333333333336,67.4875,南方
上海,2024-02-14,70.07083333333334,105.60833333333333,南方
上海,2024-02-15,36.37083333333333,55.11666666666667,南方
上海,2024-02-16,30.445833333333336,48.67916666666667,南方
上海,2024-02-17,25.316666666666666,40.895833333333336,南方
上海,2024-02-18,30.895833333333332,45.29583333333333,南方
上海,2024-02-19,56.012499999999996,81.325,南方
上海,2024-02-20,19.212500000000002,31.008333333333336,南方
上海,2024-02-21,18.0125,26.72083333333333,南方
上海,2024-02-22,17.2375,25.8875,南方
上海,2024-02-23,23.3125,34.824999999999996,南方
上海,2024-02-24,25.337500000000002,36.4,南方
上海,2024-02-25,34.362500000000004,52.4375,南方
上海,2024-02-26,41.137499999999996,70.88333333333334,南方
上海,2024-02-27,40.19583333333333,67.7375,南方
上海,2024-02-28,40.225,64.10833333333333,南方
上海,2024-02-29,38.67916666666667,56.67083333333333,南方
上海,2024-03-01,24.65416666666667,41.8375,南方
上海,2024-03-02,70.55,107.65416666666665,南方
上海,2024-03-03,57.97083333333333,89.33333333333333,南方
上海,2024-03-04,39.4625,63.07083333333333,南方
上海,2024-03-05,42.824999999999996,61.49583333333334,南方
上海,2024-03-06,39.954166666666666,69.58333333333333,南方
上海,2024-03-07,54.4,83.14583333333333,南方
上海,2024-03-08,70.15416666666667,112.80833333333334,南方
上海,2024-03-09,76.14583333333333,126.49583333333334,南方
上海,2024-03-10,31.4875,54.42083333333333,南方
上海,2024-03-11,80.69166666666666,123.16250000000001,南方
上海,2024-03-12,75.45,123.2,南方
上海,2024-03-13,46.30833333333334,73.23333333333333,南方
上海,2024-03-14,41.59583333333333,66.3875,南方
上海,2024-03-15,28.879166666666666,46.708333333333336,南方
上海,2024-03-16,50.925000000000004,75.36666666666666,南方
上海,2024-03-17,39.69166666666667,61.70416666666667,南方
上海,2024-03-18,29.625,49.12083333333334,南方
上海,2024-03-19,56.17083333333333,86.375,南方
上海,2024-03-20,52.425000000000004,86.9875,南方
上海,2024-03-21,35.166666666666664,65.95833333333333,南方
上海,2024-03-22,37.4375,62.26666666666667,南方
上海,2024-03-23,55.97083333333333,83.66250000000001,南方
上海,2024-03-24,53.00416666666666,76.7,南方
上海,2024-03-25,37.729166666666664,54.42916666666667,南方
上海,2024-03-26,34.112500000000004,52.07916666666667,南方
上海,2024-03-27,26.941666666666666,44.70416666666667,南方
上海,2024-03-28,54.23333333333333,78.65416666666667,南方
上海,2024-03-29,57.875,86.65833333333335,南方
上海,2024-03-30,72.3375,107.08333333333333,南方
上海,2024-03-31,37.44166666666667,63.4,南方
上海,2024-04-01,34.8375,60.55416666666667,南方
上海,2024-04-02,27.258333333333336,39.5875,南方
上海,2024-04-03,45.1625,66.70833333333333,南方
上海,2024-04-04,35.55833333333333,58.87916666666666,南方
上海,2024-04-05,25.775000000000002,46.68333333333334,南方
上海,2024-04-06,34.766666666666666,58.916666666666664,南方
上海,2024-04-07,37.300000000000004,60.86666666666667,南方
上海,2024-04-08,41.291666666666664,73.08749999999999,南方
上海,2024-04-09,51.737500000000004,91.35833333333333,南方
上海,2024-04-10,37.979166666666664,67.49166666666666,南方
上海,2024-04-11,30.308333333333334,49.90416666666667,南方
上海,2024-04-12,20.070833333333333,30.03333333333333,南方
上海,2024-04-13,17.658333333333335,26.483333333333334,南方
上海,2024-04-14,21.325,30.916666666666668,南方
上海,2024-04-15,50.987500000000004,74.1125,南方
上海,2024-04-16,26.025000000000002,39.85,南方
上海,2024-04-17,32.612500000000004,51.42083333333333,南方
上海,2024-04-18,56.208333333333336,87.98333333333333,南方
上海,2024-04-19,40.92916666666667,68.05,南方
上海,2024-04-20,30.47083333333333,43.979166666666664,南方
上海,2024-04-21,33.525,49.94166666666666,南方
上海,2024-04-22,26.366666666666664,40.512499999999996,南方
上海,2024-04-23,55.23333333333333,82.95416666666667,南方
上海,2024-04-24,69.10833333333333,108.24166666666667,南方
上海,2024-04-25,27.90416666666667,48.70416666666667,南方
上海,2024-04-26,25.770833333333332,42.67916666666667,南方
上海,2024-04-27,20.220833333333335,33.3375,南方
上海,2024-04-28,19.8125,29.104166666666668,南方
上海,2024-04-29,33.858333333333334,50.24583333333334,南方
上海,2024-04-30,29.870833333333334,50.987500000000004,南方
上海,2024-05-01,39.854166666666664,64.9375,南方
上海,2024-05-02,29.745833333333334,49.9375,南方
上海,2024-05-03,24.90416666666667,41.729166666666664,南方
上海,2024-05-04,28.241666666666664,45.71666666666667,南方
上海,2024-05-05,41.733333333333334,59.77916666666667,南方
上海,2024-05-06,78.63333333333334,113.125,南方
上海,2024-05-07,72.71249999999999,106.84583333333335,南方
上海,2024-05-08,44.50416666666666,67.21666666666667,南方
上海,2024-05-09,26.09583333333333,40.979166666666664,南方
上海,2024-05-10,17.5,30.608333333333334,南方
上海,2024-05-11,44.43333333333334,65.35416666666667,南方
上海,2024-05-12,39.2125,74.24583333333334,南方
上海,2024-05-13,43.62916666666666,70.45833333333333,南方
上海,2024-05-14,31.545833333333334,47.36666666666667,南方
上海,2024-05-15,37.550000000000004,60.175000000000004,南方
上海,2024-05-16,41.800000000000004,60.87083333333333,南方
上海,2024-05-17,36.37083333333333,55.75833333333333,南方
上海,2024-05-18,22.741666666666664,39.229166666666664,南方
上海,2024-05-19,17.929166666666667,29.40833333333333,南方
上海,2024-05-20,25.670833333333334,38.266666666666666,南方
上海,2024-05-21,18.616666666666667,29.541666666666668,南方
上海,2024-05-22,30.416666666666668,52.387499999999996,南方
上海,2024-05-23,26.474999999999998,41.15833333333333,南方
上海,2024-05-24,21.816666666666666,32.5375,南方
上海,2024-05-25,25.566666666666666,37.645833333333336,南方
上海,2024-05-26,65.29583333333333,93.5125,南方
上海,2024-05-27,32.6625,52.824999999999996,南方
上海,2024-05-28,27.916666666666668,43.59166666666667,南方
上海,2024-05-29,18.2625,32.541666666666664,南方
上海,2024-05-30,33.25,53.23333333333333,南方
上海,2024-05-31,57.84583333333333,84.47500000000001,南方
上海,2024-06-01,64.37916666666666,99.6375,南方
上海,2024-06-02,30.870833333333334,47.90416666666667,南方
上海,2024-06-03,96.66666666666667,139.50833333333333,南方
上海,2024-06-04,31.254166666666666,54.65416666666667,南方
上海,2024-06-05,15.979166666666666,28.458333333333332,南方
上海,2024-06-06,19.933333333333334,34.8375,南方
上海,2024-06-07,19.662499999999998,32.887499999999996,南方
上海,2024-06-08,27.016666666666666,41.458333333333336,南方
上海,2024-06-09,73.20833333333333,109.7625,南方
上海,2024-06-10,29.787499999999998,43.9125,南方
上海,2024-06-11,15.320833333333333,24.15833333333333,南方
上海,2024-06-12,17.416666666666668,25.474999999999998,南方
上海,2024-06-13,17.5125,26.370833333333334,南方
上海,2024-06-14,16.283333333333335,25.633333333333336,南方
上海,2024-06-15,26.629166666666666,40.24583333333333,南方
上海,2024-06-16,34.72083333333333,55.80833333333334,南方
上海,2024-06-17,24.004166666666666,40.63333333333333,南方
上海,2024-06-18,42.18333333333333,65.29583333333333,南方
上海,2024-06-19,26.2,38.012499999999996,南方
上海,2024-06-20,42.00416666666667,60.050000000000004,南方
上海,2024-06-21,53.64166666666667,76.76666666666667,南方
上海,2024-06-22,51.80416666666667,74.61666666666666,南方
上海,2024-06-23,57.020833333333336,81.68333333333334,南方
上海,2024-06-24,87.47083333333335,125.825,南方
上海,2024-06-25,69.8625,99.14583333333333,南方
上海,2024-06-26,24.7375,35.61666666666667,南方
上海,2024-06-27,51.59166666666667,73.71666666666667,南方
上海,2024-06-28,63.68333333333334,91.21666666666665,南方
上海,2024-06-29,31.358333333333334,46.90833333333333,南方
上海,2024-06-30,48.69166666666666,70.14166666666667,南方
上海,2024-07-01,45.26666666666667,65.39999999999999,南方
上海,2024-07-02,32.94166666666667,48.275,南方
上海,2024-07-03,96.81666666666666,139.0,南方
上海,2024-07-04,107.74583333333334,154.60833333333332,南方
上海,2024-07-05,86.51666666666667,124.29583333333333,南方
上海,2024-07-06,66.62083333333334,95.97500000000001,南方
上海,2024-07-07,69.54166666666667,100.60000000000001,南方
上海,2024-07-08,61.55833333333334,89.10416666666667,南方
上海,2024-07-09,53.36666666666667,77.43333333333334,南方
上海,2024-07-10,59.050000000000004,86.63333333333333,南方
上海,2024-07-11,29.537499999999998,42.420833333333334,南方
上海,2024-07-12,76.46666666666667,109.50416666666666,南方
上海,2024-07-13,84.54583333333333,121.90833333333335,南方
上海,2024-07-14,84.55,121.71249999999999,南方
上海,2024-07-15,91.39166666666667,132.40833333333333,南方
上海,2024-07-16,25.070833333333336,38.329166666666666,南方
上海,2024-07-17,49.92083333333333,73.90833333333333,南方
上海,2024-07-18,68.19166666666666,98.74166666666667,南方
上海,2024-07-19,96.375,138.6625,南方
上海,2024-07-20,46.0,68.19583333333334,南方
上海,2024-07-21,43.94583333333333,64.82083333333334,南方
上海,2024-07-22,20.6875,31.849999999999998,南方
上海,2024-07-23,17.533333333333335,27.099999999999998,南方
上海,2024-07-24,17.391666666666666,27.4875,南方
上海,2024-07-25,15.450000000000001,25.929166666666664,南方
上海,2024-07-26,14.891666666666666,24.708333333333332,南方
上海,2024-07-27,13.266666666666666,21.933333333333334,南方
上海,2024-07-28,13.775,22.3125,南方
上海,2024-07-29,19.329166666666666,29.729166666666668,南方
上海,2024-07-30,13.591666666666667,21.4375,南方
上海,2024-07-31,43.6875,64.39999999999999,南方
上海,2024-08-01,73.33749999999999,106.27499999999999,南方
上海,2024-08-02,93.33333333333333,135.05833333333334,南方
上海,2024-08-03,129.74583333333334,186.84583333333333,南方
上海,2024-08-04,90.95833333333333,132.65,南方
上海,2024-08-05,61.925000000000004,91.79166666666667,南方
上海,2024-08-06,51.275,76.31666666666666,南方
上海,2024-08-07,61.94166666666666,93.0,南方
上海,2024-08-08,67.80416666666666,99.85833333333333,南方
上海,2024-08-09,55.96666666666667,83.17916666666666,南方
上海,2024-08-10,56.2875,85.22916666666667,南方
上海,2024-08-11,76.69166666666666,114.85000000000001,南方
上海,2024-08-12,118.98333333333333,172.80416666666667,南方
上海,2024-08-13,43.70416666666667,70.72500000000001,南方
上海,2024-08-14,13.679166666666667,26.3,南方
上海,2024-08-15,16.608333333333334,29.53333333333333,南方
上海,2024-08-16,19.654166666666665,32.13333333333333,南方
上海,2024-08-17,28.47083333333333,46.04583333333333,南方
上海,2024-08-18,39.44583333333333,58.637499999999996,南方
上海,2024-08-19,35.90416666666667,53.833333333333336,南方
上海,2024-08-20,34.708333333333336,51.625,南方
上海,2024-08-21,28.224999999999998,42.141666666666666,南方
上海,2024-08-22,93.05000000000001,133.52916666666667,南方
上海,2024-08-23,78.77499999999999,115.23333333333333,南方
上海,2024-08-24,59.94583333333333,89.68333333333334,南方
上海,2024-08-25,53.479166666666664,80.55833333333334,南方
上海,2024-08-26,54.0625,79.97916666666667,南方
上海,2024-08-27,57.09583333333333,83.17916666666666,南方
上海,2024-08-28,36.37083333333333,54.88333333333333,南方
上海,2024-08-29,18.849999999999998,33.208333333333336,南方
上海,2024-08-30,37.35,59.4,南方
上海,2024-08-31,40.516666666666666,63.975,南方
上海,2024-09-01,80.47500000000001,121.85833333333333,南方
上海,2024-09-02,64.7125,98.02916666666665,南方
上海,2024-09-03,35.59583333333333,57.775,南方
上海,2024-09-04,45.85,72.03333333333333,南方
上海,2024-09-05,28.433333333333334,45.137499999999996,南方
上海,2024-09-06,30.670833333333334,50.00416666666666,南方
上海,2024-09-07,30.683333333333334,51.354166666666664,南方
上海,2024-09-08,17.966666666666665,29.445833333333336,南方
上海,2024-09-09,18.558333333333334,30.8125,南方
上海,2024-09-10,19.729166666666668,33.80416666666667,南方
上海,2024-09-11,18.45,29.675,南方
上海,2024-09-12,30.416666666666668,48.32916666666667,南方
上海,2024-09-13,38.9375,59.14166666666667,南方
上海,2024-09-14,15.858333333333334,25.087500000000002,南方
上海,2024-09-15,12.241666666666667,21.729166666666668,南方
上海,2024-09-16,13.525,21.2625,南方
上海,2024-09-17,20.170833333333334,31.854166666666668,南方
上海,2024-09-18,13.495833333333332,22.729166666666668,南方
上海,2024-09-19,10.841666666666667,18.429166666666667,南方
上海,2024-09-20,20.120833333333334,30.045833333333334,南方
上海,2024-09-21,24.15833333333333,37.670833333333334,南方
上海,2024-09-22,20.583333333333332,36.487500000000004,南方
上海,2024-09-23,26.537499999999998,42.4375,南方
上海,2024-09-24,55.30416666666667,83.46666666666667,南方
上海,2024-09-25,50.237500000000004,75.09583333333333,南方
上海,2024-09-26,21.458333333333332,37.13333333333333,南方
上海,2024-09-27,25.920833333333334,48.4625,南方
上海,2024-09-28,23.570833333333336,42.79583333333333,南方
上海,2024-09-29,18.133333333333333,34.07083333333333,南方
上海,2024-09-30,23.150000000000002,40.9,南方
上海,2024-10-01,19.216666666666665,31.175,南方
上海,2024-10-02,15.9125,28.370833333333334,南方
上海,2024-10-03,15.358333333333334,26.9875,南方
上海,2024-10-04,17.395833333333332,30.054166666666664,南方
上海,2024-10-05,15.4625,28.45,南方
上海,2024-10-06,14.941666666666668,24.804166666666664,南方
上海,2024-10-07,21.933333333333334,34.15416666666667,南方
上海,2024-10-08,29.579166666666666,46.824999999999996,南方
上海,2024-10-09,51.3375,80.16666666666667,南方
上海,2024-10-10,75.50416666666666,112.77083333333333,南方
上海,2024-10-11,71.50833333333334,112.08333333333333,南方
上海,2024-10-12,37.71666666666667,65.17083333333333,南方
上海,2024-10-13,18.945833333333333,33.541666666666664,南方
上海,2024-10-14,45.887499999999996,71.70833333333333,南方
上海,2024-10-15,30.575,46.65,南方
上海,2024-10-16,21.55,37.53333333333333,南方
上海,2024-10-17,24.47083333333333,44.25833333333333,南方
上海,2024-10-18,35.72083333333333,52.96666666666667,南方
上海,2024-10-19,21.275000000000002,33.512499999999996,南方
上海,2024-10-20,26.141666666666666,42.24583333333333,南方
上海,2024-10-21,51.87083333333333,79.69583333333334,南方
上海,2024-10-22,37.80833333333333,55.0,南方
上海,2024-10-23,35.81666666666667,55.125,南方
上海,2024-10-24,21.229166666666668,38.104166666666664,南方
上海,2024-10-25,17.320833333333333,32.800000000000004,南方
上海,2024-10-26,12.737499999999999,20.5625,南方
上海,2024-10-27,17.258333333333333,27.125,南方
上海,2024-10-28,35.00416666666667,60.625,南方
上海,2024-10-29,28.224999999999998,45.86666666666667,南方
上海,2024-10-30,19.837500000000002,35.25,南方
上海,2024-10-31,19.4375,35.987500000000004,南方
上海,2024-11-01,8.791666666666666,13.9,南方
上海,2024-11-02,48.87916666666666,84.83333333333333,南方
上海,2024-11-03,57.791666666666664,90.41250000000001,南方
上海,2024-11-04,50.862500000000004,85.60416666666667,南方
上海,2024-11-05,20.095833333333335,34.99583333333333,南方
上海,2024-11-06,22.041666666666668,36.0875,南方
上海,2024-11-07,22.150000000000002,36.8375,南方
上海,2024-11-08,19.466666666666665,33.016666666666666,南方
上海,2024-11-09,16.658333333333335,30.599999999999998,南方
上海,2024-11-10,20.483333333333334,33.699999999999996,南方
上海,2024-11-11,33.68333333333333,58.49166666666667,南方
上海,2024-11-12,42.975,67.54583333333333,南方
上海,2024-11-13,47.10833333333333,50.47083333333333,南方
上海,2024-11-14,31.954166666666666,34.275,南方
上海,2024-11-15,37.7125,38.333333333333336,南方
上海,2024-11-16,24.09166666666667,25.320833333333336,南方
上海,2024-11-17,15.791666666666666,18.466666666666665,南方
上海,2024-11-18,14.0,17.029166666666665,南方
上海,2024-11-19,26.0625,28.8125,南方
上海,2024-11-20,41.125,42.70416666666667,南方
上海,2024-11-21,74.75416666666666,75.46666666666667,南方
上海,2024-11-22,73.09583333333333,78.49166666666666,南方
上海,2024-11-23,33.6875,35.94583333333333,南方
上海,2024-11-24,40.925000000000004,43.34166666666667,南方
上海,2024-11-25,48.354166666666664,50.34166666666667,南方
上海,2024-11-26,47.10833333333333,57.05416666666667,南方
上海,2024-11-27,52.14166666666667,56.70416666666667,南方
上海,2024-11-28,57.262499999999996,63.73333333333333,南方
上海,2024-11-29,68.22500000000001,70.60416666666667,南方
上海,2024-11-30,128.62916666666666,131.27083333333334,南方
上海,2024-12-01,92.46249999999999,94.2625,南方
上海,2024-12-02,126.97916666666667,129.40416666666667,南方
上海,2024-12-03,50.45416666666667,56.75,南方
上海,2024-12-04,41.9375,48.13333333333333,南方
上海,2024-12-05,101.30416666666667,106.44166666666666,南方
上海,2024-12-06,151.86249999999998,156.69583333333335,南方
上海,2024-12-07,112.625,115.46666666666665,南方
上海,2024-12-08,36.85,38.5875,南方
上海,2024-12-09,64.09166666666667,66.65833333333333,南方
上海,2024-12-10,58.9,62.512499999999996,南方
上海,2024-12-11,53.45416666666667,55.17916666666667,南方
上海,2024-12-12,45.291666666666664,48.3125,南方
上海,2024-12-13,79.68333333333334,81.73333333333333,南方
上海,2024-12-14,64.54583333333333,65.96249999999999,南方
上海,2024-12-15,109.41666666666667,112.75,南方
上海,2024-12-16,163.1,165.30416666666667,南方
上海,2024-12-17,168.57083333333335,171.1625,南方
上海,2024-12-18,56.37916666666666,58.85,南方
上海,2024-12-19,52.92083333333333,55.32083333333333,南方
上海,2024-12-20,139.67083333333332,142.67499999999998,南方
上海,2024-12-21,96.71666666666665,101.25,南方
上海,2024-12-22,56.12916666666666,59.362500000000004,南方
上海,2024-12-23,50.1625,53.38333333333333,南方
上海,2024-12-24,63.75,68.05416666666666,南方
上海,2024-12-25,117.11666666666667,122.33749999999999,南方
上海,2024-12-26,104.38333333333333,107.16250000000001,南方
上海,2024-12-27,69.45416666666667,72.45,南方
上海,2024-12-28,87.16666666666667,89.38333333333333,南方
上海,2024-12-29,130.01250000000002,132.6625,南方
上海,2024-12-30,87.92083333333333,89.75833333333333,南方
上海,2024-12-31,91.57916666666667,99.72083333333335,南方
乌鲁木齐,2022-08-04,22.65,59.9625,北方
乌鲁木齐,2022-08-05,21.870833333333334,53.52916666666667,北方
乌鲁木齐,2022-08-06,24.641666666666666,55.5,北方
乌鲁木齐,2022-08-07,26.2625,48.125,北方
乌鲁木齐,2022-08-08,31.8625,76.56666666666666,北方
乌鲁木齐,2022-08-09,27.866666666666664,81.15416666666667,北方
乌鲁木齐,2022-08-10,32.7875,97.575,北方
乌鲁木齐,2022-08-11,26.091666666666665,62.9625,北方
乌鲁木齐,2022-08-12,26.070833333333336,59.512499999999996,北方
乌鲁木齐,2022-08-13,18.474999999999998,29.683333333333334,北方
乌鲁木齐,2022-08-14,19.925,33.233333333333334,北方
乌鲁木齐,2022-08-15,27.59583333333333,44.324999999999996,北方
乌鲁木齐,2022-08-16,23.429166666666664,48.979166666666664,北方
乌鲁木齐,2022-08-17,20.120833333333334,51.762499999999996,北方
乌鲁木齐,2022-08-18,22.7625,39.395833333333336,北方
乌鲁木齐,2022-08-19,24.979166666666668,54.675000000000004,北方
乌鲁木齐,2022-08-20,14.275,46.199999999999996,北方
乌鲁木齐,2022-08-21,14.758333333333333,31.083333333333332,北方
乌鲁木齐,2022-08-22,26.8625,54.61666666666667,北方
乌鲁木齐,2022-08-23,21.912499999999998,39.65416666666667,北方
乌鲁木齐,2022-08-24,22.97083333333333,42.65,北方
乌鲁木齐,2022-08-25,28.6375,48.1625,北方
乌鲁木齐,2022-08-26,29.3125,49.12916666666666,北方
乌鲁木齐,2022-08-27,18.154166666666665,39.875,北方
乌鲁木齐,2022-08-28,16.033333333333335,33.204166666666666,北方
乌鲁木齐,2022-08-29,19.787499999999998,35.62916666666667,北方
乌鲁木齐,2022-08-30,23.604166666666668,45.57083333333333,北方
乌鲁木齐,2022-08-31,21.954166666666666,42.89166666666667,北方
乌鲁木齐,2022-09-01,18.375,36.00416666666667,北方
乌鲁木齐,2022-09-02,14.012500000000001,30.495833333333334,北方
乌鲁木齐,2022-09-03,13.841666666666667,33.7875,北方
乌鲁木齐,2022-09-04,15.466666666666667,31.787499999999998,北方
乌鲁木齐,2022-09-05,21.183333333333334,38.4625,北方
乌鲁木齐,2022-09-06,23.3125,43.75416666666666,北方
乌鲁木齐,2022-09-07,20.099999999999998,35.020833333333336,北方
乌鲁木齐,2022-09-08,19.325,33.13333333333333,北方
乌鲁木齐,2022-09-09,29.291666666666668,67.46249999999999,北方
乌鲁木齐,2022-09-10,28.770833333333332,60.666666666666664,北方
乌鲁木齐,2022-09-11,28.974999999999998,60.77916666666667,北方
乌鲁木齐,2022-09-12,35.24583333333333,148.98749999999998,北方
乌鲁木齐,2022-09-13,25.483333333333334,56.25833333333333,北方
乌鲁木齐,2022-09-14,20.329166666666666,39.62083333333333,北方
乌鲁木齐,2022-09-15,17.604166666666668,42.84583333333333,北方
乌鲁木齐,2022-09-16,27.170833333333334,52.84583333333333,北方
乌鲁木齐,2022-09-17,25.6375,48.03333333333333,北方
乌鲁木齐,2022-09-18,27.40416666666667,46.2125,北方
乌鲁木齐,2022-09-19,28.945833333333336,47.84166666666667,北方
乌鲁木齐,2022-09-20,33.574999999999996,54.525,北方
乌鲁木齐,2022-09-21,30.8125,52.34583333333333,北方
乌鲁木齐,2022-09-22,38.4125,61.199999999999996,北方
乌鲁木齐,2022-09-23,29.733333333333334,56.49166666666667,北方
乌鲁木齐,2022-09-24,32.44166666666667,58.09583333333333,北方
乌鲁木齐,2022-09-25,35.670833333333334,64.16250000000001,北方
乌鲁木齐,2022-09-26,29.054166666666664,55.225,北方
乌鲁木齐,2022-09-27,22.791666666666668,47.166666666666664,北方
乌鲁木齐,2022-09-28,26.84583333333333,58.87916666666666,北方
乌鲁木齐,2022-09-29,23.383333333333336,40.86666666666667,北方
乌鲁木齐,2022-09-30,10.266666666666667,19.954166666666666,北方
乌鲁木齐,2022-10-01,9.070833333333333,16.991666666666667,北方
乌鲁木齐,2022-10-02,17.462500000000002,33.4,北方
乌鲁木齐,2022-10-03,35.59166666666667,70.63333333333334,北方
乌鲁木齐,2022-10-04,33.87083333333333,66.15833333333333,北方
乌鲁木齐,2022-10-05,41.75833333333333,71.46666666666667,北方
乌鲁木齐,2022-10-06,30.429166666666664,47.62083333333334,北方
乌鲁木齐,2022-10-07,27.329166666666666,42.958333333333336,北方
乌鲁木齐,2022-10-08,36.362500000000004,58.82916666666667,北方
乌鲁木齐,2022-10-09,34.895833333333336,58.14166666666667,北方
乌鲁木齐,2022-10-10,35.225,80.64166666666667,北方
乌鲁木齐,2022-10-11,28.916666666666668,55.1625,北方
乌鲁木齐,2022-10-12,22.179166666666664,35.97083333333333,北方
乌鲁木齐,2022-10-13,49.487500000000004,74.83749999999999,北方
乌鲁木齐,2022-10-14,48.362500000000004,80.6875,北方
乌鲁木齐,2022-10-15,40.40833333333333,63.60833333333333,北方
乌鲁木齐,2022-10-16,50.824999999999996,79.22916666666667,北方
乌鲁木齐,2022-10-17,52.3125,84.21249999999999,北方
乌鲁木齐,2022-10-18,43.395833333333336,75.2,北方
乌鲁木齐,2022-10-19,41.4625,67.22916666666667,北方
乌鲁木齐,2022-10-20,32.6875,48.987500000000004,北方
乌鲁木齐,2022-10-21,41.25833333333333,67.175,北方
乌鲁木齐,2022-10-22,49.387499999999996,75.875,北方
乌鲁木齐,2022-10-23,50.49583333333334,85.11666666666666,北方
乌鲁木齐,2022-10-24,22.420833333333334,63.35833333333333,北方
乌鲁木齐,2022-10-25,21.662499999999998,36.016666666666666,北方
乌鲁木齐,2022-10-26,30.183333333333334,51.11666666666667,北方
乌鲁木齐,2022-10-27,44.9,74.66250000000001,北方
乌鲁木齐,2022-10-28,26.891666666666666,49.225,北方
乌鲁木齐,2022-10-29,15.049999999999999,26.337500000000002,北方
乌鲁木齐,2022-10-30,57.237500000000004,98.87083333333334,北方
乌鲁木齐,2022-10-31,45.14166666666667,81.4375,北方
乌鲁木齐,2022-11-01,39.40416666666667,61.34583333333333,北方
乌鲁木齐,2022-11-02,51.725,82.88333333333334,北方
乌鲁木齐,2022-11-03,46.88333333333333,77.0125,北方
乌鲁木齐,2022-11-04,44.9625,74.54166666666667,北方
乌鲁木齐,2022-11-05,57.90833333333333,97.04166666666667,北方
乌鲁木齐,2022-11-06,67.47916666666667,107.36666666666667,北方
乌鲁木齐,2022-11-07,69.51666666666667,107.72083333333335,北方
乌鲁木齐,2022-11-08,57.48333333333333,92.38333333333333,北方
乌鲁木齐,2022-11-09,26.670833333333334,53.30833333333334,北方
乌鲁木齐,2022-11-10,22.820833333333336,34.708333333333336,北方
乌鲁木齐,2022-11-11,33.4375,52.30416666666667,北方
乌鲁木齐,2022-11-12,69.22083333333333,105.42083333333333,北方
乌鲁木齐,2022-11-13,75.55833333333334,111.375,北方
乌鲁木齐,2022-11-14,65.0,98.29166666666667,北方
乌鲁木齐,2022-11-15,64.35416666666667,98.04166666666667,北方
乌鲁木齐,2022-11-16,69.07916666666667,107.52499999999999,北方
乌鲁木齐,2022-11-17,41.354166666666664,69.65416666666667,北方
乌鲁木齐,2022-11-18,40.19166666666667,59.09166666666667,北方
乌鲁木齐,2022-11-19,41.02916666666667,59.55833333333334,北方
乌鲁木齐,2022-11-20,68.64999999999999,99.8625,北方
乌鲁木齐,2022-11-21,65.52499999999999,98.17916666666667,北方
乌鲁木齐,2022-11-22,69.34166666666667,99.37916666666666,北方
乌鲁木齐,2022-11-23,54.02916666666667,77.8625,北方
乌鲁木齐,2022-11-24,30.599999999999998,43.82083333333333,北方
乌鲁木齐,2022-11-25,32.56666666666667,46.666666666666664,北方
乌鲁木齐,2022-11-26,30.391666666666666,44.30833333333334,北方
乌鲁木齐,2022-11-27,23.941666666666666,34.37916666666667,北方
乌鲁木齐,2022-11-28,56.04583333333333,80.45833333333333,北方
乌鲁木齐,2022-11-29,59.74166666666667,86.18333333333334,北方
乌鲁木齐,2022-11-30,58.90833333333333,84.94166666666666,北方
乌鲁木齐,2022-12-01,53.51666666666667,77.16666666666667,北方
乌鲁木齐,2022-12-02,79.42083333333333,115.53333333333335,北方
乌鲁木齐,2022-12-03,58.75833333333333,84.84583333333333,北方
乌鲁木齐,2022-12-04,32.94166666666667,47.270833333333336,北方
乌鲁木齐,2022-12-05,59.0375,84.95416666666667,北方
乌鲁木齐,2022-12-06,71.3625,102.70833333333333,北方
乌鲁木齐,2022-12-07,57.137499999999996,81.93333333333334,北方
乌鲁木齐,2022-12-08,63.375,90.7,北方
乌鲁木齐,2022-12-09,39.93333333333333,57.125,北方
乌鲁木齐,2022-12-10,73.53333333333333,105.45833333333333,北方
乌鲁木齐,2022-12-11,117.075,167.29166666666666,北方
乌鲁木齐,2022-12-12,128.40833333333333,183.47916666666666,北方
乌鲁木齐,2022-12-13,96.02916666666665,137.17499999999998,北方
乌鲁木齐,2022-12-14,0.575,0.8166666666666668,北方
乌鲁木齐,2022-12-15,0.6791666666666667,0.9416666666666668,北方
乌鲁木齐,2022-12-16,75.07916666666667,107.40833333333335,北方
乌鲁木齐,2022-12-17,107.76666666666667,155.84166666666667,北方
乌鲁木齐,2022-12-18,147.75416666666666,213.14166666666665,北方
乌鲁木齐,2022-12-19,157.47083333333333,225.5,北方
乌鲁木齐,2022-12-20,100.75833333333333,144.07916666666668,北方
乌鲁木齐,2022-12-21,110.67916666666667,158.95416666666668,北方
乌鲁木齐,2022-12-22,171.9625,247.82500000000002,北方
乌鲁木齐,2022-12-23,116.08333333333333,166.1625,北方
乌鲁木齐,2022-12-24,130.60833333333332,186.6916666666667,北方
乌鲁木齐,2022-12-25,190.2458333333333,272.15833333333336,北方
乌鲁木齐,2022-12-26,201.09166666666667,287.5125,北方
乌鲁木齐,2022-12-27,168.65,241.24166666666667,北方
乌鲁木齐,2022-12-28,126.75833333333333,181.5583333333333,北方
乌鲁木齐,2022-12-29,154.87083333333334,222.15416666666667,北方
乌鲁木齐,2022-12-30,191.65,274.8666666666667,北方
乌鲁木齐,2022-12-31,210.0583333333333,300.8541666666667,北方
乌鲁木齐,2023-01-01,162.40833333333333,232.29583333333335,北方
乌鲁木齐,2023-01-02,117.90833333333335,170.67916666666667,北方
乌鲁木齐,2023-01-03,104.32083333333333,150.22083333333333,北方
乌鲁木齐,2023-01-04,128.93333333333334,187.1625,北方
乌鲁木齐,2023-01-05,121.7625,175.09166666666667,北方
乌鲁木齐,2023-01-06,96.4375,140.025,北方
乌鲁木齐,2023-01-07,168.29999999999998,241.87083333333337,北方
乌鲁木齐,2023-01-08,94.92916666666667,136.89166666666668,北方
乌鲁木齐,2023-01-09,102.10000000000001,148.20000000000002,北方
乌鲁木齐,2023-01-10,97.05,142.58333333333334,北方
乌鲁木齐,2023-01-11,34.295833333333334,49.39166666666667,北方
乌鲁木齐,2023-01-12,45.75,65.39583333333333,北方
乌鲁木齐,2023-01-13,108.34166666666665,154.86249999999998,北方
乌鲁木齐,2023-01-14,174.02083333333334,248.74166666666667,北方
乌鲁木齐,2023-01-15,247.67083333333332,353.8125,北方
乌鲁木齐,2023-01-16,221.85,317.17083333333335,北方
乌鲁木齐,2023-01-17,229.61249999999998,328.1041666666667,北方
乌鲁木齐,2023-01-18,215.0875,307.40000000000003,北方
乌鲁木齐,2023-01-19,216.55416666666667,309.55,北方
乌鲁木齐,2023-01-20,178.82916666666665,255.54166666666666,北方
乌鲁木齐,2023-01-21,149.95000000000002,214.44583333333333,北方
乌鲁木齐,2023-01-22,120.28333333333335,171.88333333333333,北方
乌鲁木齐,2023-01-23,92.25416666666666,131.99583333333334,北方
乌鲁木齐,2023-01-24,166.49583333333334,238.19583333333333,北方
乌鲁木齐,2023-01-25,207.04166666666666,296.3041666666667,北方
乌鲁木齐,2023-01-26,157.92499999999998,226.0,北方
乌鲁木齐,2023-01-27,105.09583333333335,150.7125,北方
乌鲁木齐,2023-01-28,146.03333333333333,209.73333333333335,北方
乌鲁木齐,2023-01-29,122.07916666666667,175.26666666666665,北方
乌鲁木齐,2023-01-30,169.14166666666668,243.29583333333335,北方
乌鲁木齐,2023-01-31,137.40416666666667,197.52083333333334,北方
乌鲁木齐,2023-02-01,126.00833333333333,181.94583333333333,北方
乌鲁木齐,2023-02-02,116.64166666666667,170.22916666666666,北方
乌鲁木齐,2023-02-03,100.74583333333334,145.28333333333333,北方
乌鲁木齐,2023-02-04,146.71666666666667,213.1,北方
乌鲁木齐,2023-02-05,171.42083333333335,247.75833333333333,北方
乌鲁木齐,2023-02-06,66.77916666666667,96.01666666666667,北方
乌鲁木齐,2023-02-07,99.875,144.59583333333333,北方
乌鲁木齐,2023-02-08,58.1,83.5625,北方
乌鲁木齐,2023-02-09,48.17916666666667,69.82083333333334,北方
乌鲁木齐,2023-02-10,71.05833333333334,104.31666666666666,北方
乌鲁木齐,2023-02-11,48.137499999999996,69.46666666666667,北方
乌鲁木齐,2023-02-12,56.7875,81.9875,北方
乌鲁木齐,2023-02-13,81.33333333333333,118.675,北方
乌鲁木齐,2023-02-14,32.012499999999996,46.5375,北方
乌鲁木齐,2023-02-15,43.62083333333334,63.15416666666667,北方
乌鲁木齐,2023-02-16,40.725,59.025,北方
乌鲁木齐,2023-02-17,70.31666666666666,101.66250000000001,北方
乌鲁木齐,2023-02-18,57.00833333333333,81.95833333333333,北方
乌鲁木齐,2023-02-19,66.49166666666666,95.64999999999999,北方
乌鲁木齐,2023-02-20,84.01666666666667,122.25,北方
乌鲁木齐,2023-02-21,95.85416666666667,139.24583333333334,北方
乌鲁木齐,2023-02-22,86.30833333333334,125.77499999999999,北方
乌鲁木齐,2023-02-23,99.32916666666667,144.49166666666667,北方
乌鲁木齐,2023-02-24,84.82916666666667,126.51666666666667,北方
乌鲁木齐,2023-02-25,67.4625,102.825,北方
乌鲁木齐,2023-02-26,52.35833333333334,87.59583333333335,北方
乌鲁木齐,2023-02-27,36.0875,53.21666666666667,北方
乌鲁木齐,2023-02-28,71.16250000000001,140.63750000000002,北方
乌鲁木齐,2023-03-01,80.57083333333334,138.11666666666667,北方
乌鲁木齐,2023-03-02,77.14583333333333,119.32083333333333,北方
乌鲁木齐,2023-03-03,77.77083333333333,122.3625,北方
乌鲁木齐,2023-03-04,81.45,139.92916666666667,北方
乌鲁木齐,2023-03-05,94.91250000000001,150.57500000000002,北方
乌鲁木齐,2023-03-06,62.97083333333333,107.97083333333335,北方
乌鲁木齐,2023-03-07,58.75833333333333,93.02083333333333,北方
乌鲁木齐,2023-03-08,79.33333333333333,116.17083333333333,北方
乌鲁木齐,2023-03-09,50.262499999999996,110.59166666666665,北方
乌鲁木齐,2023-03-10,34.875,65.88333333333334,北方
乌鲁木齐,2023-03-11,62.574999999999996,95.82083333333333,北方
乌鲁木齐,2023-03-12,65.39583333333333,106.37083333333334,北方
乌鲁木齐,2023-03-13,51.13333333333333,88.30833333333334,北方
乌鲁木齐,2023-03-14,29.7375,49.025,北方
乌鲁木齐,2023-03-15,35.483333333333334,53.23333333333333,北方
乌鲁木齐,2023-03-16,40.42916666666667,62.137499999999996,北方
乌鲁木齐,2023-03-17,53.145833333333336,85.58749999999999,北方
乌鲁木齐,2023-03-18,60.975,100.35833333333333,北方
乌鲁木齐,2023-03-19,19.066666666666666,40.34166666666667,北方
乌鲁木齐,2023-03-20,19.858333333333334,50.45416666666667,北方
乌鲁木齐,2023-03-21,20.2625,46.52916666666667,北方
乌鲁木齐,2023-03-22,45.225,85.79166666666667,北方
乌鲁木齐,2023-03-23,46.67916666666667,86.4875,北方
乌鲁木齐,2023-03-24,59.2125,91.375,北方
乌鲁木齐,2023-03-25,49.887499999999996,78.45416666666667,北方
乌鲁木齐,2023-03-26,57.99166666666667,87.32916666666667,北方
乌鲁木齐,2023-03-27,52.729166666666664,84.00833333333334,北方
乌鲁木齐,2023-03-28,29.270833333333332,70.48333333333333,北方
乌鲁木齐,2023-03-29,38.49583333333333,65.75416666666666,北方
乌鲁木齐,2023-03-30,42.762499999999996,73.05,北方
乌鲁木齐,2023-03-31,29.212500000000002,60.041666666666664,北方
乌鲁木齐,2023-04-01,18.091666666666665,76.40416666666667,北方
乌鲁木齐,2023-04-02,19.254166666666666,62.11666666666667,北方
乌鲁木齐,2023-04-03,19.912499999999998,58.854166666666664,北方
乌鲁木齐,2023-04-04,21.34166666666667,36.775,北方
乌鲁木齐,2023-04-05,55.0,86.0,北方
乌鲁木齐,2023-04-06,51.479166666666664,84.30833333333334,北方
乌鲁木齐,2023-04-07,38.52916666666667,70.9875,北方
乌鲁木齐,2023-04-08,38.704166666666666,76.5125,北方
乌鲁木齐,2023-04-09,34.19166666666667,61.00416666666667,北方
乌鲁木齐,2023-04-10,23.141666666666666,38.80833333333333,北方
乌鲁木齐,2023-04-11,44.89166666666667,81.72916666666667,北方
乌鲁木齐,2023-04-12,13.616666666666667,37.637499999999996,北方
乌鲁木齐,2023-04-13,19.245833333333334,40.15833333333333,北方
乌鲁木齐,2023-04-14,33.9125,61.73333333333333,北方
乌鲁木齐,2023-04-15,53.71666666666667,87.1875,北方
乌鲁木齐,2023-04-16,23.241666666666664,59.12916666666666,北方
乌鲁木齐,2023-04-17,19.295833333333334,39.44166666666667,北方
乌鲁木齐,2023-04-18,13.158333333333333,38.4375,北方
乌鲁木齐,2023-04-19,23.891666666666666,93.24583333333334,北方
乌鲁木齐,2023-04-20,23.52916666666667,42.40416666666667,北方
乌鲁木齐,2023-04-21,30.625,54.68333333333334,北方
乌鲁木齐,2023-04-22,32.5375,68.35000000000001,北方
乌鲁木齐,2023-04-23,28.474999999999998,61.041666666666664,北方
乌鲁木齐,2023-04-24,38.27916666666667,60.51666666666667,北方
乌鲁木齐,2023-04-25,33.925000000000004,70.85416666666667,北方
乌鲁木齐,2023-04-26,16.733333333333334,62.82083333333333,北方
乌鲁木齐,2023-04-27,14.158333333333333,39.15416666666667,北方
乌鲁木齐,2023-04-28,25.729166666666668,43.44166666666666,北方
乌鲁木齐,2023-04-29,37.19583333333333,62.833333333333336,北方
乌鲁木齐,2023-04-30,31.03333333333333,74.57083333333334,北方
乌鲁木齐,2023-05-01,24.066666666666666,58.025,北方
乌鲁木齐,2023-05-02,23.233333333333334,86.14166666666667,北方
乌鲁木齐,2023-05-03,21.3875,62.800000000000004,北方
乌鲁木齐,2023-05-04,25.400000000000002,70.74166666666666,北方
乌鲁木齐,2023-05-05,23.65416666666667,54.12916666666666,北方
乌鲁木齐,2023-05-06,21.825,40.80833333333333,北方
乌鲁木齐,2023-05-07,26.166666666666668,47.93333333333334,北方
乌鲁木齐,2023-05-08,29.941666666666666,51.30416666666667,北方
乌鲁木齐,2023-05-09,22.458333333333332,47.9625,北方
乌鲁木齐,2023-05-10,18.854166666666668,35.49583333333333,北方
乌鲁木齐,2023-05-11,26.270833333333332,43.69583333333333,北方
乌鲁木齐,2023-05-12,30.53333333333333,65.22916666666667,北方
乌鲁木齐,2023-05-13,31.162499999999998,72.66250000000001,北方
乌鲁木齐,2023-05-14,26.0625,57.96666666666667,北方
乌鲁木齐,2023-05-15,21.59583333333333,45.25,北方
乌鲁木齐,2023-05-16,26.133333333333336,50.52916666666667,北方
乌鲁木齐,2023-05-17,32.55833333333333,63.59583333333333,北方
乌鲁木齐,2023-05-18,24.291666666666668,44.07916666666667,北方
乌鲁木齐,2023-05-19,23.2,51.416666666666664,北方
乌鲁木齐,2023-05-20,28.25,55.512499999999996,北方
乌鲁木齐,2023-05-21,30.6875,58.725,北方
乌鲁木齐,2023-05-22,29.90416666666667,61.479166666666664,北方
乌鲁木齐,2023-05-23,14.1625,42.333333333333336,北方
乌鲁木齐,2023-05-24,14.529166666666667,35.916666666666664,北方
乌鲁木齐,2023-05-25,23.599999999999998,58.81666666666666,北方
乌鲁木齐,2023-05-26,20.120833333333334,47.19583333333333,北方
乌鲁木齐,2023-05-27,16.020833333333332,39.4125,北方
乌鲁木齐,2023-05-28,26.349999999999998,59.958333333333336,北方
乌鲁木齐,2023-05-29,23.45,66.95,北方
乌鲁木齐,2023-05-30,15.029166666666667,34.18333333333333,北方
乌鲁木齐,2023-05-31,23.9375,47.1875,北方
乌鲁木齐,2023-06-01,20.0,40.0875,北方
乌鲁木齐,2023-06-02,19.541666666666668,40.670833333333334,北方
乌鲁木齐,2023-06-03,14.454166666666666,25.754166666666666,北方
乌鲁木齐,2023-06-04,16.325,26.7,北方
乌鲁木齐,2023-06-05,17.845833333333335,31.004166666666666,北方
乌鲁木齐,2023-06-06,19.2,31.837500000000002,北方
乌鲁木齐,2023-06-07,18.087500000000002,35.791666666666664,北方
乌鲁木齐,2023-06-08,22.129166666666666,63.5625,北方
乌鲁木齐,2023-06-09,24.579166666666666,53.29583333333333,北方
乌鲁木齐,2023-06-10,16.691666666666666,29.504166666666666,北方
乌鲁木齐,2023-06-11,18.3875,43.925000000000004,北方
乌鲁木齐,2023-06-12,28.254166666666666,120.64166666666667,北方
乌鲁木齐,2023-06-13,26.795833333333334,56.04583333333333,北方
乌鲁木齐,2023-06-14,29.566666666666666,66.74166666666666,北方
乌鲁木齐,2023-06-15,34.84583333333333,73.625,北方
乌鲁木齐,2023-06-16,28.741666666666664,70.39166666666667,北方
乌鲁木齐,2023-06-17,27.620833333333334,47.9625,北方
乌鲁木齐,2023-06-18,24.45,41.99583333333333,北方
乌鲁木齐,2023-06-19,30.59166666666667,56.725,北方
乌鲁木齐,2023-06-20,29.275000000000002,64.83333333333333,北方
乌鲁木齐,2023-06-21,27.258333333333336,64.7375,北方
乌鲁木齐,2023-06-22,21.029166666666665,43.2875,北方
乌鲁木齐,2023-06-23,21.525000000000002,52.54583333333333,北方
乌鲁木齐,2023-06-24,26.34166666666667,67.42083333333333,北方
乌鲁木齐,2023-06-25,18.966666666666665,37.5625,北方
乌鲁木齐,2023-06-26,19.108333333333334,45.54583333333333,北方
乌鲁木齐,2023-06-27,16.195833333333333,37.8375,北方
乌鲁木齐,2023-06-28,114.69583333333333,497.825,北方
乌鲁木齐,2023-06-29,38.291666666666664,224.25,北方
乌鲁木齐,2023-06-30,25.462500000000002,107.97916666666667,北方
乌鲁木齐,2023-07-01,36.125,173.3125,北方
乌鲁木齐,2023-07-02,43.46666666666667,291.1666666666667,北方
乌鲁木齐,2023-07-03,97.76666666666667,432.56666666666666,北方
乌鲁木齐,2023-07-04,106.125,525.1666666666666,北方
乌鲁木齐,2023-07-05,40.395833333333336,252.26666666666668,北方
乌鲁木齐,2023-07-06,38.46666666666667,221.0625,北方
乌鲁木齐,2023-07-07,28.84166666666667,167.57916666666668,北方
乌鲁木齐,2023-07-08,29.325,140.97916666666666,北方
乌鲁木齐,2023-07-09,21.991666666666664,88.04166666666667,北方
乌鲁木齐,2023-07-10,20.4875,63.80416666666667,北方
乌鲁木齐,2023-07-11,32.52916666666667,209.45416666666665,北方
乌鲁木齐,2023-07-12,57.300000000000004,330.68333333333334,北方
乌鲁木齐,2023-07-13,93.97500000000001,419.5625,北方
乌鲁木齐,2023-07-14,81.27916666666667,399.3208333333334,北方
乌鲁木齐,2023-07-15,81.07083333333334,414.95416666666665,北方
乌鲁木齐,2023-07-16,57.21666666666667,325.9291666666667,北方
乌鲁木齐,2023-07-17,20.295833333333334,130.875,北方
乌鲁木齐,2023-07-18,22.745833333333334,122.27916666666665,北方
乌鲁木齐,2023-07-19,49.645833333333336,275.175,北方
乌鲁木齐,2023-07-20,61.9375,370.95,北方
乌鲁木齐,2023-07-21,19.604166666666668,68.875,北方
乌鲁木齐,2023-07-22,35.487500000000004,203.60833333333335,北方
乌鲁木齐,2023-07-23,66.12916666666666,336.27500000000003,北方
乌鲁木齐,2023-07-24,36.1,219.65,北方
乌鲁木齐,2023-07-25,48.020833333333336,288.42083333333335,北方
乌鲁木齐,2023-07-26,89.05416666666667,397.8541666666667,北方
乌鲁木齐,2023-07-27,99.97083333333335,461.71250000000003,北方
乌鲁木齐,2023-07-28,43.36666666666667,295.23333333333335,北方
乌鲁木齐,2023-07-29,28.5625,95.3875,北方
乌鲁木齐,2023-07-30,16.804166666666667,60.96666666666667,北方
乌鲁木齐,2023-07-31,90.62916666666666,415.0125,北方
乌鲁木齐,2023-08-01,112.9875,556.1458333333334,北方
乌鲁木齐,2023-08-02,62.487500000000004,335.5,北方
乌鲁木齐,2023-08-03,70.73333333333333,389.2375,北方
乌鲁木齐,2023-08-04,85.95,413.52500000000003,北方
乌鲁木齐,2023-08-05,68.86666666666666,382.8666666666666,北方
乌鲁木齐,2023-08-06,71.7,370.6125,北方
乌鲁木齐,2023-08-07,73.40416666666667,372.74583333333334,北方
乌鲁木齐,2023-08-08,39.06666666666667,160.82500000000002,北方
乌鲁木齐,2023-08-09,30.566666666666666,136.25833333333333,北方
乌鲁木齐,2023-08-10,29.929166666666664,174.09166666666667,北方
乌鲁木齐,2023-08-11,92.9875,453.06666666666666,北方
乌鲁木齐,2023-08-12,33.86666666666667,207.66666666666666,北方
乌鲁木齐,2023-08-13,22.633333333333336,119.85416666666667,北方
乌鲁木齐,2023-08-14,35.13333333333333,214.58333333333334,北方
乌鲁木齐,2023-08-15,14.225,41.80416666666667,北方
乌鲁木齐,2023-08-16,39.15,236.4625,北方
乌鲁木齐,2023-08-17,42.35,223.0375,北方
乌鲁木齐,2023-08-18,94.81666666666666,407.35833333333335,北方
乌鲁木齐,2023-08-19,56.479166666666664,275.5708333333333,北方
乌鲁木齐,2023-08-20,74.33333333333333,389.5541666666666,北方
乌鲁木齐,2023-08-21,76.47916666666667,379.3958333333333,北方
乌鲁木齐,2023-08-22,51.208333333333336,278.52500000000003,北方
乌鲁木齐,2023-08-23,33.49583333333333,191.91666666666666,北方
乌鲁木齐,2023-08-24,53.24583333333334,280.1166666666667,北方
乌鲁木齐,2023-08-25,57.98333333333333,316.95,北方
乌鲁木齐,2023-08-26,98.325,473.33750000000003,北方
乌鲁木齐,2023-08-27,109.43333333333334,473.73749999999995,北方
乌鲁木齐,2023-08-28,114.83749999999999,614.0500000000001,北方
乌鲁木齐,2023-08-29,31.212500000000002,181.0625,北方
乌鲁木齐,2023-08-30,24.083333333333332,97.6875,北方
乌鲁木齐,2023-08-31,74.39166666666667,351.78749999999997,北方
乌鲁木齐,2023-09-01,44.87916666666666,236.24166666666667,北方
乌鲁木齐,2023-09-02,25.5625,141.17916666666667,北方
乌鲁木齐,2023-09-03,21.354166666666668,125.00833333333333,北方
乌鲁木齐,2023-09-04,70.37083333333334,372.53749999999997,北方
乌鲁木齐,2023-09-05,19.400000000000002,50.89166666666667,北方
乌鲁木齐,2023-09-06,14.633333333333333,64.52083333333333,北方
乌鲁木齐,2023-09-07,79.30833333333334,313.8041666666667,北方
乌鲁木齐,2023-09-08,96.91666666666667,395.6041666666667,北方
乌鲁木齐,2023-09-09,23.204166666666666,105.96249999999999,北方
乌鲁木齐,2023-09-10,57.675000000000004,251.59166666666667,北方
乌鲁木齐,2023-09-11,91.80833333333334,352.6125,北方
乌鲁木齐,2023-09-12,101.17916666666667,488.4375,北方
乌鲁木齐,2023-09-13,29.520833333333332,82.94583333333334,北方
乌鲁木齐,2023-09-14,26.8,95.89583333333333,北方
乌鲁木齐,2023-09-15,14.754166666666668,23.633333333333336,北方
乌鲁木齐,2023-09-16,15.058333333333332,56.979166666666664,北方
乌鲁木齐,2023-09-17,31.983333333333334,135.96666666666667,北方
乌鲁木齐,2023-09-18,33.387499999999996,142.23333333333332,北方
乌鲁木齐,2023-09-19,45.00833333333333,200.53333333333333,北方
乌鲁木齐,2023-09-20,85.10833333333333,336.65000000000003,北方
乌鲁木齐,2023-09-21,20.1125,52.7125,北方
乌鲁木齐,2023-09-22,14.479166666666666,42.7875,北方
乌鲁木齐,2023-09-23,20.220833333333335,65.89583333333333,北方
乌鲁木齐,2023-09-24,48.3125,211.84583333333333,北方
乌鲁木齐,2023-09-25,11.979166666666666,32.1625,北方
乌鲁木齐,2023-09-26,80.02499999999999,353.07916666666665,北方
乌鲁木齐,2023-09-27,27.320833333333336,132.33333333333334,北方
乌鲁木齐,2023-09-28,37.44166666666667,135.46666666666667,北方
乌鲁木齐,2023-09-29,47.8125,228.67083333333335,北方
乌鲁木齐,2023-09-30,50.64166666666667,234.3375,北方
乌鲁木齐,2023-10-01,21.829166666666666,74.09166666666667,北方
乌鲁木齐,2023-10-02,91.32083333333333,325.19166666666666,北方
乌鲁木齐,2023-10-03,123.37083333333334,470.175,北方
乌鲁木齐,2023-10-04,29.670833333333334,144.26250000000002,北方
乌鲁木齐,2023-10-05,24.224999999999998,86.95,北方
乌鲁木齐,2023-10-06,132.375,493.14166666666665,北方
乌鲁木齐,2023-10-07,127.79166666666667,514.7583333333333,北方
乌鲁木齐,2023-10-08,69.74583333333332,313.15416666666664,北方
乌鲁木齐,2023-10-09,49.31666666666666,232.05416666666667,北方
乌鲁木齐,2023-10-10,80.43333333333334,358.22499999999997,北方
乌鲁木齐,2023-10-11,69.0625,321.7208333333333,北方
乌鲁木齐,2023-10-12,157.0,719.0333333333333,北方
乌鲁木齐,2023-10-13,166.10833333333332,698.775,北方
乌鲁木齐,2023-10-14,74.25,382.9583333333333,北方
乌鲁木齐,2023-10-15,18.212500000000002,96.99583333333334,北方
乌鲁木齐,2023-10-16,28.691666666666666,126.74166666666667,北方
乌鲁木齐,2023-10-17,20.229166666666668,86.72083333333335,北方
乌鲁木齐,2023-10-18,82.80833333333334,342.5416666666667,北方
乌鲁木齐,2023-10-19,87.65416666666668,319.71666666666664,北方
乌鲁木齐,2023-10-20,156.90416666666667,590.5458333333333,北方
乌鲁木齐,2023-10-21,140.4125,544.4583333333334,北方
乌鲁木齐,2023-10-22,146.71666666666667,619.2333333333333,北方
乌鲁木齐,2023-10-23,123.02083333333333,534.5416666666666,北方
乌鲁木齐,2023-10-24,20.233333333333334,76.125,北方
乌鲁木齐,2023-10-25,41.36666666666667,146.26666666666668,北方
乌鲁木齐,2023-10-26,88.55416666666667,312.0833333333333,北方
乌鲁木齐,2023-10-27,68.97500000000001,299.6375,北方
乌鲁木齐,2023-10-28,16.704166666666666,55.137499999999996,北方
乌鲁木齐,2023-10-29,39.550000000000004,150.32500000000002,北方
乌鲁木齐,2023-10-30,119.92083333333333,425.31666666666666,北方
乌鲁木齐,2023-10-31,175.7541666666667,636.4958333333333,北方
乌鲁木齐,2023-11-01,12.625,35.65416666666666,北方
乌鲁木齐,2023-11-02,32.56666666666667,83.31666666666666,北方
乌鲁木齐,2023-11-03,79.40833333333333,328.45,北方
乌鲁木齐,2023-11-04,18.412499999999998,88.56666666666666,北方
乌鲁木齐,2023-11-05,65.47916666666667,217.02083333333334,北方
乌鲁木齐,2023-11-06,34.25,76.17083333333333,北方
乌鲁木齐,2023-11-07,38.775,66.7375,北方
乌鲁木齐,2023-11-08,38.99166666666667,77.35833333333333,北方
乌鲁木齐,2023-11-09,43.0375,74.58749999999999,北方
乌鲁木齐,2023-11-10,41.15,73.89583333333333,北方
乌鲁木齐,2023-11-11,34.85,60.300000000000004,北方
乌鲁木齐,2023-11-12,28.208333333333332,56.458333333333336,北方
乌鲁木齐,2023-11-13,30.066666666666666,57.520833333333336,北方
乌鲁木齐,2023-11-14,20.020833333333332,30.4375,北方
乌鲁木齐,2023-11-15,29.675,102.27499999999999,北方
乌鲁木齐,2023-11-16,63.9625,161.94583333333333,北方
乌鲁木齐,2023-11-17,47.487500000000004,101.60000000000001,北方
乌鲁木齐,2023-11-18,45.74583333333334,105.30416666666667,北方
乌鲁木齐,2023-11-19,46.291666666666664,73.19583333333334,北方
乌鲁木齐,2023-11-20,51.6,81.30416666666666,北方
乌鲁木齐,2023-11-21,18.849999999999998,29.087500000000002,北方
乌鲁木齐,2023-11-22,23.6375,74.34583333333333,北方
乌鲁木齐,2023-11-23,25.28333333333333,62.10833333333333,北方
乌鲁木齐,2023-11-24,36.824999999999996,58.6,北方
乌鲁木齐,2023-11-25,36.795833333333334,62.0625,北方
乌鲁木齐,2023-11-26,45.84166666666667,68.66250000000001,北方
乌鲁木齐,2023-11-27,33.358333333333334,53.19583333333333,北方
乌鲁木齐,2023-11-28,39.5625,62.175000000000004,北方
乌鲁木齐,2023-11-29,34.57083333333333,54.725,北方
乌鲁木齐,2023-11-30,37.43333333333333,61.4125,北方
乌鲁木齐,2023-12-01,42.775,65.62083333333334,北方
乌鲁木齐,2023-12-02,54.88333333333333,84.0625,北方
乌鲁木齐,2023-12-03,37.56666666666667,60.8125,北方
乌鲁木齐,2023-12-04,28.02916666666667,43.4625,北方
乌鲁木齐,2023-12-05,23.745833333333334,34.1,北方
乌鲁木齐,2023-12-06,36.37083333333333,52.354166666666664,北方
乌鲁木齐,2023-12-07,27.27916666666667,39.62916666666667,北方
乌鲁木齐,2023-12-08,20.712500000000002,30.27916666666667,北方
乌鲁木齐,2023-12-09,21.316666666666666,31.570833333333336,北方
乌鲁木齐,2023-12-10,15.579166666666666,22.545833333333334,北方
乌鲁木齐,2023-12-11,17.729166666666668,25.883333333333336,北方
乌鲁木齐,2023-12-12,15.6,22.633333333333336,北方
乌鲁木齐,2023-12-13,23.070833333333336,35.96666666666667,北方
乌鲁木齐,2023-12-14,45.9625,71.85,北方
乌鲁木齐,2023-12-15,43.9,59.49583333333334,北方
乌鲁木齐,2023-12-16,30.6875,44.74583333333334,北方
乌鲁木齐,2023-12-17,69.19583333333334,101.37083333333334,北方
乌鲁木齐,2023-12-18,64.2375,95.575,北方
乌鲁木齐,2023-12-19,38.104166666666664,55.145833333333336,北方
乌鲁木齐,2023-12-20,34.53333333333333,50.07916666666667,北方
乌鲁木齐,2023-12-21,57.458333333333336,83.60416666666667,北方
乌鲁木齐,2023-12-22,47.62083333333334,68.77083333333333,北方
乌鲁木齐,2023-12-23,17.400000000000002,25.316666666666666,北方
乌鲁木齐,2023-12-24,33.87916666666667,49.67916666666667,北方
乌鲁木齐,2023-12-25,52.57916666666667,76.87083333333334,北方
乌鲁木齐,2023-12-26,40.9,60.92083333333333,北方
乌鲁木齐,2023-12-27,55.708333333333336,82.14999999999999,北方
乌鲁木齐,2023-12-28,59.06666666666666,88.05416666666667,北方
乌鲁木齐,2023-12-29,32.84166666666667,48.11666666666667,北方
乌鲁木齐,2023-12-30,38.99583333333333,57.12916666666666,北方
乌鲁木齐,2023-12-31,37.9125,54.25833333333333,北方
乌鲁木齐,2024-01-01,51.1,73.41666666666667,北方
乌鲁木齐,2024-01-02,40.84166666666667,59.4,北方
乌鲁木齐,2024-01-03,60.95416666666667,88.80416666666667,北方
乌鲁木齐,2024-01-04,48.14166666666667,70.6125,北方
乌鲁木齐,2024-01-05,23.233333333333334,33.86666666666667,北方
乌鲁木齐,2024-01-06,34.42916666666667,50.770833333333336,北方
乌鲁木齐,2024-01-07,63.395833333333336,94.52083333333333,北方
乌鲁木齐,2024-01-08,44.737500000000004,66.3625,北方
乌鲁木齐,2024-01-09,54.57083333333333,81.22916666666667,北方
乌鲁木齐,2024-01-10,52.854166666666664,80.55833333333334,北方
乌鲁木齐,2024-01-11,39.31666666666667,59.949999999999996,北方
乌鲁木齐,2024-01-12,29.912499999999998,45.625,北方
乌鲁木齐,2024-01-13,20.041666666666668,28.995833333333334,北方
乌鲁木齐,2024-01-14,23.545833333333334,34.545833333333334,北方
乌鲁木齐,2024-01-15,38.90833333333333,58.34166666666667,北方
乌鲁木齐,2024-01-16,39.416666666666664,58.24583333333334,北方
乌鲁木齐,2024-01-17,23.166666666666668,34.15833333333333,北方
乌鲁木齐,2024-01-18,32.77916666666667,47.012499999999996,北方
乌鲁木齐,2024-01-19,37.12916666666667,53.17083333333333,北方
乌鲁木齐,2024-01-20,34.5375,49.64166666666667,北方
乌鲁木齐,2024-01-21,20.316666666666666,29.508333333333336,北方
乌鲁木齐,2024-01-22,19.962500000000002,28.84583333333333,北方
乌鲁木齐,2024-01-23,27.675,40.5,北方
乌鲁木齐,2024-01-24,43.699999999999996,64.00833333333334,北方
乌鲁木齐,2024-01-25,28.90833333333333,41.99166666666667,北方
乌鲁木齐,2024-01-26,32.525,47.17916666666667,北方
乌鲁木齐,2024-01-27,34.6,50.699999999999996,北方
乌鲁木齐,2024-01-28,34.99583333333333,51.99583333333334,北方
乌鲁木齐,2024-01-29,39.4125,60.11666666666667,北方
乌鲁木齐,2024-01-30,66.77916666666667,102.23333333333333,北方
乌鲁木齐,2024-01-31,79.15833333333333,120.99166666666667,北方
乌鲁木齐,2024-02-01,57.6,88.7,北方
乌鲁木齐,2024-02-02,34.8375,53.208333333333336,北方
乌鲁木齐,2024-02-03,76.14999999999999,113.425,北方
乌鲁木齐,2024-02-04,17.983333333333334,26.983333333333334,北方
乌鲁木齐,2024-02-05,19.004166666666666,27.7625,北方
乌鲁木齐,2024-02-06,13.9,21.462500000000002,北方
乌鲁木齐,2024-02-07,19.5125,30.045833333333334,北方
乌鲁木齐,2024-02-08,37.63333333333333,59.6,北方
乌鲁木齐,2024-02-09,47.487500000000004,73.39583333333333,北方
乌鲁木齐,2024-02-10,38.324999999999996,58.550000000000004,北方
乌鲁木齐,2024-02-11,47.47083333333333,73.56666666666666,北方
乌鲁木齐,2024-02-12,22.837500000000002,36.37083333333333,北方
乌鲁木齐,2024-02-13,18.525000000000002,26.8625,北方
乌鲁木齐,2024-02-14,39.925000000000004,57.762499999999996,北方
乌鲁木齐,2024-02-15,34.86666666666667,55.86666666666667,北方
乌鲁木齐,2024-02-16,26.40833333333333,55.67083333333333,北方
乌鲁木齐,2024-02-17,8.487499999999999,12.729166666666666,北方
乌鲁木齐,2024-02-18,22.6125,32.541666666666664,北方
乌鲁木齐,2024-02-19,24.245833333333334,35.30833333333333,北方
乌鲁木齐,2024-02-20,34.0,51.36666666666667,北方
乌鲁木齐,2024-02-21,34.608333333333334,52.375,北方
乌鲁木齐,2024-02-22,35.199999999999996,57.54583333333333,北方
乌鲁木齐,2024-02-23,40.69583333333333,76.92916666666666,北方
乌鲁木齐,2024-02-24,28.27916666666667,52.708333333333336,北方
乌鲁木齐,2024-02-25,58.699999999999996,100.41666666666667,北方
乌鲁木齐,2024-02-26,40.09583333333333,63.80833333333334,北方
乌鲁木齐,2024-02-27,35.4125,55.09166666666667,北方
乌鲁木齐,2024-02-28,50.458333333333336,78.175,北方
乌鲁木齐,2024-02-29,33.2125,49.48333333333333,北方
乌鲁木齐,2024-03-01,24.125,36.041666666666664,北方
乌鲁木齐,2024-03-02,26.6375,40.762499999999996,北方
乌鲁木齐,2024-03-03,44.38333333333333,69.21249999999999,北方
乌鲁木齐,2024-03-04,52.6625,83.85416666666667,北方
乌鲁木齐,2024-03-05,46.46666666666667,70.61666666666666,北方
乌鲁木齐,2024-03-06,44.73333333333333,67.88333333333334,北方
乌鲁木齐,2024-03-07,47.87083333333334,76.1125,北方
乌鲁木齐,2024-03-08,74.53333333333333,122.9375,北方
乌鲁木齐,2024-03-09,46.416666666666664,83.6375,北方
乌鲁木齐,2024-03-10,42.7875,75.94583333333334,北方
乌鲁木齐,2024-03-11,67.61666666666666,123.4375,北方
乌鲁木齐,2024-03-12,37.979166666666664,72.70833333333333,北方
乌鲁木齐,2024-03-13,28.416666666666668,56.92083333333333,北方
乌鲁木齐,2024-03-14,30.125,133.69583333333333,北方
乌鲁木齐,2024-03-15,19.054166666666667,30.733333333333334,北方
乌鲁木齐,2024-03-16,22.895833333333332,37.333333333333336,北方
乌鲁木齐,2024-03-17,94.95416666666667,448.4583333333333,北方
乌鲁木齐,2024-03-18,123.99583333333334,611.1625,北方
乌鲁木齐,2024-03-19,37.19166666666667,160.25833333333333,北方
乌鲁木齐,2024-03-20,28.679166666666664,108.39166666666667,北方
乌鲁木齐,2024-03-21,34.50833333333333,107.78333333333335,北方
乌鲁木齐,2024-03-22,22.066666666666666,64.64583333333333,北方
乌鲁木齐,2024-03-23,19.875,39.170833333333334,北方
乌鲁木齐,2024-03-24,26.733333333333334,99.19166666666666,北方
乌鲁木齐,2024-03-25,45.12916666666666,160.38750000000002,北方
乌鲁木齐,2024-03-26,128.0625,531.3291666666667,北方
乌鲁木齐,2024-03-27,279.0,982.0083333333333,北方
乌鲁木齐,2024-03-28,213.475,791.6541666666667,北方
乌鲁木齐,2024-03-29,248.20416666666665,984.9958333333334,北方
乌鲁木齐,2024-03-30,102.79166666666667,494.3416666666667,北方
乌鲁木齐,2024-03-31,22.891666666666666,97.175,北方
乌鲁木齐,2024-04-01,29.625,108.35833333333333,北方
乌鲁木齐,2024-04-02,21.90416666666667,88.175,北方
乌鲁木齐,2024-04-03,216.6916666666667,848.4583333333334,北方
乌鲁木齐,2024-04-04,15.941666666666668,46.67083333333333,北方
乌鲁木齐,2024-04-05,36.958333333333336,188.25,北方
乌鲁木齐,2024-04-06,79.05833333333332,389.00416666666666,北方
乌鲁木齐,2024-04-07,120.06666666666666,617.3583333333333,北方
乌鲁木齐,2024-04-08,75.60833333333333,415.8,北方
乌鲁木齐,2024-04-09,218.98333333333335,895.0,北方
乌鲁木齐,2024-04-10,40.74166666666667,217.75,北方
乌鲁木齐,2024-04-11,138.15,585.1041666666666,北方
乌鲁木齐,2024-04-12,190.6625,824.2916666666666,北方
乌鲁木齐,2024-04-13,27.816666666666666,177.525,北方
乌鲁木齐,2024-04-14,41.07083333333333,241.09583333333333,北方
乌鲁木齐,2024-04-15,77.675,409.3625,北方
乌鲁木齐,2024-04-16,179.20416666666665,745.6083333333332,北方
乌鲁木齐,2024-04-17,46.32083333333333,148.42916666666667,北方
乌鲁木齐,2024-04-18,26.616666666666664,96.45,北方
乌鲁木齐,2024-04-19,158.07500000000002,680.8125,北方
乌鲁木齐,2024-04-20,183.60833333333335,828.7125,北方
乌鲁木齐,2024-04-21,104.72916666666667,486.52500000000003,北方
乌鲁木齐,2024-04-22,143.92916666666667,635.8000000000001,北方
乌鲁木齐,2024-04-23,138.20416666666668,685.8208333333333,北方
乌鲁木齐,2024-04-24,44.72083333333333,270.07916666666665,北方
乌鲁木齐,2024-04-25,38.266666666666666,192.0041666666667,北方
乌鲁木齐,2024-04-26,15.495833333333332,45.0375,北方
乌鲁木齐,2024-04-27,22.195833333333336,156.20416666666668,北方
乌鲁木齐,2024-04-28,64.05416666666666,317.56666666666666,北方
乌鲁木齐,2024-04-29,103.4375,476.4916666666666,北方
乌鲁木齐,2024-04-30,122.96666666666665,570.9916666666667,北方
乌鲁木齐,2024-05-01,156.08333333333334,687.8791666666666,北方
乌鲁木齐,2024-05-02,35.0,174.16666666666666,北方
乌鲁木齐,2024-05-03,183.25833333333333,724.0416666666666,北方
乌鲁木齐,2024-05-04,124.77499999999999,598.1541666666667,北方
乌鲁木齐,2024-05-05,211.00833333333333,835.3583333333332,北方
乌鲁木齐,2024-05-06,137.96666666666667,708.6416666666668,北方
乌鲁木齐,2024-05-07,34.079166666666666,176.28333333333333,北方
乌鲁木齐,2024-05-08,41.18333333333333,213.1291666666667,北方
乌鲁木齐,2024-05-09,15.737499999999999,71.94583333333334,北方
乌鲁木齐,2024-05-10,146.86666666666667,656.2041666666667,北方
乌鲁木齐,2024-05-11,137.4375,645.6625,北方
乌鲁木齐,2024-05-12,50.2875,290.32916666666665,北方
乌鲁木齐,2024-05-13,20.295833333333334,115.78333333333335,北方
乌鲁木齐,2024-05-14,37.233333333333334,179.96666666666667,北方
乌鲁木齐,2024-05-15,50.74583333333334,247.45416666666665,北方
乌鲁木齐,2024-05-16,100.75416666666666,470.6541666666667,北方
乌鲁木齐,2024-05-17,62.8375,344.96250000000003,北方
乌鲁木齐,2024-05-18,30.804166666666664,144.06666666666666,北方
乌鲁木齐,2024-05-19,64.10416666666667,315.4791666666667,北方
乌鲁木齐,2024-05-20,51.03333333333333,268.72499999999997,北方
乌鲁木齐,2024-05-21,52.60833333333333,221.21666666666667,北方
乌鲁木齐,2024-05-22,16.341666666666665,93.58333333333333,北方
乌鲁木齐,2024-05-23,51.00833333333333,278.0708333333333,北方
乌鲁木齐,2024-05-24,32.6,162.49166666666665,北方
乌鲁木齐,2024-05-25,69.19166666666668,382.95416666666665,北方
乌鲁木齐,2024-05-26,32.775,158.02083333333334,北方
乌鲁木齐,2024-05-27,21.787499999999998,84.77916666666667,北方
乌鲁木齐,2024-05-28,67.3125,342.175,北方
乌鲁木齐,2024-05-29,34.541666666666664,228.00833333333333,北方
乌鲁木齐,2024-05-30,23.662499999999998,101.17916666666667,北方
乌鲁木齐,2024-05-31,78.66666666666667,363.8666666666666,北方
乌鲁木齐,2024-06-01,58.637499999999996,352.5916666666667,北方
乌鲁木齐,2024-06-02,78.74166666666666,390.8958333333333,北方
乌鲁木齐,2024-06-03,59.82916666666667,310.3958333333333,北方
乌鲁木齐,2024-06-04,26.320833333333336,119.01666666666667,北方
乌鲁木齐,2024-06-05,53.73333333333333,278.53333333333336,北方
乌鲁木齐,2024-06-06,51.69583333333333,306.1958333333333,北方
乌鲁木齐,2024-06-07,96.82499999999999,461.7208333333333,北方
乌鲁木齐,2024-06-08,59.13333333333333,336.28333333333336,北方
乌鲁木齐,2024-06-09,35.854166666666664,246.09583333333333,北方
乌鲁木齐,2024-06-10,46.925000000000004,292.075,北方
乌鲁木齐,2024-06-11,68.11666666666666,425.5083333333334,北方
乌鲁木齐,2024-06-12,40.891666666666666,280.34583333333336,北方
乌鲁木齐,2024-06-13,38.454166666666666,202.26250000000002,北方
乌鲁木齐,2024-06-14,29.34166666666667,139.57916666666668,北方
乌鲁木齐,2024-06-15,21.891666666666666,116.65833333333335,北方
乌鲁木齐,2024-06-16,33.56666666666667,202.1916666666667,北方
乌鲁木齐,2024-06-17,25.0125,161.65416666666667,北方
乌鲁木齐,2024-06-18,44.112500000000004,298.40416666666664,北方
乌鲁木齐,2024-06-19,43.291666666666664,326.425,北方
乌鲁木齐,2024-06-20,41.824999999999996,245.09166666666667,北方
乌鲁木齐,2024-06-21,95.5625,427.5333333333333,北方
乌鲁木齐,2024-06-22,113.18333333333334,484.66249999999997,北方
乌鲁木齐,2024-06-23,120.15833333333335,548.6333333333333,北方
乌鲁木齐,2024-06-24,57.15833333333333,320.09583333333336,北方
乌鲁木齐,2024-06-25,35.68333333333333,264.6,北方
乌鲁木齐,2024-06-26,36.3125,198.22916666666666,北方
乌鲁木齐,2024-06-27,55.74583333333334,308.1791666666667,北方
乌鲁木齐,2024-06-28,44.97083333333333,263.79583333333335,北方
乌鲁木齐,2024-06-29,42.025,286.80833333333334,北方
乌鲁木齐,2024-06-30,58.833333333333336,333.65833333333336,北方
乌鲁木齐,2024-07-01,32.645833333333336,103.54583333333333,北方
乌鲁木齐,2024-07-02,52.69583333333333,247.79583333333335,北方
乌鲁木齐,2024-07-03,17.858333333333334,46.99583333333334,北方
乌鲁木齐,2024-07-04,51.55833333333334,250.3375,北方
乌鲁木齐,2024-07-05,46.57083333333333,249.95833333333334,北方
乌鲁木齐,2024-07-06,49.74166666666667,204.4,北方
乌鲁木齐,2024-07-07,19.925,62.979166666666664,北方
乌鲁木齐,2024-07-08,73.80416666666666,312.34166666666664,北方
乌鲁木齐,2024-07-09,73.84583333333333,324.08750000000003,北方
乌鲁木齐,2024-07-10,36.34583333333333,189.00833333333333,北方
乌鲁木齐,2024-07-11,37.71666666666667,233.66666666666666,北方
乌鲁木齐,2024-07-12,31.833333333333332,165.8375,北方
乌鲁木齐,2024-07-13,88.00833333333333,385.12083333333334,北方
乌鲁木齐,2024-07-14,107.37916666666666,478.0958333333333,北方
乌鲁木齐,2024-07-15,104.71249999999999,450.60833333333335,北方
乌鲁木齐,2024-07-16,32.237500000000004,185.54583333333335,北方
乌鲁木齐,2024-07-17,35.737500000000004,203.2125,北方
乌鲁木齐,2024-07-18,43.525,219.92083333333332,北方
乌鲁木齐,2024-07-19,19.5625,54.762499999999996,北方
乌鲁木齐,2024-07-20,49.666666666666664,227.73749999999998,北方
乌鲁木齐,2024-07-21,54.199999999999996,264.33750000000003,北方
乌鲁木齐,2024-07-22,21.75,110.12916666666666,北方
乌鲁木齐,2024-07-23,53.2875,279.2625,北方
乌鲁木齐,2024-07-24,75.22500000000001,369.9666666666667,北方
乌鲁木齐,2024-07-25,45.87916666666666,226.52083333333334,北方
乌鲁木齐,2024-07-26,68.14583333333333,299.87916666666666,北方
乌鲁木齐,2024-07-27,81.01666666666667,415.37916666666666,北方
乌鲁木齐,2024-07-28,68.3625,366.30833333333334,北方
乌鲁木齐,2024-07-29,47.487500000000004,257.2375,北方
乌鲁木齐,2024-07-30,38.75416666666667,224.86666666666667,北方
乌鲁木齐,2024-07-31,49.10833333333333,262.35833333333335,北方
乌鲁木齐,2024-08-01,42.9,228.2875,北方
乌鲁木齐,2024-08-02,87.42083333333333,425.24583333333334,北方
乌鲁木齐,2024-08-03,31.375,185.8083333333333,北方
乌鲁木齐,2024-08-04,27.941666666666666,171.45833333333334,北方
乌鲁木齐,2024-08-05,45.9125,251.83333333333334,北方
乌鲁木齐,2024-08-06,36.574999999999996,203.14583333333334,北方
乌鲁木齐,2024-08-07,37.416666666666664,164.51250000000002,北方
乌鲁木齐,2024-08-08,44.44166666666666,271.2,北方
乌鲁木齐,2024-08-09,70.49583333333334,406.56666666666666,北方
乌鲁木齐,2024-08-10,115.06666666666666,622.9125,北方
乌鲁木齐,2024-08-11,38.233333333333334,189.275,北方
乌鲁木齐,2024-08-12,30.78333333333333,104.40416666666665,北方
乌鲁木齐,2024-08-13,43.354166666666664,233.2541666666667,北方
乌鲁木齐,2024-08-14,61.112500000000004,329.96250000000003,北方
乌鲁木齐,2024-08-15,59.949999999999996,306.62083333333334,北方
乌鲁木齐,2024-08-16,91.95416666666667,440.90833333333336,北方
乌鲁木齐,2024-08-17,67.78333333333333,392.9083333333333,北方
乌鲁木齐,2024-08-18,64.05,343.54583333333335,北方
乌鲁木齐,2024-08-19,32.05416666666667,144.90833333333333,北方
乌鲁木齐,2024-08-20,20.150000000000002,78.2,北方
乌鲁木齐,2024-08-21,22.52916666666667,93.66666666666667,北方
乌鲁木齐,2024-08-22,83.18333333333334,373.3625,北方
乌鲁木齐,2024-08-23,72.05,286.69166666666666,北方
乌鲁木齐,2024-08-24,23.954166666666666,107.3875,北方
乌鲁木齐,2024-08-25,58.3375,276.6875,北方
乌鲁木齐,2024-08-26,45.225,213.26666666666665,北方
乌鲁木齐,2024-08-27,45.75,224.54166666666666,北方
乌鲁木齐,2024-08-28,24.254166666666666,98.01666666666667,北方
乌鲁木齐,2024-08-29,50.99583333333334,237.375,北方
乌鲁木齐,2024-08-30,18.3875,50.42916666666667,北方
乌鲁木齐,2024-08-31,40.1,214.54999999999998,北方
乌鲁木齐,2024-09-01,102.925,412.4375,北方
乌鲁木齐,2024-09-02,26.808333333333334,137.11666666666667,北方
乌鲁木齐,2024-09-03,16.066666666666666,61.98333333333333,北方
乌鲁木齐,2024-09-04,100.22916666666667,455.0,北方
乌鲁木齐,2024-09-05,103.8625,449.24583333333334,北方
乌鲁木齐,2024-09-06,84.27916666666667,384.41249999999997,北方
乌鲁木齐,2024-09-07,25.8625,117.87083333333334,北方
乌鲁木齐,2024-09-08,10.4125,45.35833333333333,北方
乌鲁木齐,2024-09-09,50.74166666666667,210.0583333333333,北方
乌鲁木齐,2024-09-10,61.987500000000004,261.34166666666664,北方
乌鲁木齐,2024-09-11,30.766666666666666,154.00416666666666,北方
乌鲁木齐,2024-09-12,29.083333333333332,108.40833333333335,北方
乌鲁木齐,2024-09-13,60.962500000000006,266.22083333333336,北方
乌鲁木齐,2024-09-14,28.708333333333332,83.8,北方
乌鲁木齐,2024-09-15,16.433333333333334,48.09583333333333,北方
乌鲁木齐,2024-09-16,58.479166666666664,217.34166666666667,北方
乌鲁木齐,2024-09-17,64.70416666666667,278.18333333333334,北方
乌鲁木齐,2024-09-18,28.28333333333333,143.11249999999998,北方
乌鲁木齐,2024-09-19,36.858333333333334,157.05416666666667,北方
乌鲁木齐,2024-09-20,71.09166666666667,270.175,北方
乌鲁木齐,2024-09-21,27.733333333333334,150.0625,北方
乌鲁木齐,2024-09-22,95.25833333333333,345.1041666666667,北方
乌鲁木齐,2024-09-23,32.90833333333333,90.03750000000001,北方
乌鲁木齐,2024-09-24,71.8625,322.6375,北方
乌鲁木齐,2024-09-25,59.362500000000004,254.30416666666667,北方
乌鲁木齐,2024-09-26,26.349999999999998,104.71249999999999,北方
乌鲁木齐,2024-09-27,13.15,30.1875,北方
乌鲁木齐,2024-09-28,10.987499999999999,51.725,北方
乌鲁木齐,2024-09-29,25.25,103.97500000000001,北方
乌鲁木齐,2024-09-30,68.75416666666666,243.45833333333334,北方
乌鲁木齐,2024-10-01,76.40416666666667,297.78749999999997,北方
乌鲁木齐,2024-10-02,112.71666666666665,445.4041666666667,北方
乌鲁木齐,2024-10-03,132.30833333333334,545.7375000000001,北方
乌鲁木齐,2024-10-04,28.245833333333334,88.95416666666667,北方
乌鲁木齐,2024-10-05,101.77916666666665,435.0833333333333,北方
乌鲁木齐,2024-10-06,124.62083333333334,515.4499999999999,北方
乌鲁木齐,2024-10-07,96.75,431.90000000000003,北方
乌鲁木齐,2024-10-08,57.7125,299.49583333333334,北方
乌鲁木齐,2024-10-09,126.97083333333335,525.8833333333333,北方
乌鲁木齐,2024-10-10,136.11249999999998,530.4499999999999,北方
乌鲁木齐,2024-10-11,174.98333333333335,660.1958333333333,北方
乌鲁木齐,2024-10-12,114.82083333333333,535.8958333333334,北方
乌鲁木齐,2024-10-13,25.03333333333333,82.425,北方
乌鲁木齐,2024-10-14,37.550000000000004,143.65416666666667,北方
乌鲁木齐,2024-10-15,43.137499999999996,171.10416666666666,北方
乌鲁木齐,2024-10-16,30.900000000000002,144.21666666666667,北方
乌鲁木齐,2024-10-17,29.270833333333332,82.9875,北方
乌鲁木齐,2024-10-18,6.216666666666666,9.095833333333333,北方
乌鲁木齐,2024-10-19,19.195833333333333,61.875,北方
乌鲁木齐,2024-10-20,60.708333333333336,161.1625,北方
乌鲁木齐,2024-10-21,21.59166666666667,73.22916666666667,北方
乌鲁木齐,2024-10-22,178.3083333333333,652.5333333333333,北方
乌鲁木齐,2024-10-23,150.30833333333334,523.6333333333333,北方
乌鲁木齐,2024-10-24,33.96666666666667,120.27916666666665,北方
乌鲁木齐,2024-10-25,33.420833333333334,124.00833333333333,北方
乌鲁木齐,2024-10-26,125.49583333333334,531.4166666666666,北方
乌鲁木齐,2024-10-27,30.633333333333336,81.42083333333333,北方
乌鲁木齐,2024-10-28,116.0,462.9041666666667,北方
乌鲁木齐,2024-10-29,14.195833333333333,42.775,北方
乌鲁木齐,2024-10-30,12.633333333333333,31.608333333333334,北方
乌鲁木齐,2024-10-31,28.016666666666666,60.54583333333333,北方
乌鲁木齐,2024-11-01,44.43333333333334,112.06666666666666,北方
乌鲁木齐,2024-11-02,49.675000000000004,153.4,北方
乌鲁木齐,2024-11-03,186.05416666666667,613.8458333333333,北方
乌鲁木齐,2024-11-04,126.17916666666667,411.45,北方
乌鲁木齐,2024-11-05,54.35833333333333,154.00833333333333,北方
乌鲁木齐,2024-11-06,38.77916666666667,97.4375,北方
乌鲁木齐,2024-11-07,49.45416666666666,177.3708333333333,北方
乌鲁木齐,2024-11-08,13.4375,19.829166666666666,北方
乌鲁木齐,2024-11-09,19.666666666666668,30.375,北方
乌鲁木齐,2024-11-10,40.94166666666667,76.17083333333333,北方
乌鲁木齐,2024-11-11,44.3125,75.04166666666667,北方
乌鲁木齐,2024-11-12,51.34583333333333,92.05,北方
乌鲁木齐,2024-11-13,44.50833333333333,96.1875,北方
乌鲁木齐,2024-11-14,20.404166666666665,35.19583333333333,北方
乌鲁木齐,2024-11-15,32.766666666666666,34.25416666666667,北方
乌鲁木齐,2024-11-16,28.212500000000002,29.724999999999998,北方
乌鲁木齐,2024-11-17,31.954166666666666,34.44166666666667,北方
乌鲁木齐,2024-11-18,43.050000000000004,45.84166666666667,北方
乌鲁木齐,2024-11-19,45.737500000000004,49.12916666666666,北方
乌鲁木齐,2024-11-20,41.25833333333333,45.20416666666667,北方
乌鲁木齐,2024-11-21,61.6,70.39166666666667,北方
乌鲁木齐,2024-11-22,60.36666666666667,73.125,北方
乌鲁木齐,2024-11-23,28.883333333333336,30.28333333333333,北方
乌鲁木齐,2024-11-24,38.487500000000004,39.666666666666664,北方
乌鲁木齐,2024-11-25,62.199999999999996,64.09166666666667,北方
乌鲁木齐,2024-11-26,55.9,57.78333333333333,北方
乌鲁木齐,2024-11-27,37.454166666666666,38.637499999999996,北方
乌鲁木齐,2024-11-28,39.84166666666667,41.733333333333334,北方
乌鲁木齐,2024-11-29,44.25,47.19583333333333,北方
乌鲁木齐,2024-11-30,56.137499999999996,61.67916666666667,北方
乌鲁木齐,2024-12-01,79.29583333333333,84.54583333333333,北方
乌鲁木齐,2024-12-02,96.68333333333334,100.77083333333333,北方
乌鲁木齐,2024-12-03,54.612500000000004,56.40833333333333,北方
乌鲁木齐,2024-12-04,32.574999999999996,33.479166666666664,北方
乌鲁木齐,2024-12-05,43.387499999999996,44.791666666666664,北方
乌鲁木齐,2024-12-06,49.987500000000004,52.275,北方
乌鲁木齐,2024-12-07,33.1875,34.4625,北方
乌鲁木齐,2024-12-08,43.0,44.36666666666667,北方
乌鲁木齐,2024-12-09,80.59583333333333,83.82916666666667,北方
乌鲁木齐,2024-12-10,59.208333333333336,61.70416666666667,北方
乌鲁木齐,2024-12-11,79.3125,81.52499999999999,北方
乌鲁木齐,2024-12-12,49.175000000000004,50.89166666666667,北方
乌鲁木齐,2024-12-13,58.18333333333334,61.1625,北方
乌鲁木齐,2024-12-14,61.13333333333333,63.61666666666667,北方
乌鲁木齐,2024-12-15,49.949999999999996,51.86666666666667,北方
乌鲁木齐,2024-12-16,57.625,60.333333333333336,北方
乌鲁木齐,2024-12-17,58.354166666666664,60.44166666666666,北方
乌鲁木齐,2024-12-18,44.270833333333336,46.35833333333333,北方
乌鲁木齐,2024-12-19,51.2125,54.28333333333333,北方
乌鲁木齐,2024-12-20,56.79583333333334,60.262499999999996,北方
乌鲁木齐,2024-12-21,94.27916666666665,99.95416666666667,北方
乌鲁木齐,2024-12-22,83.79166666666667,87.41666666666667,北方
乌鲁木齐,2024-12-23,72.21249999999999,74.68333333333334,北方
乌鲁木齐,2024-12-24,66.65416666666667,68.87916666666666,北方
乌鲁木齐,2024-12-25,82.53333333333333,85.0625,北方
乌鲁木齐,2024-12-26,81.81666666666666,85.1875,北方
乌鲁木齐,2024-12-27,60.05416666666667,62.975,北方
乌鲁木齐,2024-12-28,72.625,75.92083333333333,北方
乌鲁木齐,2024-12-29,65.75416666666666,69.58333333333333,北方
乌鲁木齐,2024-12-30,61.7125,65.95416666666667,北方
乌鲁木齐,2024-12-31,81.76666666666667,88.6125,北方
兰州,2022-08-04,16.7875,28.6625,北方
兰州,2022-08-05,19.404166666666665,31.358333333333334,北方
兰州,2022-08-06,12.762500000000001,24.054166666666664,北方
兰州,2022-08-07,15.366666666666667,29.883333333333336,北方
兰州,2022-08-08,10.987499999999999,23.579166666666666,北方
兰州,2022-08-09,19.462500000000002,41.1,北方
兰州,2022-08-10,19.916666666666668,37.175000000000004,北方
兰州,2022-08-11,15.737499999999999,25.22083333333333,北方
兰州,2022-08-12,21.650000000000002,33.49166666666667,北方
兰州,2022-08-13,24.40833333333333,41.69166666666667,北方
兰州,2022-08-14,26.77916666666667,99.5625,北方
兰州,2022-08-15,36.145833333333336,95.07916666666667,北方
兰州,2022-08-16,28.712500000000002,47.81666666666666,北方
兰州,2022-08-17,14.575000000000001,24.866666666666664,北方
兰州,2022-08-18,22.129166666666666,57.17916666666667,北方
兰州,2022-08-19,24.3625,60.4375,北方
兰州,2022-08-20,16.525000000000002,28.016666666666666,北方
兰州,2022-08-21,19.866666666666667,48.49166666666667,北方
兰州,2022-08-22,19.045833333333334,39.24583333333333,北方
兰州,2022-08-23,21.525000000000002,55.37083333333334,北方
兰州,2022-08-24,20.525000000000002,49.541666666666664,北方
兰州,2022-08-25,19.595833333333335,35.99166666666667,北方
兰州,2022-08-26,12.104166666666666,24.775000000000002,北方
兰州,2022-08-27,10.075000000000001,21.270833333333332,北方
兰州,2022-08-28,21.245833333333334,57.17083333333333,北方
兰州,2022-08-29,28.9875,53.78333333333333,北方
兰州,2022-08-30,26.933333333333334,41.30833333333333,北方
兰州,2022-08-31,15.854166666666666,25.4375,北方
兰州,2022-09-01,11.975,25.0625,北方
兰州,2022-09-02,18.445833333333333,38.84166666666667,北方
兰州,2022-09-03,19.516666666666666,40.47083333333334,北方
兰州,2022-09-04,22.825,51.70416666666667,北方
兰州,2022-09-05,24.566666666666666,45.24583333333334,北方
兰州,2022-09-06,23.104166666666668,43.67083333333333,北方
兰州,2022-09-07,13.058333333333332,26.474999999999998,北方
兰州,2022-09-08,20.245833333333334,32.6625,北方
兰州,2022-09-09,27.045833333333334,45.46666666666667,北方
兰州,2022-09-10,27.97083333333333,43.324999999999996,北方
兰州,2022-09-11,25.429166666666664,39.612500000000004,北方
兰州,2022-09-12,17.554166666666667,34.300000000000004,北方
兰州,2022-09-13,12.308333333333332,33.9625,北方
兰州,2022-09-14,11.004166666666668,24.770833333333332,北方
兰州,2022-09-15,18.1125,34.387499999999996,北方
兰州,2022-09-16,18.216666666666665,36.104166666666664,北方
兰州,2022-09-17,17.9875,31.59166666666667,北方
兰州,2022-09-18,18.95,29.0125,北方
兰州,2022-09-19,20.3875,66.50416666666666,北方
兰州,2022-09-20,21.279166666666665,45.541666666666664,北方
兰州,2022-09-21,20.666666666666668,44.32916666666667,北方
兰州,2022-09-22,27.858333333333334,63.854166666666664,北方
兰州,2022-09-23,13.941666666666668,30.337500000000002,北方
兰州,2022-09-24,21.616666666666664,37.7125,北方
兰州,2022-09-25,32.5875,53.6625,北方
兰州,2022-09-26,20.654166666666665,31.445833333333336,北方
兰州,2022-09-27,31.233333333333334,47.09166666666667,北方
兰州,2022-09-28,27.03333333333333,46.68333333333334,北方
兰州,2022-09-29,14.483333333333334,26.462500000000002,北方
兰州,2022-09-30,17.758333333333333,29.558333333333334,北方
兰州,2022-10-01,22.604166666666668,38.18333333333333,北方
兰州,2022-10-02,23.037499999999998,84.375,北方
兰州,2022-10-03,28.354166666666668,118.19166666666666,北方
兰州,2022-10-04,16.587500000000002,30.224999999999998,北方
兰州,2022-10-05,18.358333333333334,36.74583333333333,北方
兰州,2022-10-06,33.43333333333333,78.37083333333334,北方
兰州,2022-10-07,26.599999999999998,46.95416666666667,北方
兰州,2022-10-08,24.77916666666667,80.79583333333333,北方
兰州,2022-10-09,19.766666666666666,78.95,北方
兰州,2022-10-10,21.483333333333334,42.074999999999996,北方
兰州,2022-10-11,20.558333333333334,35.104166666666664,北方
兰州,2022-10-12,24.245833333333334,39.82083333333333,北方
兰州,2022-10-13,39.987500000000004,70.5125,北方
兰州,2022-10-14,46.98333333333333,74.8125,北方
兰州,2022-10-15,41.00416666666667,64.10416666666667,北方
兰州,2022-10-16,35.458333333333336,66.49583333333334,北方
兰州,2022-10-17,28.775000000000002,46.4625,北方
兰州,2022-10-18,27.883333333333336,45.65,北方
兰州,2022-10-19,19.25,30.025000000000002,北方
兰州,2022-10-20,32.8125,49.333333333333336,北方
兰州,2022-10-21,42.416666666666664,78.30416666666666,北方
兰州,2022-10-22,30.895833333333332,53.64166666666667,北方
兰州,2022-10-23,33.90416666666667,50.354166666666664,北方
兰州,2022-10-24,26.40833333333333,39.15833333333333,北方
兰州,2022-10-25,29.016666666666666,43.40416666666667,北方
兰州,2022-10-26,24.870833333333334,36.42916666666667,北方
兰州,2022-10-27,20.245833333333334,33.96666666666667,北方
兰州,2022-10-28,12.529166666666667,27.995833333333334,北方
兰州,2022-10-29,26.766666666666666,50.62916666666666,北方
兰州,2022-10-30,30.6375,72.91250000000001,北方
兰州,2022-10-31,17.1125,33.56666666666667,北方
兰州,2022-11-01,23.245833333333334,37.72083333333333,北方
兰州,2022-11-02,29.3125,51.512499999999996,北方
兰州,2022-11-03,31.933333333333334,62.916666666666664,北方
兰州,2022-11-04,35.520833333333336,63.63333333333333,北方
兰州,2022-11-05,32.5875,50.041666666666664,北方
兰州,2022-11-06,24.1875,37.954166666666666,北方
兰州,2022-11-07,24.829166666666666,36.37083333333333,北方
兰州,2022-11-08,26.129166666666666,40.74583333333333,北方
兰州,2022-11-09,32.7875,49.791666666666664,北方
兰州,2022-11-10,22.370833333333334,57.8125,北方
兰州,2022-11-11,27.587500000000002,92.01666666666667,北方
兰州,2022-11-12,28.516666666666666,51.68333333333334,北方
兰州,2022-11-13,29.133333333333336,45.275,北方
兰州,2022-11-14,44.8125,67.91666666666667,北方
兰州,2022-11-15,43.87083333333334,63.92083333333333,北方
兰州,2022-11-16,48.39166666666667,72.41250000000001,北方
兰州,2022-11-17,18.5875,32.7875,北方
兰州,2022-11-18,33.025,71.43333333333334,北方
兰州,2022-11-19,35.85,61.59166666666667,北方
兰州,2022-11-20,28.1875,52.520833333333336,北方
兰州,2022-11-21,39.237500000000004,73.72500000000001,北方
兰州,2022-11-22,41.983333333333334,66.83333333333333,北方
兰州,2022-11-23,45.37083333333334,68.14583333333333,北方
兰州,2022-11-24,33.550000000000004,56.74166666666667,北方
兰州,2022-11-25,38.0,68.70416666666667,北方
兰州,2022-11-26,47.04583333333333,69.50416666666666,北方
兰州,2022-11-27,39.65,70.56666666666666,北方
兰州,2022-11-28,13.516666666666666,36.02916666666667,北方
兰州,2022-11-29,23.537499999999998,48.666666666666664,北方
兰州,2022-11-30,23.983333333333334,43.85,北方
兰州,2022-12-01,38.32083333333333,79.67083333333333,北方
兰州,2022-12-02,46.45416666666667,83.14999999999999,北方
兰州,2022-12-03,43.00416666666666,87.41250000000001,北方
兰州,2022-12-04,51.949999999999996,85.92916666666667,北方
兰州,2022-12-05,68.24583333333334,104.35833333333333,北方
兰州,2022-12-06,53.59166666666667,78.40833333333333,北方
兰州,2022-12-07,49.27916666666667,75.8625,北方
兰州,2022-12-08,51.85833333333333,85.3,北方
兰州,2022-12-09,58.86666666666667,100.71666666666665,北方
兰州,2022-12-10,35.670833333333334,70.21249999999999,北方
兰州,2022-12-11,37.53333333333333,82.02499999999999,北方
兰州,2022-12-12,27.900000000000002,55.4125,北方
兰州,2022-12-13,27.895833333333332,48.520833333333336,北方
兰州,2022-12-14,0.7999999999999999,1.1333333333333333,北方
兰州,2022-12-15,0.6833333333333332,0.9791666666666666,北方
兰州,2022-12-16,6.125,9.070833333333333,北方
兰州,2022-12-17,30.895833333333332,46.75416666666666,北方
兰州,2022-12-18,40.06666666666667,62.6625,北方
兰州,2022-12-19,37.362500000000004,60.28333333333333,北方
兰州,2022-12-20,44.93333333333334,75.575,北方
兰州,2022-12-21,40.15416666666667,64.33333333333333,北方
兰州,2022-12-22,44.979166666666664,65.20833333333333,北方
兰州,2022-12-23,53.99166666666667,78.42916666666666,北方
兰州,2022-12-24,33.387499999999996,58.89166666666667,北方
兰州,2022-12-25,20.2625,40.833333333333336,北方
兰州,2022-12-26,42.3125,68.06666666666666,北方
兰州,2022-12-27,40.112500000000004,60.85,北方
兰州,2022-12-28,41.94583333333333,63.43333333333334,北方
兰州,2022-12-29,46.762499999999996,69.12916666666666,北方
兰州,2022-12-30,49.07083333333333,71.6875,北方
兰州,2022-12-31,49.24166666666667,71.87916666666666,北方
兰州,2023-01-01,52.73333333333333,77.65416666666667,北方
兰州,2023-01-02,59.48333333333333,86.75416666666666,北方
兰州,2023-01-03,60.30416666666667,89.41250000000001,北方
兰州,2023-01-04,70.72500000000001,103.7375,北方
兰州,2023-01-05,45.07083333333333,79.52499999999999,北方
兰州,2023-01-06,36.17916666666667,68.90833333333333,北方
兰州,2023-01-07,44.958333333333336,78.96666666666667,北方
兰州,2023-01-08,60.229166666666664,87.35416666666667,北方
兰州,2023-01-09,57.4375,83.06666666666666,北方
兰州,2023-01-10,44.987500000000004,70.02499999999999,北方
兰州,2023-01-11,38.3125,57.737500000000004,北方
兰州,2023-01-12,40.25,100.64999999999999,北方
兰州,2023-01-13,8.229166666666666,30.2625,北方
兰州,2023-01-14,13.012500000000001,20.662499999999998,北方
兰州,2023-01-15,31.712500000000002,46.708333333333336,北方
兰州,2023-01-16,40.68333333333333,60.80416666666667,北方
兰州,2023-01-17,52.012499999999996,78.82916666666667,北方
兰州,2023-01-18,56.76666666666666,84.16666666666667,北方
兰州,2023-01-19,62.23333333333333,92.28333333333335,北方
兰州,2023-01-20,56.449999999999996,85.15416666666667,北方
兰州,2023-01-21,46.70416666666667,70.25,北方
兰州,2023-01-22,38.8375,76.70833333333333,北方
兰州,2023-01-23,15.3125,38.583333333333336,北方
兰州,2023-01-24,28.791666666666668,44.32916666666667,北方
兰州,2023-01-25,42.12916666666667,64.2625,北方
兰州,2023-01-26,33.74166666666667,82.46666666666667,北方
兰州,2023-01-27,41.55416666666667,80.55416666666666,北方
兰州,2023-01-28,50.987500000000004,79.825,北方
兰州,2023-01-29,48.833333333333336,75.78750000000001,北方
兰州,2023-01-30,49.987500000000004,75.84583333333333,北方
兰州,2023-01-31,47.63333333333333,79.21249999999999,北方
兰州,2023-02-01,44.354166666666664,73.19583333333334,北方
兰州,2023-02-02,54.854166666666664,84.125,北方
兰州,2023-02-03,47.05416666666667,73.08333333333333,北方
兰州,2023-02-04,44.24583333333334,66.01666666666667,北方
兰州,2023-02-05,50.42083333333333,85.22500000000001,北方
兰州,2023-02-06,39.36666666666667,73.17083333333333,北方
兰州,2023-02-07,44.8375,73.42916666666666,北方
兰州,2023-02-08,32.74583333333333,60.93333333333334,北方
兰州,2023-02-09,40.37916666666667,66.05833333333334,北方
兰州,2023-02-10,43.54583333333333,65.5625,北方
兰州,2023-02-11,28.358333333333334,42.30416666666667,北方
兰州,2023-02-12,29.724999999999998,57.75,北方
兰州,2023-02-13,19.383333333333333,42.80833333333334,北方
兰州,2023-02-14,45.75833333333333,66.70833333333333,北方
兰州,2023-02-15,50.7125,73.7375,北方
兰州,2023-02-16,42.40833333333333,61.19583333333333,北方
兰州,2023-02-17,38.63333333333333,56.13333333333333,北方
兰州,2023-02-18,20.849999999999998,33.35,北方
兰州,2023-02-19,46.5625,69.57916666666667,北方
兰州,2023-02-20,39.34166666666667,57.52916666666667,北方
兰州,2023-02-21,28.77916666666667,42.362500000000004,北方
兰州,2023-02-22,52.987500000000004,83.68333333333334,北方
兰州,2023-02-23,40.7125,65.8875,北方
兰州,2023-02-24,34.18333333333333,72.37083333333334,北方
兰州,2023-02-25,34.65,59.012499999999996,北方
兰州,2023-02-26,30.400000000000002,50.237500000000004,北方
兰州,2023-02-27,27.3625,46.666666666666664,北方
兰州,2023-02-28,34.795833333333334,107.2375,北方
兰州,2023-03-01,47.57083333333333,105.19166666666666,北方
兰州,2023-03-02,44.5,88.10000000000001,北方
兰州,2023-03-03,57.78333333333333,98.60833333333333,北方
兰州,2023-03-04,36.00416666666667,53.82083333333333,北方
兰州,2023-03-05,34.270833333333336,53.0375,北方
兰州,2023-03-06,36.49166666666667,63.90416666666667,北方
兰州,2023-03-07,34.3125,53.92916666666667,北方
兰州,2023-03-08,46.49583333333334,77.21249999999999,北方
兰州,2023-03-09,27.645833333333332,49.229166666666664,北方
兰州,2023-03-10,33.1875,85.19166666666666,北方
兰州,2023-03-11,24.070833333333336,84.16666666666667,北方
兰州,2023-03-12,25.6125,52.57916666666667,北方
兰州,2023-03-13,24.770833333333332,53.395833333333336,北方
兰州,2023-03-14,24.958333333333332,87.13333333333333,北方
兰州,2023-03-15,37.12083333333333,72.55416666666666,北方
兰州,2023-03-16,47.800000000000004,94.49583333333334,北方
兰州,2023-03-17,51.22083333333333,108.53333333333335,北方
兰州,2023-03-18,33.80416666666667,56.27916666666667,北方
兰州,2023-03-19,19.7375,36.645833333333336,北方
兰州,2023-03-20,23.72083333333333,53.21666666666667,北方
兰州,2023-03-21,42.479166666666664,186.75,北方
兰州,2023-03-22,36.141666666666666,120.14999999999999,北方
兰州,2023-03-23,38.791666666666664,116.27499999999999,北方
兰州,2023-03-24,29.170833333333334,85.69583333333333,北方
兰州,2023-03-25,41.49583333333333,117.99166666666667,北方
兰州,2023-03-26,32.0625,73.47083333333333,北方
兰州,2023-03-27,38.041666666666664,66.8875,北方
兰州,2023-03-28,23.958333333333332,41.270833333333336,北方
兰州,2023-03-29,21.125,45.112500000000004,北方
兰州,2023-03-30,18.516666666666666,34.17916666666667,北方
兰州,2023-03-31,24.145833333333332,46.23333333333333,北方
兰州,2023-04-01,18.870833333333334,41.74583333333333,北方
兰州,2023-04-02,20.5375,93.58749999999999,北方
兰州,2023-04-03,25.008333333333336,74.90416666666667,北方
兰州,2023-04-04,30.708333333333332,72.97083333333333,北方
兰州,2023-04-05,11.045833333333334,37.67916666666667,北方
兰州,2023-04-06,25.666666666666668,57.94166666666666,北方
兰州,2023-04-07,25.8625,49.975,北方
兰州,2023-04-08,25.625,59.57916666666667,北方
兰州,2023-04-09,22.933333333333334,54.49166666666667,北方
兰州,2023-04-10,32.958333333333336,116.66666666666667,北方
兰州,2023-04-11,33.63333333333333,84.00416666666666,北方
兰州,2023-04-12,34.30833333333333,70.0,北方
兰州,2023-04-13,32.50416666666667,128.27916666666667,北方
兰州,2023-04-14,23.745833333333334,83.85833333333333,北方
兰州,2023-04-15,23.15416666666667,51.47083333333333,北方
兰州,2023-04-16,19.633333333333333,42.4125,北方
兰州,2023-04-17,23.308333333333334,79.32916666666667,北方
兰州,2023-04-18,25.133333333333336,54.025,北方
兰州,2023-04-19,29.458333333333332,154.9375,北方
兰州,2023-04-20,39.891666666666666,168.8375,北方
兰州,2023-04-21,22.087500000000002,76.8875,北方
兰州,2023-04-22,20.358333333333334,49.512499999999996,北方
兰州,2023-04-23,11.483333333333334,17.616666666666667,北方
兰州,2023-04-24,21.6875,40.45,北方
兰州,2023-04-25,21.65416666666667,42.833333333333336,北方
兰州,2023-04-26,18.05,45.37083333333334,北方
兰州,2023-04-27,26.291666666666668,98.62916666666666,北方
兰州,2023-04-28,16.304166666666667,54.36666666666667,北方
兰州,2023-04-29,17.291666666666668,35.637499999999996,北方
兰州,2023-04-30,16.820833333333333,37.637499999999996,北方
兰州,2023-05-01,21.220833333333335,60.45416666666667,北方
兰州,2023-05-02,16.945833333333333,40.86666666666667,北方
兰州,2023-05-03,18.533333333333335,41.00416666666667,北方
兰州,2023-05-04,29.84583333333333,101.0625,北方
兰州,2023-05-05,33.670833333333334,81.46666666666667,北方
兰州,2023-05-06,31.46666666666667,65.87083333333334,北方
兰州,2023-05-07,14.966666666666667,26.458333333333332,北方
兰州,2023-05-08,10.608333333333333,21.34166666666667,北方
兰州,2023-05-09,13.120833333333332,36.4125,北方
兰州,2023-05-10,27.495833333333334,76.875,北方
兰州,2023-05-11,29.5625,69.15416666666667,北方
兰州,2023-05-12,27.349999999999998,55.12916666666666,北方
兰州,2023-05-13,19.233333333333334,50.34583333333333,北方
兰州,2023-05-14,21.858333333333334,44.225,北方
兰州,2023-05-15,16.633333333333333,36.3375,北方
兰州,2023-05-16,27.266666666666666,67.925,北方
兰州,2023-05-17,25.5,66.65416666666667,北方
兰州,2023-05-18,17.316666666666666,42.72083333333333,北方
兰州,2023-05-19,24.770833333333332,54.19583333333333,北方
兰州,2023-05-20,24.09583333333333,76.05,北方
兰州,2023-05-21,26.683333333333334,103.64166666666667,北方
兰州,2023-05-22,11.429166666666667,28.037499999999998,北方
兰州,2023-05-23,19.279166666666665,47.64166666666667,北方
兰州,2023-05-24,24.445833333333336,81.55,北方
兰州,2023-05-25,23.8,80.25416666666666,北方
兰州,2023-05-26,29.46666666666667,61.12916666666666,北方
兰州,2023-05-27,27.125,55.98333333333333,北方
兰州,2023-05-28,27.816666666666666,56.52916666666667,北方
兰州,2023-05-29,27.9875,66.95416666666667,北方
兰州,2023-05-30,32.7875,81.21666666666667,北方
兰州,2023-05-31,30.820833333333336,84.72500000000001,北方
兰州,2023-06-01,29.8,64.94583333333334,北方
兰州,2023-06-02,20.683333333333334,35.63333333333333,北方
兰州,2023-06-03,14.016666666666666,24.445833333333336,北方
兰州,2023-06-04,22.066666666666666,34.19583333333333,北方
兰州,2023-06-05,27.662499999999998,44.666666666666664,北方
兰州,2023-06-06,21.3,39.1875,北方
兰州,2023-06-07,29.90833333333333,54.59583333333333,北方
兰州,2023-06-08,25.962500000000002,47.262499999999996,北方
兰州,2023-06-09,21.666666666666668,43.137499999999996,北方
兰州,2023-06-10,23.71666666666667,52.36666666666667,北方
兰州,2023-06-11,24.566666666666666,59.87083333333334,北方
兰州,2023-06-12,28.391666666666666,59.291666666666664,北方
兰州,2023-06-13,27.27916666666667,51.137499999999996,北方
兰州,2023-06-14,13.783333333333333,35.737500000000004,北方
兰州,2023-06-15,19.912499999999998,42.24583333333333,北方
兰州,2023-06-16,17.441666666666666,38.725,北方
兰州,2023-06-17,14.516666666666666,28.754166666666666,北方
兰州,2023-06-18,32.145833333333336,77.3625,北方
兰州,2023-06-19,20.429166666666667,44.125,北方
兰州,2023-06-20,21.116666666666667,42.420833333333334,北方
兰州,2023-06-21,12.095833333333333,30.145833333333332,北方
兰州,2023-06-22,11.145833333333334,25.491666666666664,北方
兰州,2023-06-23,22.95,58.45416666666667,北方
兰州,2023-06-24,36.704166666666666,79.37916666666666,北方
兰州,2023-06-25,37.666666666666664,83.42916666666666,北方
兰州,2023-06-26,28.2625,74.82083333333334,北方
兰州,2023-06-27,22.245833333333334,57.17083333333333,北方
兰州,2023-06-28,28.195833333333336,96.33749999999999,北方
兰州,2023-06-29,18.391666666666666,42.78333333333333,北方
兰州,2023-06-30,13.85,49.458333333333336,北方
兰州,2023-07-01,29.2375,103.10000000000001,北方
兰州,2023-07-02,32.15833333333333,98.8875,北方
兰州,2023-07-03,18.566666666666666,47.925000000000004,北方
兰州,2023-07-04,15.370833333333332,39.208333333333336,北方
兰州,2023-07-05,11.7875,27.075,北方
兰州,2023-07-06,18.008333333333333,43.94166666666666,北方
兰州,2023-07-07,18.775000000000002,45.26666666666667,北方
兰州,2023-07-08,16.191666666666666,33.983333333333334,北方
兰州,2023-07-09,14.0375,36.34583333333334,北方
兰州,2023-07-10,12.033333333333333,26.579166666666666,北方
兰州,2023-07-11,24.95,63.5625,北方
兰州,2023-07-12,32.21666666666667,78.90833333333333,北方
兰州,2023-07-13,16.283333333333335,33.020833333333336,北方
兰州,2023-07-14,14.591666666666667,39.99166666666667,北方
兰州,2023-07-15,16.904166666666665,41.420833333333334,北方
兰州,2023-07-16,17.791666666666668,39.829166666666666,北方
兰州,2023-07-17,15.929166666666667,37.40416666666667,北方
兰州,2023-07-18,17.083333333333332,36.65833333333333,北方
兰州,2023-07-19,20.170833333333334,38.40416666666667,北方
兰州,2023-07-20,25.8125,58.75833333333333,北方
兰州,2023-07-21,17.145833333333332,40.458333333333336,北方
兰州,2023-07-22,9.691666666666666,29.579166666666666,北方
兰州,2023-07-23,20.587500000000002,35.1,北方
兰州,2023-07-24,21.629166666666666,39.829166666666666,北方
兰州,2023-07-25,18.595833333333335,33.137499999999996,北方
兰州,2023-07-26,17.620833333333334,32.324999999999996,北方
兰州,2023-07-27,27.995833333333334,50.208333333333336,北方
兰州,2023-07-28,26.504166666666666,45.30416666666667,北方
兰州,2023-07-29,6.745833333333334,14.049999999999999,北方
兰州,2023-07-30,8.445833333333333,16.395833333333332,北方
兰州,2023-07-31,9.516666666666667,15.754166666666668,北方
兰州,2023-08-01,15.429166666666667,28.55416666666667,北方
兰州,2023-08-02,10.283333333333333,17.9875,北方
兰州,2023-08-03,15.891666666666666,41.80416666666667,北方
兰州,2023-08-04,38.37916666666667,111.40416666666665,北方
兰州,2023-08-05,23.670833333333334,57.38333333333333,北方
兰州,2023-08-06,16.466666666666665,31.2625,北方
兰州,2023-08-07,13.204166666666666,23.004166666666666,北方
兰州,2023-08-08,17.058333333333334,27.412499999999998,北方
兰州,2023-08-09,12.991666666666667,19.216666666666665,北方
兰州,2023-08-10,20.445833333333333,53.82916666666666,北方
兰州,2023-08-11,23.21666666666667,48.75833333333333,北方
兰州,2023-08-12,18.125,30.295833333333334,北方
兰州,2023-08-13,7.029166666666666,11.791666666666666,北方
兰州,2023-08-14,7.8999999999999995,12.495833333333332,北方
兰州,2023-08-15,18.366666666666667,28.754166666666666,北方
兰州,2023-08-16,29.2375,110.70416666666667,北方
兰州,2023-08-17,23.920833333333334,85.17083333333333,北方
兰州,2023-08-18,13.420833333333334,26.525000000000002,北方
兰州,2023-08-19,10.879166666666668,21.158333333333335,北方
兰州,2023-08-20,19.920833333333334,48.725,北方
兰州,2023-08-21,15.950000000000001,43.00833333333333,北方
兰州,2023-08-22,20.954166666666666,42.166666666666664,北方
兰州,2023-08-23,20.479166666666668,46.48333333333333,北方
兰州,2023-08-24,17.645833333333332,34.550000000000004,北方
兰州,2023-08-25,17.816666666666666,42.86666666666667,北方
兰州,2023-08-26,16.791666666666668,48.324999999999996,北方
兰州,2023-08-27,15.933333333333332,34.083333333333336,北方
兰州,2023-08-28,14.0625,27.6375,北方
兰州,2023-08-29,10.358333333333333,23.7625,北方
兰州,2023-08-30,10.891666666666666,25.483333333333334,北方
兰州,2023-08-31,11.65,28.333333333333332,北方
兰州,2023-09-01,17.583333333333332,34.8625,北方
兰州,2023-09-02,20.6125,47.34166666666667,北方
兰州,2023-09-03,21.47083333333333,46.041666666666664,北方
兰州,2023-09-04,15.683333333333332,43.762499999999996,北方
兰州,2023-09-05,15.995833333333332,35.55833333333333,北方
兰州,2023-09-06,19.783333333333335,34.362500000000004,北方
兰州,2023-09-07,21.97083333333333,49.54583333333333,北方
兰州,2023-09-08,18.358333333333334,27.741666666666664,北方
兰州,2023-09-09,26.666666666666668,40.766666666666666,北方
兰州,2023-09-10,18.945833333333333,38.99583333333333,北方
兰州,2023-09-11,20.204166666666666,37.2875,北方
兰州,2023-09-12,17.991666666666667,32.954166666666666,北方
兰州,2023-09-13,14.145833333333334,30.620833333333334,北方
兰州,2023-09-14,10.683333333333332,32.425000000000004,北方
兰州,2023-09-15,18.929166666666667,47.32916666666667,北方
兰州,2023-09-16,19.474999999999998,48.395833333333336,北方
兰州,2023-09-17,16.991666666666667,57.225,北方
兰州,2023-09-18,19.2625,33.204166666666666,北方
兰州,2023-09-19,16.491666666666667,28.25,北方
兰州,2023-09-20,11.420833333333334,20.779166666666665,北方
兰州,2023-09-21,10.2125,22.05,北方
兰州,2023-09-22,12.295833333333334,20.079166666666666,北方
兰州,2023-09-23,21.379166666666666,53.012499999999996,北方
兰州,2023-09-24,17.666666666666668,28.179166666666664,北方
兰州,2023-09-25,14.8375,27.958333333333332,北方
兰州,2023-09-26,16.05,29.808333333333334,北方
兰州,2023-09-27,16.962500000000002,29.679166666666664,北方
兰州,2023-09-28,18.658333333333335,32.375,北方
兰州,2023-09-29,20.462500000000002,47.262499999999996,北方
兰州,2023-09-30,15.258333333333333,27.979166666666668,北方
兰州,2023-10-01,14.033333333333333,23.8625,北方
兰州,2023-10-02,19.595833333333335,32.916666666666664,北方
兰州,2023-10-03,16.358333333333334,24.025000000000002,北方
兰州,2023-10-04,10.945833333333333,16.55,北方
兰州,2023-10-05,6.825,9.762500000000001,北方
兰州,2023-10-06,18.849999999999998,28.8625,北方
兰州,2023-10-07,28.7,45.20416666666667,北方
兰州,2023-10-08,25.266666666666666,43.47083333333333,北方
兰州,2023-10-09,13.275,25.991666666666664,北方
兰州,2023-10-10,10.958333333333334,23.479166666666668,北方
兰州,2023-10-11,7.745833333333334,11.6625,北方
兰州,2023-10-12,10.058333333333334,15.3375,北方
兰州,2023-10-13,19.55,30.254166666666666,北方
兰州,2023-10-14,23.458333333333332,39.708333333333336,北方
兰州,2023-10-15,16.491666666666667,30.891666666666666,北方
兰州,2023-10-16,14.4,27.78333333333333,北方
兰州,2023-10-17,20.095833333333335,51.887499999999996,北方
兰州,2023-10-18,23.333333333333332,43.6,北方
兰州,2023-10-19,17.787499999999998,39.84583333333333,北方
兰州,2023-10-20,15.5375,25.40833333333333,北方
兰州,2023-10-21,17.212500000000002,27.34583333333333,北方
兰州,2023-10-22,17.041666666666668,29.629166666666666,北方
兰州,2023-10-23,30.545833333333334,47.94583333333333,北方
兰州,2023-10-24,22.724999999999998,33.708333333333336,北方
兰州,2023-10-25,16.995833333333334,31.495833333333334,北方
兰州,2023-10-26,25.650000000000002,40.49583333333333,北方
兰州,2023-10-27,24.758333333333336,37.6,北方
兰州,2023-10-28,25.508333333333336,39.604166666666664,北方
兰州,2023-10-29,23.579166666666666,39.03333333333333,北方
兰州,2023-10-30,28.4875,46.29583333333333,北方
兰州,2023-10-31,26.329166666666666,44.520833333333336,北方
兰州,2023-11-01,21.5,41.28333333333334,北方
兰州,2023-11-02,19.3625,59.949999999999996,北方
兰州,2023-11-03,21.645833333333332,46.43333333333334,北方
兰州,2023-11-04,23.145833333333332,44.87916666666666,北方
兰州,2023-11-05,20.170833333333334,41.5,北方
兰州,2023-11-06,24.275000000000002,37.512499999999996,北方
兰州,2023-11-07,21.329166666666666,31.55,北方
兰州,2023-11-08,27.2375,46.40416666666667,北方
兰州,2023-11-09,28.02916666666667,48.854166666666664,北方
兰州,2023-11-10,26.333333333333332,51.520833333333336,北方
兰州,2023-11-11,22.84583333333333,58.55833333333334,北方
兰州,2023-11-12,28.491666666666664,50.02916666666667,北方
兰州,2023-11-13,35.625,59.270833333333336,北方
兰州,2023-11-14,35.0375,56.5875,北方
兰州,2023-11-15,19.216666666666665,44.362500000000004,北方
兰州,2023-11-16,32.637499999999996,51.4375,北方
兰州,2023-11-17,41.608333333333334,60.26666666666667,北方
兰州,2023-11-18,42.145833333333336,60.70416666666667,北方
兰州,2023-11-19,33.862500000000004,49.03333333333333,北方
兰州,2023-11-20,35.5375,51.44166666666666,北方
兰州,2023-11-21,36.82083333333333,55.34166666666667,北方
兰州,2023-11-22,16.595833333333335,33.24166666666667,北方
兰州,2023-11-23,21.508333333333336,37.487500000000004,北方
兰州,2023-11-24,26.712500000000002,40.637499999999996,北方
兰州,2023-11-25,33.1625,63.4625,北方
兰州,2023-11-26,40.737500000000004,66.09166666666667,北方
兰州,2023-11-27,36.47083333333333,57.90416666666667,北方
兰州,2023-11-28,27.254166666666666,40.32083333333333,北方
兰州,2023-11-29,20.3875,34.420833333333334,北方
兰州,2023-11-30,32.85,53.35,北方
兰州,2023-12-01,34.42916666666667,49.78333333333333,北方
兰州,2023-12-02,43.083333333333336,62.15416666666667,北方
兰州,2023-12-03,47.854166666666664,68.88333333333334,北方
兰州,2023-12-04,43.49583333333334,63.22083333333333,北方
兰州,2023-12-05,29.470833333333335,49.574999999999996,北方
兰州,2023-12-06,24.075,38.50833333333333,北方
兰州,2023-12-07,26.058333333333334,38.791666666666664,北方
兰州,2023-12-08,33.75833333333333,49.300000000000004,北方
兰州,2023-12-09,37.78333333333333,55.57916666666667,北方
兰州,2023-12-10,35.608333333333334,54.125,北方
兰州,2023-12-11,32.550000000000004,55.42083333333333,北方
兰州,2023-12-12,29.620833333333334,45.800000000000004,北方
兰州,2023-12-13,26.712500000000002,38.854166666666664,北方
兰州,2023-12-14,16.1375,34.329166666666666,北方
兰州,2023-12-15,5.541666666666667,11.475,北方
兰州,2023-12-16,28.1125,41.46666666666667,北方
兰州,2023-12-17,33.454166666666666,48.9625,北方
兰州,2023-12-18,30.84583333333333,45.59166666666667,北方
兰州,2023-12-19,26.7375,40.925,北方
兰州,2023-12-20,26.508333333333336,40.891666666666666,北方
兰州,2023-12-21,27.849999999999998,42.05833333333333,北方
兰州,2023-12-22,30.804166666666664,46.2125,北方
兰州,2023-12-23,36.42916666666667,54.75833333333333,北方
兰州,2023-12-24,45.11666666666667,66.63333333333334,北方
兰州,2023-12-25,41.4625,59.775,北方
兰州,2023-12-26,40.77916666666667,58.6875,北方
兰州,2023-12-27,45.012499999999996,64.85416666666667,北方
兰州,2023-12-28,45.791666666666664,66.02916666666667,北方
兰州,2023-12-29,39.56666666666667,58.34583333333333,北方
兰州,2023-12-30,43.3125,62.60833333333333,北方
兰州,2023-12-31,39.525,57.80833333333334,北方
兰州,2024-01-01,41.62083333333333,61.96666666666667,北方
兰州,2024-01-02,32.824999999999996,48.625,北方
兰州,2024-01-03,37.262499999999996,54.75,北方
兰州,2024-01-04,35.12916666666667,52.76666666666667,北方
兰州,2024-01-05,37.375,56.20416666666667,北方
兰州,2024-01-06,29.479166666666668,43.291666666666664,北方
兰州,2024-01-07,37.36666666666667,54.25833333333333,北方
兰州,2024-01-08,27.375,39.725,北方
兰州,2024-01-09,29.587500000000002,43.300000000000004,北方
兰州,2024-01-10,35.9,52.12916666666666,北方
兰州,2024-01-11,33.550000000000004,48.291666666666664,北方
兰州,2024-01-12,32.541666666666664,46.833333333333336,北方
兰州,2024-01-13,29.570833333333336,46.208333333333336,北方
兰州,2024-01-14,29.05,43.87083333333334,北方
兰州,2024-01-15,34.270833333333336,54.27916666666667,北方
兰州,2024-01-16,45.479166666666664,69.00833333333334,北方
兰州,2024-01-17,37.858333333333334,56.5875,北方
兰州,2024-01-18,35.87916666666667,53.84166666666667,北方
兰州,2024-01-19,35.737500000000004,57.916666666666664,北方
兰州,2024-01-20,19.599999999999998,34.520833333333336,北方
兰州,2024-01-21,5.883333333333333,9.616666666666667,北方
兰州,2024-01-22,16.766666666666666,27.8625,北方
兰州,2024-01-23,15.929166666666667,35.99583333333333,北方
兰州,2024-01-24,29.370833333333334,44.68333333333334,北方
兰州,2024-01-25,31.604166666666668,54.479166666666664,北方
兰州,2024-01-26,42.19583333333333,70.72916666666667,北方
兰州,2024-01-27,40.550000000000004,62.525,北方
兰州,2024-01-28,42.9125,65.20416666666667,北方
兰州,2024-01-29,35.9,52.95416666666667,北方
兰州,2024-01-30,29.7375,44.49583333333334,北方
兰州,2024-01-31,31.170833333333334,46.30416666666667,北方
兰州,2024-02-01,37.225,55.50833333333333,北方
兰州,2024-02-02,12.020833333333334,17.820833333333333,北方
兰州,2024-02-03,9.654166666666667,13.8125,北方
兰州,2024-02-04,34.454166666666666,49.9,北方
兰州,2024-02-05,34.4125,52.3375,北方
兰州,2024-02-06,28.420833333333334,51.60833333333333,北方
兰州,2024-02-07,30.087500000000002,48.27916666666667,北方
兰州,2024-02-08,39.300000000000004,60.69166666666666,北方
兰州,2024-02-09,39.09583333333333,63.05833333333334,北方
兰州,2024-02-10,26.479166666666668,46.979166666666664,北方
兰州,2024-02-11,25.241666666666664,36.975,北方
兰州,2024-02-12,26.320833333333336,37.9125,北方
兰州,2024-02-13,27.066666666666666,39.37916666666667,北方
兰州,2024-02-14,11.079166666666666,21.258333333333333,北方
兰州,2024-02-15,29.65833333333333,49.57916666666667,北方
兰州,2024-02-16,20.341666666666665,33.9,北方
兰州,2024-02-17,18.400000000000002,32.46666666666667,北方
兰州,2024-02-18,8.895833333333334,35.354166666666664,北方
兰州,2024-02-19,21.583333333333332,86.00833333333333,北方
兰州,2024-02-20,36.270833333333336,128.90833333333333,北方
兰州,2024-02-21,16.5625,58.35833333333333,北方
兰州,2024-02-22,9.183333333333334,14.820833333333333,北方
兰州,2024-02-23,12.575000000000001,20.537499999999998,北方
兰州,2024-02-24,21.708333333333332,35.608333333333334,北方
兰州,2024-02-25,35.71666666666667,60.01666666666667,北方
兰州,2024-02-26,17.295833333333334,26.741666666666664,北方
兰州,2024-02-27,13.85,20.554166666666667,北方
兰州,2024-02-28,25.808333333333334,51.1875,北方
兰州,2024-02-29,7.745833333333334,14.3125,北方
兰州,2024-03-01,13.679166666666667,24.570833333333336,北方
兰州,2024-03-02,26.504166666666666,42.80833333333334,北方
兰州,2024-03-03,21.316666666666666,34.42916666666667,北方
兰州,2024-03-04,20.529166666666665,61.916666666666664,北方
兰州,2024-03-05,32.175000000000004,85.25,北方
兰州,2024-03-06,25.020833333333332,67.175,北方
兰州,2024-03-07,31.141666666666666,104.10416666666667,北方
兰州,2024-03-08,30.391666666666666,75.325,北方
兰州,2024-03-09,29.645833333333332,73.06666666666666,北方
兰州,2024-03-10,28.583333333333332,83.72916666666667,北方
兰州,2024-03-11,30.433333333333334,86.325,北方
兰州,2024-03-12,23.566666666666666,50.92083333333333,北方
兰州,2024-03-13,29.65416666666667,76.91250000000001,北方
兰州,2024-03-14,27.504166666666666,107.70416666666667,北方
兰州,2024-03-15,30.5,136.15,北方
兰州,2024-03-16,32.395833333333336,107.97083333333335,北方
兰州,2024-03-17,33.425000000000004,140.06666666666666,北方
兰州,2024-03-18,39.43333333333333,187.01250000000002,北方
兰州,2024-03-19,29.945833333333336,93.67083333333333,北方
兰州,2024-03-20,25.179166666666664,65.03333333333333,北方
兰州,2024-03-21,25.704166666666666,87.72916666666667,北方
兰州,2024-03-22,27.912499999999998,84.7625,北方
兰州,2024-03-23,33.637499999999996,146.3375,北方
兰州,2024-03-24,12.025,32.229166666666664,北方
兰州,2024-03-25,26.958333333333332,56.17083333333333,北方
兰州,2024-03-26,20.408333333333335,51.32916666666667,北方
兰州,2024-03-27,22.787499999999998,66.42916666666666,北方
兰州,2024-03-28,27.27916666666667,83.54166666666667,北方
兰州,2024-03-29,35.17916666666667,147.59583333333333,北方
兰州,2024-03-30,34.762499999999996,128.53333333333333,北方
兰州,2024-03-31,23.254166666666666,93.83749999999999,北方
兰州,2024-04-01,40.795833333333334,215.22916666666666,北方
兰州,2024-04-02,70.79166666666667,318.43333333333334,北方
兰州,2024-04-03,42.68333333333334,140.71666666666667,北方
兰州,2024-04-04,33.895833333333336,92.7,北方
兰州,2024-04-05,15.870833333333332,27.400000000000002,北方
兰州,2024-04-06,20.079166666666666,40.920833333333334,北方
兰州,2024-04-07,26.504166666666666,49.3375,北方
兰州,2024-04-08,28.508333333333336,75.90416666666667,北方
兰州,2024-04-09,22.079166666666666,42.520833333333336,北方
兰州,2024-04-10,20.858333333333334,61.25416666666666,北方
兰州,2024-04-11,26.379166666666666,97.40833333333335,北方
兰州,2024-04-12,25.15833333333333,87.47500000000001,北方
兰州,2024-04-13,25.96666666666667,67.53750000000001,北方
兰州,2024-04-14,45.69166666666666,178.1833333333333,北方
兰州,2024-04-15,31.120833333333334,102.45833333333333,北方
兰州,2024-04-16,28.704166666666666,79.06666666666666,北方
兰州,2024-04-17,28.645833333333332,87.87083333333334,北方
兰州,2024-04-18,19.712500000000002,60.895833333333336,北方
兰州,2024-04-19,34.15,126.47916666666667,北方
兰州,2024-04-20,32.74583333333333,116.92083333333333,北方
兰州,2024-04-21,27.920833333333334,74.125,北方
兰州,2024-04-22,31.59166666666667,128.59166666666667,北方
兰州,2024-04-23,27.474999999999998,95.64999999999999,北方
兰州,2024-04-24,17.712500000000002,53.78333333333333,北方
兰州,2024-04-25,24.266666666666666,83.39583333333333,北方
兰州,2024-04-26,26.316666666666666,121.87916666666666,北方
兰州,2024-04-27,22.395833333333332,67.49583333333334,北方
兰州,2024-04-28,75.87083333333334,296.54583333333335,北方
兰州,2024-04-29,22.795833333333334,129.46666666666667,北方
兰州,2024-04-30,23.59583333333333,112.875,北方
兰州,2024-05-01,20.454166666666666,82.96249999999999,北方
兰州,2024-05-02,11.158333333333333,31.52916666666667,北方
兰州,2024-05-03,22.59166666666667,63.4125,北方
兰州,2024-05-04,31.45,82.20833333333333,北方
兰州,2024-05-05,26.583333333333332,61.979166666666664,北方
兰州,2024-05-06,25.704166666666666,81.65416666666667,北方
兰州,2024-05-07,17.316666666666666,58.79583333333333,北方
兰州,2024-05-08,19.125,60.86666666666667,北方
兰州,2024-05-09,18.883333333333333,57.3375,北方
兰州,2024-05-10,30.662499999999998,125.55833333333334,北方
兰州,2024-05-11,18.2625,44.55833333333334,北方
兰州,2024-05-12,19.575,61.61666666666667,北方
兰州,2024-05-13,15.4,58.770833333333336,北方
兰州,2024-05-14,19.345833333333335,79.06666666666666,北方
兰州,2024-05-15,19.529166666666665,67.70833333333333,北方
兰州,2024-05-16,21.5625,85.45833333333333,北方
兰州,2024-05-17,19.995833333333334,66.97916666666667,北方
兰州,2024-05-18,21.479166666666668,58.07916666666667,北方
兰州,2024-05-19,35.199999999999996,103.00416666666666,北方
兰州,2024-05-20,35.13333333333333,97.3625,北方
兰州,2024-05-21,19.724999999999998,68.85833333333333,北方
兰州,2024-05-22,14.733333333333334,55.300000000000004,北方
兰州,2024-05-23,18.204166666666666,65.06666666666666,北方
兰州,2024-05-24,55.625,212.45416666666665,北方
兰州,2024-05-25,50.27916666666667,107.17916666666667,北方
兰州,2024-05-26,21.962500000000002,46.10833333333333,北方
兰州,2024-05-27,26.462500000000002,64.3625,北方
兰州,2024-05-28,16.7,36.22083333333333,北方
兰州,2024-05-29,19.229166666666668,52.81666666666666,北方
兰州,2024-05-30,15.25,37.61666666666667,北方
兰州,2024-05-31,14.295833333333334,52.6625,北方
兰州,2024-06-01,17.4875,36.487500000000004,北方
兰州,2024-06-02,22.170833333333334,69.83333333333333,北方
兰州,2024-06-03,23.429166666666664,44.612500000000004,北方
兰州,2024-06-04,27.22083333333333,62.26666666666667,北方
兰州,2024-06-05,26.745833333333334,79.1875,北方
兰州,2024-06-06,15.983333333333334,65.62083333333334,北方
兰州,2024-06-07,16.8625,71.01666666666667,北方
兰州,2024-06-08,15.658333333333333,29.945833333333336,北方
兰州,2024-06-09,16.033333333333335,35.829166666666666,北方
兰州,2024-06-10,16.837500000000002,45.42083333333333,北方
兰州,2024-06-11,21.858333333333334,57.375,北方
兰州,2024-06-12,21.816666666666666,51.18333333333334,北方
兰州,2024-06-13,30.133333333333336,91.05,北方
兰州,2024-06-14,24.733333333333334,60.24583333333334,北方
兰州,2024-06-15,21.304166666666667,51.65416666666667,北方
兰州,2024-06-16,19.533333333333335,38.19583333333333,北方
兰州,2024-06-17,15.533333333333333,31.116666666666664,北方
兰州,2024-06-18,24.037499999999998,50.400000000000006,北方
兰州,2024-06-19,23.650000000000002,49.97083333333333,北方
兰州,2024-06-20,17.329166666666666,39.72083333333333,北方
兰州,2024-06-21,16.558333333333334,45.9,北方
兰州,2024-06-22,19.491666666666667,51.54583333333333,北方
兰州,2024-06-23,27.71666666666667,79.82083333333334,北方
兰州,2024-06-24,13.495833333333332,53.020833333333336,北方
兰州,2024-06-25,13.8375,47.92083333333333,北方
兰州,2024-06-26,18.287499999999998,53.67083333333333,北方
兰州,2024-06-27,17.3875,45.458333333333336,北方
兰州,2024-06-28,19.770833333333332,46.09583333333333,北方
兰州,2024-06-29,25.954166666666666,56.72083333333333,北方
兰州,2024-06-30,24.287499999999998,51.137499999999996,北方
兰州,2024-07-01,21.433333333333334,43.725,北方
兰州,2024-07-02,17.583333333333332,31.412499999999998,北方
兰州,2024-07-03,26.2375,48.34166666666667,北方
兰州,2024-07-04,18.0125,55.291666666666664,北方
兰州,2024-07-05,16.7375,32.025,北方
兰州,2024-07-06,15.279166666666667,25.325,北方
兰州,2024-07-07,29.224999999999998,65.14583333333333,北方
兰州,2024-07-08,35.37916666666667,56.5625,北方
兰州,2024-07-09,28.291666666666668,47.895833333333336,北方
兰州,2024-07-10,28.45,53.21666666666667,北方
兰州,2024-07-11,28.425,56.57916666666667,北方
兰州,2024-07-12,27.641666666666666,53.80833333333334,北方
兰州,2024-07-13,28.5625,45.32916666666667,北方
兰州,2024-07-14,13.683333333333332,21.849999999999998,北方
兰州,2024-07-15,16.083333333333332,27.712500000000002,北方
兰州,2024-07-16,10.945833333333333,22.204166666666666,北方
兰州,2024-07-17,18.008333333333333,37.729166666666664,北方
兰州,2024-07-18,15.891666666666666,34.199999999999996,北方
兰州,2024-07-19,16.166666666666668,32.53333333333333,北方
兰州,2024-07-20,15.825000000000001,42.84583333333333,北方
兰州,2024-07-21,38.824999999999996,117.88333333333333,北方
兰州,2024-07-22,13.979166666666666,30.933333333333334,北方
兰州,2024-07-23,23.3125,46.275,北方
兰州,2024-07-24,26.59583333333333,90.32916666666667,北方
兰州,2024-07-25,20.433333333333334,50.62083333333334,北方
兰州,2024-07-26,14.354166666666666,33.19166666666667,北方
兰州,2024-07-27,14.983333333333334,28.995833333333334,北方
兰州,2024-07-28,13.591666666666667,23.608333333333334,北方
兰州,2024-07-29,26.183333333333334,42.5875,北方
兰州,2024-07-30,26.7625,51.30833333333334,北方
兰州,2024-07-31,15.475,30.037499999999998,北方
兰州,2024-08-01,10.845833333333333,24.104166666666668,北方
兰州,2024-08-02,24.233333333333334,62.92916666666667,北方
兰州,2024-08-03,27.141666666666666,48.0375,北方
兰州,2024-08-04,25.858333333333334,46.583333333333336,北方
兰州,2024-08-05,16.633333333333333,28.0,北方
兰州,2024-08-06,18.495833333333334,38.75,北方
兰州,2024-08-07,31.28333333333333,60.775,北方
兰州,2024-08-08,15.575000000000001,34.333333333333336,北方
兰州,2024-08-09,28.295833333333334,75.75,北方
兰州,2024-08-10,27.354166666666668,59.69583333333333,北方
兰州,2024-08-11,17.8,31.09583333333333,北方
兰州,2024-08-12,11.200000000000001,18.629166666666666,北方
兰州,2024-08-13,10.716666666666667,16.654166666666665,北方
兰州,2024-08-14,18.770833333333332,40.233333333333334,北方
兰州,2024-08-15,28.483333333333334,51.2875,北方
兰州,2024-08-16,24.125,42.762499999999996,北方
兰州,2024-08-17,18.995833333333334,32.704166666666666,北方
兰州,2024-08-18,16.625,30.566666666666666,北方
兰州,2024-08-19,11.65,23.816666666666666,北方
兰州,2024-08-20,12.941666666666668,33.55416666666667,北方
兰州,2024-08-21,13.504166666666668,28.554166666666664,北方
兰州,2024-08-22,16.1375,25.675,北方
兰州,2024-08-23,18.4875,26.587500000000002,北方
兰州,2024-08-24,21.679166666666664,31.983333333333334,北方
兰州,2024-08-25,21.733333333333334,50.67916666666667,北方
兰州,2024-08-26,21.645833333333332,53.550000000000004,北方
兰州,2024-08-27,11.791666666666666,22.337500000000002,北方
兰州,2024-08-28,15.233333333333334,27.90833333333333,北方
兰州,2024-08-29,21.945833333333336,36.574999999999996,北方
兰州,2024-08-30,17.566666666666666,27.34583333333333,北方
兰州,2024-08-31,25.2625,56.9125,北方
兰州,2024-09-01,18.283333333333335,36.395833333333336,北方
兰州,2024-09-02,15.070833333333333,21.641666666666666,北方
兰州,2024-09-03,24.1125,35.925000000000004,北方
兰州,2024-09-04,7.129166666666666,11.083333333333334,北方
兰州,2024-09-05,8.079166666666667,13.174999999999999,北方
兰州,2024-09-06,13.741666666666667,19.708333333333332,北方
兰州,2024-09-07,12.7875,20.162499999999998,北方
兰州,2024-09-08,18.920833333333334,39.166666666666664,北方
兰州,2024-09-09,16.654166666666665,45.37083333333334,北方
兰州,2024-09-10,15.3125,26.349999999999998,北方
兰州,2024-09-11,12.058333333333332,19.599999999999998,北方
兰州,2024-09-12,14.970833333333333,26.070833333333336,北方
兰州,2024-09-13,14.195833333333333,31.179166666666664,北方
兰州,2024-09-14,13.379166666666668,20.208333333333332,北方
兰州,2024-09-15,12.775,18.608333333333334,北方
兰州,2024-09-16,10.666666666666666,16.537499999999998,北方
兰州,2024-09-17,16.958333333333332,24.349999999999998,北方
兰州,2024-09-18,18.654166666666665,26.724999999999998,北方
兰州,2024-09-19,15.745833333333332,23.09166666666667,北方
兰州,2024-09-20,9.583333333333334,14.120833333333332,北方
兰州,2024-09-21,14.691666666666668,26.462500000000002,北方
兰州,2024-09-22,15.229166666666666,26.295833333333334,北方
兰州,2024-09-23,19.570833333333333,30.77916666666667,北方
兰州,2024-09-24,22.59583333333333,43.30416666666667,北方
兰州,2024-09-25,17.879166666666666,32.00416666666667,北方
兰州,2024-09-26,23.0625,40.6625,北方
兰州,2024-09-27,15.891666666666666,27.129166666666666,北方
兰州,2024-09-28,24.875,36.2875,北方
兰州,2024-09-29,12.570833333333333,39.699999999999996,北方
兰州,2024-09-30,12.766666666666666,53.083333333333336,北方
兰州,2024-10-01,16.895833333333332,39.75833333333333,北方
兰州,2024-10-02,15.395833333333334,27.608333333333334,北方
兰州,2024-10-03,10.012500000000001,21.53333333333333,北方
兰州,2024-10-04,17.766666666666666,29.679166666666664,北方
兰州,2024-10-05,22.954166666666666,35.2875,北方
兰州,2024-10-06,29.02916666666667,59.64166666666667,北方
兰州,2024-10-07,30.079166666666666,47.9625,北方
兰州,2024-10-08,27.520833333333332,40.512499999999996,北方
兰州,2024-10-09,30.775000000000002,70.25416666666666,北方
兰州,2024-10-10,23.724999999999998,42.550000000000004,北方
兰州,2024-10-11,16.983333333333334,28.495833333333334,北方
兰州,2024-10-12,19.554166666666667,29.570833333333336,北方
兰州,2024-10-13,31.325,49.51666666666667,北方
兰州,2024-10-14,18.9375,30.995833333333334,北方
兰州,2024-10-15,18.120833333333334,30.375,北方
兰州,2024-10-16,19.683333333333334,30.2375,北方
兰州,2024-10-17,22.729166666666668,36.61666666666667,北方
兰州,2024-10-18,28.375,44.775,北方
兰州,2024-10-19,15.049999999999999,21.545833333333334,北方
兰州,2024-10-20,15.683333333333332,34.12083333333333,北方
兰州,2024-10-21,15.700000000000001,42.108333333333334,北方
兰州,2024-10-22,18.633333333333333,32.25,北方
兰州,2024-10-23,19.320833333333333,31.275000000000002,北方
兰州,2024-10-24,17.849999999999998,27.833333333333332,北方
兰州,2024-10-25,19.116666666666667,36.954166666666666,北方
兰州,2024-10-26,31.504166666666666,56.050000000000004,北方
兰州,2024-10-27,25.4875,41.9125,北方
兰州,2024-10-28,22.479166666666668,36.891666666666666,北方
兰州,2024-10-29,15.533333333333333,22.95,北方
兰州,2024-10-30,24.8875,40.30416666666667,北方
兰州,2024-10-31,24.59166666666667,42.4,北方
兰州,2024-11-01,30.954166666666666,47.89166666666667,北方
兰州,2024-11-02,31.7625,47.3125,北方
兰州,2024-11-03,20.8125,48.09583333333333,北方
兰州,2024-11-04,32.4375,56.824999999999996,北方
兰州,2024-11-05,31.179166666666664,49.8375,北方
兰州,2024-11-06,23.8,36.300000000000004,北方
兰州,2024-11-07,21.59583333333333,34.233333333333334,北方
兰州,2024-11-08,20.433333333333334,31.166666666666668,北方
兰州,2024-11-09,20.941666666666666,35.5625,北方
兰州,2024-11-10,28.541666666666668,47.37083333333334,北方
兰州,2024-11-11,22.933333333333334,57.69583333333333,北方
兰州,2024-11-12,33.704166666666666,59.48333333333333,北方
兰州,2024-11-13,40.479166666666664,51.95416666666667,北方
兰州,2024-11-14,42.09583333333333,68.71249999999999,北方
兰州,2024-11-15,23.366666666666664,82.3875,北方
兰州,2024-11-16,24.125,69.42083333333333,北方
兰州,2024-11-17,21.433333333333334,27.325,北方
兰州,2024-11-18,18.879166666666666,22.191666666666666,北方
兰州,2024-11-19,40.99583333333333,44.975,北方
兰州,2024-11-20,50.26666666666667,55.895833333333336,北方
兰州,2024-11-21,49.10833333333333,56.32083333333333,北方
兰州,2024-11-22,32.86666666666667,42.479166666666664,北方
兰州,2024-11-23,21.566666666666666,26.004166666666666,北方
兰州,2024-11-24,13.958333333333334,19.066666666666666,北方
兰州,2024-11-25,23.508333333333336,30.129166666666666,北方
兰州,2024-11-26,43.24583333333334,47.62916666666666,北方
兰州,2024-11-27,49.12916666666666,54.53333333333333,北方
兰州,2024-11-28,47.9,56.15,北方
兰州,2024-11-29,66.5,73.3625,北方
兰州,2024-11-30,50.791666666666664,79.49583333333334,北方
兰州,2024-12-01,47.49166666666667,63.87083333333334,北方
兰州,2024-12-02,39.550000000000004,48.0625,北方
兰州,2024-12-03,42.00416666666667,65.15833333333333,北方
兰州,2024-12-04,34.84583333333333,48.9375,北方
兰州,2024-12-05,41.5375,47.29583333333333,北方
兰州,2024-12-06,47.083333333333336,55.041666666666664,北方
兰州,2024-12-07,27.90416666666667,34.44583333333333,北方
兰州,2024-12-08,29.21666666666667,31.104166666666668,北方
兰州,2024-12-09,21.554166666666664,22.554166666666664,北方
兰州,2024-12-10,18.712500000000002,19.933333333333334,北方
兰州,2024-12-11,21.72083333333333,22.066666666666666,北方
兰州,2024-12-12,27.354166666666668,29.75,北方
兰州,2024-12-13,29.270833333333332,30.820833333333336,北方
兰州,2024-12-14,62.449999999999996,64.5125,北方
兰州,2024-12-15,61.333333333333336,62.85833333333333,北方
兰州,2024-12-16,58.449999999999996,60.020833333333336,北方
兰州,2024-12-17,46.25416666666666,47.71666666666667,北方
兰州,2024-12-18,39.475,39.920833333333334,北方
兰州,2024-12-19,76.69583333333334,78.6375,北方
兰州,2024-12-20,65.0625,66.96666666666667,北方
兰州,2024-12-21,54.38333333333333,56.1875,北方
兰州,2024-12-22,41.6625,42.729166666666664,北方
兰州,2024-12-23,35.4,36.47083333333333,北方
兰州,2024-12-24,42.87083333333334,44.449999999999996,北方
兰州,2024-12-25,56.645833333333336,58.56666666666666,北方
兰州,2024-12-26,46.32916666666667,47.79583333333333,北方
兰州,2024-12-27,32.795833333333334,34.454166666666666,北方
兰州,2024-12-28,53.62083333333334,55.012499999999996,北方
兰州,2024-12-29,49.17083333333333,54.29583333333333,北方
兰州,2024-12-30,57.1,63.85,北方
兰州,2024-12-31,40.21666666666666,42.016666666666666,北方
北京,2022-08-04,86.14375,123.3375,北方
北京,2022-08-05,83.8875,124.07083333333333,北方
北京,2022-08-06,110.15833333333335,157.81666666666666,北方
北京,2022-08-07,49.04583333333333,70.12083333333334,北方
北京,2022-08-08,45.475,65.24583333333334,北方
北京,2022-08-09,52.43333333333334,75.69166666666666,北方
北京,2022-08-10,49.395833333333336,70.6875,北方
北京,2022-08-11,59.59583333333333,85.14583333333333,北方
北京,2022-08-12,68.28750000000001,97.72083333333335,北方
北京,2022-08-13,78.67916666666666,114.72500000000001,北方
北京,2022-08-14,58.13333333333333,85.3,北方
北京,2022-08-15,33.36666666666667,49.925000000000004,北方
北京,2022-08-16,26.754166666666666,38.21666666666667,北方
北京,2022-08-17,60.55416666666667,87.0,北方
北京,2022-08-18,72.19166666666666,103.39583333333333,北方
北京,2022-08-19,38.49166666666667,55.32916666666667,北方
北京,2022-08-20,40.762499999999996,58.6625,北方
北京,2022-08-21,54.862500000000004,79.22083333333333,北方
北京,2022-08-22,36.525,52.354166666666664,北方
北京,2022-08-23,16.129166666666666,24.054166666666664,北方
北京,2022-08-24,40.5625,59.25833333333333,北方
北京,2022-08-25,32.262499999999996,52.958333333333336,北方
北京,2022-08-26,24.599999999999998,37.083333333333336,北方
北京,2022-08-27,26.28333333333333,38.19166666666667,北方
北京,2022-08-28,59.520833333333336,85.32083333333334,北方
北京,2022-08-29,54.96666666666667,85.03750000000001,北方
北京,2022-08-30,84.11666666666666,122.52916666666665,北方
北京,2022-08-31,44.34583333333333,68.45,北方
北京,2022-09-01,26.65416666666667,38.44583333333333,北方
北京,2022-09-02,65.45416666666667,93.90833333333335,北方
北京,2022-09-03,88.6125,127.40833333333335,北方
北京,2022-09-04,59.9125,87.2625,北方
北京,2022-09-05,32.0,63.300000000000004,北方
北京,2022-09-06,28.458333333333332,45.29583333333333,北方
北京,2022-09-07,30.72083333333333,49.18333333333334,北方
北京,2022-09-08,66.85000000000001,96.02499999999999,北方
北京,2022-09-09,95.59583333333335,137.0875,北方
北京,2022-09-10,106.95416666666667,153.40833333333333,北方
北京,2022-09-11,65.92916666666666,98.16666666666667,北方
北京,2022-09-12,93.075,134.89166666666668,北方
北京,2022-09-13,98.8625,142.86249999999998,北方
北京,2022-09-14,79.16250000000001,114.92916666666667,北方
北京,2022-09-15,47.23333333333333,68.59583333333333,北方
北京,2022-09-16,68.69583333333334,98.55,北方
北京,2022-09-17,84.78750000000001,123.90833333333335,北方
北京,2022-09-18,39.729166666666664,59.291666666666664,北方
北京,2022-09-19,15.137500000000001,21.912499999999998,北方
北京,2022-09-20,14.966666666666667,21.712500000000002,北方
北京,2022-09-21,42.775,61.34583333333333,北方
北京,2022-09-22,26.474999999999998,43.90833333333333,北方
北京,2022-09-23,12.137500000000001,17.9875,北方
北京,2022-09-24,42.67916666666667,61.69166666666666,北方
北京,2022-09-25,78.25416666666666,112.10833333333333,北方
北京,2022-09-26,93.0,133.70833333333334,北方
北京,2022-09-27,92.53333333333335,133.17499999999998,北方
北京,2022-09-28,97.79583333333333,140.75833333333335,北方
北京,2022-09-29,108.02083333333333,154.80416666666665,北方
北京,2022-09-30,84.88333333333334,121.42916666666667,北方
北京,2022-10-01,82.45416666666667,118.2625,北方
北京,2022-10-02,45.10833333333333,65.31666666666666,北方
北京,2022-10-03,24.7,35.80416666666667,北方
北京,2022-10-04,13.783333333333333,19.691666666666666,北方
北京,2022-10-05,41.391666666666666,59.17916666666667,北方
北京,2022-10-06,57.64166666666667,82.47916666666667,北方
北京,2022-10-07,66.50416666666666,95.60000000000001,北方
北京,2022-10-08,78.95833333333333,114.05416666666667,北方
北京,2022-10-09,3.6833333333333336,5.254166666666666,北方
北京,2022-10-10,25.233333333333334,36.27916666666667,北方
北京,2022-10-11,56.300000000000004,82.74166666666666,北方
北京,2022-10-12,96.22083333333335,137.875,北方
北京,2022-10-13,128.3125,183.3791666666667,北方
北京,2022-10-14,157.9625,225.8125,北方
北京,2022-10-15,141.98749999999998,204.71666666666667,北方
北京,2022-10-16,21.266666666666666,30.995833333333334,北方
北京,2022-10-17,23.808333333333334,34.57083333333333,北方
北京,2022-10-18,48.5625,70.57916666666667,北方
北京,2022-10-19,85.95416666666667,123.37083333333334,北方
北京,2022-10-20,98.18333333333334,140.55416666666667,北方
北京,2022-10-21,131.71666666666667,188.70833333333334,北方
北京,2022-10-22,39.0625,58.7125,北方
北京,2022-10-23,47.60833333333333,69.58333333333333,北方
北京,2022-10-24,78.71666666666667,113.25416666666666,北方
北京,2022-10-25,124.43333333333334,179.47083333333333,北方
北京,2022-10-26,85.25,124.14583333333333,北方
北京,2022-10-27,32.579166666666666,47.645833333333336,北方
北京,2022-10-28,76.02083333333333,111.14999999999999,北方
北京,2022-10-29,86.27916666666665,127.47916666666667,北方
北京,2022-10-30,104.71249999999999,153.05833333333334,北方
北京,2022-10-31,51.30416666666667,78.54583333333333,北方
北京,2022-11-01,46.76666666666667,68.29166666666667,北方
北京,2022-11-02,68.84166666666667,100.65833333333335,北方
北京,2022-11-03,48.9625,71.42916666666666,北方
北京,2022-11-04,36.516666666666666,52.56666666666666,北方
北京,2022-11-05,58.03333333333333,83.01666666666667,北方
北京,2022-11-06,152.65416666666667,218.70000000000002,北方
北京,2022-11-07,57.7125,83.00416666666666,北方
北京,2022-11-08,105.46666666666665,151.49583333333334,北方
北京,2022-11-09,162.4625,233.5625,北方
北京,2022-11-10,146.60833333333332,210.77916666666667,北方
北京,2022-11-11,107.41250000000001,154.125,北方
北京,2022-11-12,16.416666666666668,23.5125,北方
北京,2022-11-13,28.991666666666664,41.454166666666666,北方
北京,2022-11-14,74.05416666666666,107.3625,北方
北京,2022-11-15,53.770833333333336,78.15416666666667,北方
北京,2022-11-16,95.7375,138.025,北方
北京,2022-11-17,124.91666666666667,179.25,北方
北京,2022-11-18,92.38333333333333,134.17499999999998,北方
北京,2022-11-19,132.80416666666667,195.5625,北方
北京,2022-11-20,140.30416666666667,207.47083333333333,北方
北京,2022-11-21,84.93333333333334,124.75416666666666,北方
北京,2022-11-22,123.12916666666666,179.6208333333333,北方
北京,2022-11-23,135.90833333333333,195.45833333333334,北方
北京,2022-11-24,165.775,237.45000000000002,北方
北京,2022-11-25,78.7,122.80833333333334,北方
北京,2022-11-26,32.43333333333333,53.125,北方
北京,2022-11-27,76.72500000000001,111.15416666666665,北方
北京,2022-11-28,70.2625,105.58749999999999,北方
北京,2022-11-29,7.8875,13.170833333333334,北方
北京,2022-11-30,24.108333333333334,39.141666666666666,北方
北京,2022-12-01,58.475,87.7,北方
北京,2022-12-02,96.33749999999999,139.65416666666667,北方
北京,2022-12-03,40.699999999999996,59.95416666666667,北方
北京,2022-12-04,86.29583333333333,124.61666666666667,北方
北京,2022-12-05,72.37916666666666,106.98333333333333,北方
北京,2022-12-06,69.22500000000001,99.64583333333333,北方
北京,2022-12-07,92.97500000000001,133.70416666666668,北方
北京,2022-12-08,83.95,120.64166666666667,北方
北京,2022-12-09,80.77916666666667,118.1375,北方
北京,2022-12-10,18.783333333333335,27.270833333333332,北方
北京,2022-12-11,41.045833333333334,58.80833333333334,北方
北京,2022-12-12,58.75416666666666,96.04166666666667,北方
北京,2022-12-13,13.633333333333333,21.091666666666665,北方
北京,2022-12-14,0.7374999999999999,1.0708333333333333,北方
北京,2022-12-15,0.6749999999999999,0.9625,北方
北京,2022-12-16,13.700000000000001,19.849999999999998,北方
北京,2022-12-17,10.9,16.854166666666668,北方
北京,2022-12-18,81.39583333333333,120.54583333333333,北方
北京,2022-12-19,121.97500000000001,179.95833333333334,北方
北京,2022-12-20,135.75833333333333,196.57083333333333,北方
北京,2022-12-21,32.3125,47.583333333333336,北方
北京,2022-12-22,11.491666666666667,16.587500000000002,北方
北京,2022-12-23,22.583333333333332,32.49583333333333,北方
北京,2022-12-24,47.2125,67.48333333333333,北方
北京,2022-12-25,82.85833333333333,118.42916666666667,北方
北京,2022-12-26,77.0125,121.54166666666667,北方
北京,2022-12-27,33.49583333333333,50.30416666666667,北方
北京,2022-12-28,65.80416666666666,98.0,北方
北京,2022-12-29,43.63333333333333,64.47083333333333,北方
北京,2022-12-30,70.0625,100.3875,北方
北京,2022-12-31,67.70416666666667,98.66666666666667,北方
北京,2023-01-01,79.87083333333334,119.17083333333333,北方
北京,2023-01-02,58.25833333333333,83.91666666666667,北方
北京,2023-01-03,91.50833333333333,132.00833333333333,北方
北京,2023-01-04,153.95000000000002,224.61249999999998,北方
北京,2023-01-05,190.39583333333334,274.91249999999997,北方
北京,2023-01-06,127.20833333333333,187.1291666666667,北方
北京,2023-01-07,106.44166666666666,156.17916666666667,北方
北京,2023-01-08,88.42083333333333,130.86249999999998,北方
北京,2023-01-09,60.2125,86.33749999999999,北方
北京,2023-01-10,106.85833333333333,153.9,北方
北京,2023-01-11,193.45000000000002,277.6375,北方
北京,2023-01-12,174.63750000000002,251.74166666666667,北方
北京,2023-01-13,93.825,135.10833333333332,北方
北京,2023-01-14,13.1875,19.133333333333333,北方
北京,2023-01-15,43.35,62.1875,北方
北京,2023-01-16,107.66666666666667,157.26666666666668,北方
北京,2023-01-17,61.583333333333336,99.7375,北方
北京,2023-01-18,100.50416666666666,150.7875,北方
北京,2023-01-19,49.32916666666667,80.45416666666667,北方
北京,2023-01-20,24.150000000000002,37.13333333333333,北方
北京,2023-01-21,81.38333333333334,117.8,北方
北京,2023-01-22,122.72083333333335,184.24166666666667,北方
北京,2023-01-23,25.866666666666664,40.2875,北方
北京,2023-01-24,25.308333333333334,36.2125,北方
北京,2023-01-25,79.17083333333333,113.49583333333334,北方
北京,2023-01-26,49.979166666666664,73.22500000000001,北方
北京,2023-01-27,23.125,33.69166666666667,北方
北京,2023-01-28,44.43333333333334,68.18333333333334,北方
北京,2023-01-29,53.25,80.76666666666667,北方
北京,2023-01-30,131.60833333333332,190.82916666666665,北方
北京,2023-01-31,81.52916666666667,118.54166666666667,北方
北京,2023-02-01,19.35,27.895833333333332,北方
北京,2023-02-02,50.32916666666667,72.20416666666667,北方
北京,2023-02-03,125.82916666666667,180.70833333333334,北方
北京,2023-02-04,59.916666666666664,87.17083333333333,北方
北京,2023-02-05,154.30833333333334,221.25833333333333,北方
北京,2023-02-06,104.71249999999999,152.625,北方
北京,2023-02-07,103.01666666666667,148.89166666666668,北方
北京,2023-02-08,51.625,73.9875,北方
北京,2023-02-09,75.41250000000001,111.45416666666667,北方
北京,2023-02-10,121.09166666666665,174.66666666666666,北方
北京,2023-02-11,143.36666666666667,206.2875,北方
北京,2023-02-12,108.42916666666667,158.65833333333333,北方
北京,2023-02-13,45.69166666666666,65.87083333333334,北方
北京,2023-02-14,52.76666666666667,77.89166666666667,北方
北京,2023-02-15,67.84583333333333,99.47083333333335,北方
北京,2023-02-16,143.52916666666667,207.58333333333334,北方
北京,2023-02-17,224.84583333333333,323.1875,北方
北京,2023-02-18,217.20000000000002,312.46666666666664,北方
北京,2023-02-19,45.7125,67.95,北方
北京,2023-02-20,35.7125,52.79583333333333,北方
北京,2023-02-21,67.28333333333333,96.43333333333334,北方
北京,2023-02-22,107.55416666666667,154.02083333333334,北方
北京,2023-02-23,147.00833333333333,211.07500000000002,北方
北京,2023-02-24,47.7125,68.33333333333333,北方
北京,2023-02-25,41.06666666666667,58.725,北方
北京,2023-02-26,88.3,127.1375,北方
北京,2023-02-27,122.31666666666666,175.67083333333335,北方
北京,2023-02-28,66.72916666666667,96.44166666666666,北方
北京,2023-03-01,30.795833333333334,45.65416666666667,北方
北京,2023-03-02,54.333333333333336,78.6375,北方
北京,2023-03-03,49.550000000000004,76.86666666666666,北方
北京,2023-03-04,96.08333333333333,143.46666666666667,北方
北京,2023-03-05,142.4,208.69583333333333,北方
北京,2023-03-06,89.07916666666667,133.22083333333333,北方
北京,2023-03-07,123.67916666666667,181.97083333333333,北方
北京,2023-03-08,49.90416666666667,74.17916666666666,北方
北京,2023-03-09,99.93333333333334,149.00416666666666,北方
北京,2023-03-10,72.575,112.77916666666665,北方
北京,2023-03-11,27.724999999999998,48.57916666666667,北方
北京,2023-03-12,16.325,26.21666666666667,北方
北京,2023-03-13,79.14999999999999,114.66250000000001,北方
北京,2023-03-14,60.26666666666667,92.77499999999999,北方
北京,2023-03-15,20.525000000000002,45.15416666666667,北方
北京,2023-03-16,37.612500000000004,58.21666666666667,北方
北京,2023-03-17,66.22916666666667,103.10416666666667,北方
北京,2023-03-18,41.6625,60.47083333333333,北方
北京,2023-03-19,76.78333333333333,112.97500000000001,北方
北京,2023-03-20,111.42916666666667,161.36666666666667,北方
北京,2023-03-21,106.20416666666667,152.48749999999998,北方
北京,2023-03-22,33.666666666666664,53.85833333333333,北方
北京,2023-03-23,22.870833333333334,37.550000000000004,北方
北京,2023-03-24,23.495833333333334,38.44583333333333,北方
北京,2023-03-25,43.9625,71.69166666666666,北方
北京,2023-03-26,44.84583333333333,69.5625,北方
北京,2023-03-27,30.599999999999998,47.35,北方
北京,2023-03-28,65.125,94.99583333333334,北方
北京,2023-03-29,85.2625,124.52916666666665,北方
北京,2023-03-30,80.64166666666667,116.30833333333334,北方
北京,2023-03-31,62.35833333333333,89.77916666666665,北方
北京,2023-04-01,63.300000000000004,90.85833333333333,北方
北京,2023-04-02,69.22916666666667,100.23333333333333,北方
北京,2023-04-03,57.24166666666667,85.99583333333334,北方
北京,2023-04-04,37.579166666666666,54.9125,北方
北京,2023-04-05,25.045833333333334,36.62916666666667,北方
北京,2023-04-06,30.958333333333332,50.25,北方
北京,2023-04-07,17.254166666666666,30.599999999999998,北方
北京,2023-04-08,24.829166666666666,43.725,北方
北京,2023-04-09,63.7125,93.09583333333335,北方
北京,2023-04-10,55.625,98.58749999999999,北方
北京,2023-04-11,13.645833333333334,25.795833333333334,北方
北京,2023-04-12,55.94583333333333,86.8625,北方
北京,2023-04-13,93.9375,139.20416666666668,北方
北京,2023-04-14,46.458333333333336,71.35416666666667,北方
北京,2023-04-15,22.4375,51.2875,北方
北京,2023-04-16,22.183333333333334,32.920833333333334,北方
北京,2023-04-17,52.925000000000004,79.30416666666666,北方
北京,2023-04-18,53.762499999999996,81.60833333333333,北方
北京,2023-04-19,66.7625,102.14166666666667,北方
北京,2023-04-20,31.979166666666668,53.0625,北方
北京,2023-04-21,25.145833333333332,41.545833333333334,北方
北京,2023-04-22,24.40416666666667,35.979166666666664,北方
北京,2023-04-23,57.475,83.35833333333333,北方
北京,2023-04-24,39.37916666666667,57.5375,北方
北京,2023-04-25,21.866666666666664,32.7125,北方
北京,2023-04-26,33.449999999999996,48.074999999999996,北方
北京,2023-04-27,66.72500000000001,107.26666666666667,北方
北京,2023-04-28,61.520833333333336,121.27083333333333,北方
北京,2023-04-29,21.666666666666668,46.49166666666667,北方
北京,2023-04-30,19.3,29.45,北方
北京,2023-05-01,46.02916666666667,66.89999999999999,北方
北京,2023-05-02,53.25,77.03333333333333,北方
北京,2023-05-03,53.00833333333333,76.39999999999999,北方
北京,2023-05-04,34.69583333333333,51.94166666666666,北方
北京,2023-05-05,28.379166666666666,40.85,北方
北京,2023-05-06,28.858333333333334,41.65416666666667,北方
北京,2023-05-07,36.40833333333333,52.4,北方
北京,2023-05-08,45.69166666666666,65.40833333333333,北方
北京,2023-05-09,58.9625,84.3625,北方
北京,2023-05-10,55.72083333333333,79.97083333333333,北方
北京,2023-05-11,64.59166666666667,92.52916666666665,北方
北京,2023-05-12,61.074999999999996,102.44583333333333,北方
北京,2023-05-13,18.554166666666667,30.4875,北方
北京,2023-05-14,44.76666666666667,67.04583333333333,北方
北京,2023-05-15,67.50833333333334,98.625,北方
北京,2023-05-16,64.99583333333334,95.02499999999999,北方
北京,2023-05-17,54.18333333333334,79.33333333333333,北方
北京,2023-05-18,45.583333333333336,67.6875,北方
北京,2023-05-19,65.66666666666667,98.25,北方
北京,2023-05-20,25.650000000000002,46.8125,北方
北京,2023-05-21,18.787499999999998,29.641666666666666,北方
北京,2023-05-22,21.366666666666664,30.979166666666668,北方
北京,2023-05-23,32.458333333333336,46.5625,北方
北京,2023-05-24,41.17916666666667,59.2875,北方
北京,2023-05-25,46.3375,76.25416666666666,北方
北京,2023-05-26,75.3,115.6125,北方
北京,2023-05-27,65.3875,95.88333333333333,北方
北京,2023-05-28,68.97500000000001,100.32083333333333,北方
北京,2023-05-29,71.99583333333334,103.85000000000001,北方
北京,2023-05-30,66.14583333333333,95.94166666666666,北方
北京,2023-05-31,73.06666666666666,107.17916666666667,北方
北京,2023-06-01,29.016666666666666,55.43333333333334,北方
北京,2023-06-02,19.724999999999998,29.629166666666666,北方
北京,2023-06-03,31.129166666666666,46.708333333333336,北方
北京,2023-06-04,29.516666666666666,42.887499999999996,北方
北京,2023-06-05,28.21666666666667,45.31666666666666,北方
北京,2023-06-06,17.425,27.066666666666666,北方
北京,2023-06-07,21.825,38.69166666666667,北方
北京,2023-06-08,15.870833333333335,27.291666666666668,北方
北京,2023-06-09,18.695833333333333,27.233333333333334,北方
北京,2023-06-10,19.400000000000002,27.72083333333333,北方
北京,2023-06-11,38.891666666666666,55.87916666666666,北方
北京,2023-06-12,35.237500000000004,50.375,北方
北京,2023-06-13,38.25833333333333,54.77916666666667,北方
北京,2023-06-14,42.875,61.3375,北方
北京,2023-06-15,49.583333333333336,71.06666666666666,北方
北京,2023-06-16,51.89166666666667,74.47916666666667,北方
北京,2023-06-17,63.94166666666666,91.80416666666667,北方
北京,2023-06-18,72.05833333333334,104.22083333333335,北方
北京,2023-06-19,68.675,98.52916666666665,北方
北京,2023-06-20,74.9875,108.19166666666666,北方
北京,2023-06-21,32.25416666666667,46.145833333333336,北方
北京,2023-06-22,32.525,46.5875,北方
北京,2023-06-23,47.98333333333333,68.6125,北方
北京,2023-06-24,34.74583333333333,49.74583333333334,北方
北京,2023-06-25,52.45416666666667,76.1875,北方
北京,2023-06-26,51.38333333333333,75.50416666666666,北方
北京,2023-06-27,70.8125,106.64166666666667,北方
北京,2023-06-28,52.725,78.68333333333334,北方
北京,2023-06-29,60.17083333333333,107.77083333333333,北方
北京,2023-06-30,37.84166666666667,60.47083333333333,北方
北京,2023-07-01,31.758333333333336,49.987500000000004,北方
北京,2023-07-02,45.8375,68.69166666666666,北方
北京,2023-07-03,54.90833333333333,83.12083333333334,北方
北京,2023-07-04,45.5875,69.17916666666666,北方
北京,2023-07-05,41.891666666666666,71.46249999999999,北方
北京,2023-07-06,39.987500000000004,72.87083333333334,北方
北京,2023-07-07,35.670833333333334,64.1125,北方
北京,2023-07-08,19.712500000000002,30.083333333333332,北方
北京,2023-07-09,27.858333333333334,42.38333333333333,北方
北京,2023-07-10,53.57916666666667,78.45,北方
北京,2023-07-11,61.51666666666667,92.5,北方
北京,2023-07-12,50.050000000000004,73.90416666666667,北方
北京,2023-07-13,61.1875,88.97083333333335,北方
北京,2023-07-14,36.52916666666667,60.0375,北方
北京,2023-07-15,16.295833333333334,23.412499999999998,北方
北京,2023-07-16,30.166666666666668,43.24166666666667,北方
北京,2023-07-17,53.85833333333333,77.16250000000001,北方
北京,2023-07-18,57.916666666666664,83.05416666666666,北方
北京,2023-07-19,67.13333333333334,96.47083333333335,北方
北京,2023-07-20,70.34583333333333,102.01666666666667,北方
北京,2023-07-21,61.45416666666667,90.48333333333333,北方
北京,2023-07-22,49.3125,72.7625,北方
北京,2023-07-23,60.270833333333336,86.875,北方
北京,2023-07-24,83.00416666666666,120.41250000000001,北方
北京,2023-07-25,111.53333333333335,162.30833333333334,北方
北京,2023-07-26,95.49166666666667,139.57083333333333,北方
北京,2023-07-27,94.57916666666667,139.9375,北方
北京,2023-07-28,99.425,146.34166666666667,北方
北京,2023-07-29,51.4125,75.0,北方
北京,2023-07-30,17.666666666666668,25.53333333333333,北方
北京,2023-07-31,17.270833333333332,25.366666666666664,北方
北京,2023-08-01,39.975,57.49583333333334,北方
北京,2023-08-02,58.275,84.7625,北方
北京,2023-08-03,70.625,102.6125,北方
北京,2023-08-04,96.70833333333333,139.2875,北方
北京,2023-08-05,81.33749999999999,120.1375,北方
北京,2023-08-06,66.6375,96.875,北方
北京,2023-08-07,72.92916666666666,106.22083333333335,北方
北京,2023-08-08,89.56666666666666,131.98749999999998,北方
北京,2023-08-09,97.12916666666666,146.95416666666668,北方
北京,2023-08-10,104.95416666666667,163.33333333333334,北方
北京,2023-08-11,91.33749999999999,135.97916666666666,北方
北京,2023-08-12,58.95416666666667,84.61666666666666,北方
北京,2023-08-13,65.2625,93.38333333333333,北方
北京,2023-08-14,79.78333333333333,114.08333333333333,北方
北京,2023-08-15,76.5,109.42916666666667,北方
北京,2023-08-16,99.22916666666667,143.8375,北方
北京,2023-08-17,103.60416666666667,150.19166666666666,北方
北京,2023-08-18,71.60416666666667,114.76666666666667,北方
北京,2023-08-19,93.16666666666667,143.48333333333332,北方
北京,2023-08-20,81.82916666666667,122.07916666666667,北方
北京,2023-08-21,57.84166666666667,84.58749999999999,北方
北京,2023-08-22,31.758333333333336,46.75,北方
北京,2023-08-23,57.987500000000004,89.30833333333334,北方
北京,2023-08-24,67.9375,100.98333333333333,北方
北京,2023-08-25,74.41666666666667,107.125,北方
北京,2023-08-26,84.24166666666666,122.8625,北方
北京,2023-08-27,98.08749999999999,143.67916666666667,北方
北京,2023-08-28,67.44166666666666,96.87916666666666,北方
北京,2023-08-29,28.458333333333332,40.791666666666664,北方
北京,2023-08-30,50.6,72.49166666666666,北方
北京,2023-08-31,74.13333333333334,108.61666666666667,北方
北京,2023-09-01,84.05833333333334,121.75833333333333,北方
北京,2023-09-02,99.42083333333333,145.12083333333334,北方
北京,2023-09-03,125.39166666666667,183.02083333333334,北方
北京,2023-09-04,138.50416666666666,201.85833333333335,北方
北京,2023-09-05,131.88750000000002,195.52083333333334,北方
北京,2023-09-06,129.88333333333333,195.9958333333333,北方
北京,2023-09-07,121.52916666666665,184.59166666666667,北方
北京,2023-09-08,125.19583333333333,185.95000000000002,北方
北京,2023-09-09,98.60833333333333,142.09583333333333,北方
北京,2023-09-10,79.6375,116.64999999999999,北方
北京,2023-09-11,84.16250000000001,126.96666666666665,北方
北京,2023-09-12,34.37083333333333,52.8375,北方
北京,2023-09-13,58.05833333333334,89.01666666666667,北方
北京,2023-09-14,61.012499999999996,89.66250000000001,北方
北京,2023-09-15,70.47500000000001,101.79583333333333,北方
北京,2023-09-16,118.05,171.5375,北方
北京,2023-09-17,133.15833333333333,194.07916666666665,北方
北京,2023-09-18,95.59166666666665,139.1625,北方
北京,2023-09-19,58.62083333333334,84.98333333333333,北方
北京,2023-09-20,49.69166666666666,71.08749999999999,北方
北京,2023-09-21,60.9625,88.2375,北方
北京,2023-09-22,37.44583333333333,55.50833333333333,北方
北京,2023-09-23,51.77916666666667,74.375,北方
北京,2023-09-24,78.84583333333333,114.62916666666666,北方
北京,2023-09-25,85.23333333333333,123.39583333333333,北方
北京,2023-09-26,110.40833333333335,158.9625,北方
北京,2023-09-27,84.27499999999999,140.35833333333332,北方
北京,2023-09-28,47.09583333333333,72.82083333333334,北方
北京,2023-09-29,64.87083333333334,102.50833333333333,北方
北京,2023-09-30,37.824999999999996,60.04583333333333,北方
北京,2023-10-01,45.65833333333333,67.39999999999999,北方
北京,2023-10-02,60.75833333333333,88.37083333333334,北方
北京,2023-10-03,67.71666666666667,97.90833333333335,北方
北京,2023-10-04,31.170833333333334,46.00833333333333,北方
北京,2023-10-05,36.30833333333333,52.324999999999996,北方
北京,2023-10-06,65.42916666666666,94.08749999999999,北方
北京,2023-10-07,82.39999999999999,118.45,北方
北京,2023-10-08,53.14166666666667,80.05416666666666,北方
北京,2023-10-09,35.020833333333336,51.11666666666667,北方
北京,2023-10-10,77.16666666666667,110.47500000000001,北方
北京,2023-10-11,107.24166666666667,154.20833333333334,北方
北京,2023-10-12,144.25416666666666,208.35833333333335,北方
北京,2023-10-13,100.1875,145.79583333333332,北方
北京,2023-10-14,31.479166666666668,45.51666666666667,北方
北京,2023-10-15,49.59166666666667,71.75,北方
北京,2023-10-16,73.88333333333334,107.17083333333333,北方
北京,2023-10-17,113.15416666666665,164.45416666666668,北方
北京,2023-10-18,48.987500000000004,72.24166666666666,北方
北京,2023-10-19,19.029166666666665,32.37916666666667,北方
北京,2023-10-20,22.925,34.1,北方
北京,2023-10-21,33.454166666666666,52.7125,北方
北京,2023-10-22,71.67916666666666,104.50833333333333,北方
北京,2023-10-23,150.88750000000002,217.17083333333335,北方
北京,2023-10-24,135.99583333333334,200.0375,北方
北京,2023-10-25,76.21666666666667,113.6375,北方
北京,2023-10-26,40.425000000000004,57.512499999999996,北方
北京,2023-10-27,92.53750000000001,134.05833333333334,北方
北京,2023-10-28,127.49166666666667,186.65416666666667,北方
北京,2023-10-29,170.34583333333333,254.3083333333333,北方
北京,2023-10-30,110.60416666666667,168.62916666666666,北方
北京,2023-10-31,136.12916666666666,208.2458333333333,北方
北京,2023-11-01,132.11249999999998,196.78333333333333,北方
北京,2023-11-02,80.5,125.2625,北方
北京,2023-11-03,28.900000000000002,41.68333333333333,北方
北京,2023-11-04,88.42916666666667,131.29166666666666,北方
北京,2023-11-05,64.00833333333334,94.17083333333333,北方
北京,2023-11-06,20.966666666666665,39.80833333333333,北方
北京,2023-11-07,101.05416666666667,144.35,北方
北京,2023-11-08,88.60416666666667,135.2875,北方
北京,2023-11-09,26.1125,38.266666666666666,北方
北京,2023-11-10,51.40833333333333,73.57083333333334,北方
北京,2023-11-11,58.270833333333336,83.31666666666666,北方
北京,2023-11-12,40.9875,59.0875,北方
北京,2023-11-13,71.075,101.83749999999999,北方
北京,2023-11-14,90.17916666666667,129.04583333333332,北方
北京,2023-11-15,143.38750000000002,206.11249999999998,北方
北京,2023-11-16,46.43333333333334,67.78750000000001,北方
北京,2023-11-17,30.09166666666667,43.64166666666667,北方
北京,2023-11-18,114.46249999999999,164.59166666666667,北方
北京,2023-11-19,92.96666666666665,141.29583333333332,北方
北京,2023-11-20,170.01666666666668,246.77916666666667,北方
北京,2023-11-21,197.47500000000002,288.57916666666665,北方
北京,2023-11-22,108.87916666666666,168.59583333333333,北方
北京,2023-11-23,10.304166666666667,14.85,北方
北京,2023-11-24,42.49583333333333,60.90416666666667,北方
北京,2023-11-25,124.1125,177.48749999999998,北方
北京,2023-11-26,202.03750000000002,289.97499999999997,北方
北京,2023-11-27,117.84166666666665,168.85833333333332,北方
北京,2023-11-28,79.75,114.02916666666665,北方
北京,2023-11-29,22.145833333333332,31.554166666666664,北方
北京,2023-11-30,48.15,68.75,北方
北京,2023-12-01,64.54166666666667,92.30833333333334,北方
北京,2023-12-02,92.28333333333335,133.38750000000002,北方
北京,2023-12-03,146.1625,209.5625,北方
北京,2023-12-04,231.72916666666666,332.34583333333336,北方
北京,2023-12-05,238.24166666666667,342.8666666666666,北方
北京,2023-12-06,71.55833333333334,106.67916666666667,北方
北京,2023-12-07,172.50833333333333,247.5,北方
北京,2023-12-08,188.09166666666667,271.8541666666667,北方
北京,2023-12-09,106.82083333333333,153.36249999999998,北方
北京,2023-12-10,120.11250000000001,171.85,北方
北京,2023-12-11,91.92916666666667,131.87083333333334,北方
北京,2023-12-12,128.64583333333334,185.22916666666666,北方
北京,2023-12-13,96.92083333333333,143.10833333333332,北方
北京,2023-12-14,71.3625,100.8625,北方
北京,2023-12-15,35.07083333333333,45.225,北方
北京,2023-12-16,13.216666666666667,18.845833333333335,北方
北京,2023-12-17,94.05833333333334,134.42499999999998,北方
北京,2023-12-18,193.25833333333333,276.3125,北方
北京,2023-12-19,77.16250000000001,110.42083333333333,北方
北京,2023-12-20,14.816666666666668,21.116666666666667,北方
北京,2023-12-21,22.333333333333332,31.883333333333336,北方
北京,2023-12-22,101.75833333333333,145.22916666666666,北方
北京,2023-12-23,71.64999999999999,102.59583333333335,北方
北京,2023-12-24,95.675,136.95416666666668,北方
北京,2023-12-25,144.43333333333334,207.39166666666665,北方
北京,2023-12-26,157.03333333333333,225.375,北方
北京,2023-12-27,217.24583333333337,310.84166666666664,北方
北京,2023-12-28,197.9958333333333,287.81666666666666,北方
北京,2023-12-29,259.09166666666664,376.37916666666666,北方
北京,2023-12-30,252.17916666666667,368.41249999999997,北方
北京,2023-12-31,75.80416666666666,108.41666666666667,北方
北京,2024-01-01,150.57083333333333,215.70000000000002,北方
北京,2024-01-02,155.20416666666668,223.26666666666665,北方
北京,2024-01-03,82.54583333333333,119.1375,北方
北京,2024-01-04,154.29166666666666,221.88750000000002,北方
北京,2024-01-05,93.55416666666667,134.21666666666667,北方
北京,2024-01-06,24.620833333333334,35.75833333333333,北方
北京,2024-01-07,81.5125,116.97083333333335,北方
北京,2024-01-08,178.57916666666665,255.33333333333334,北方
北京,2024-01-09,152.49583333333334,222.52083333333334,北方
北京,2024-01-10,122.85416666666667,177.02083333333334,北方
北京,2024-01-11,175.1875,256.2291666666667,北方
北京,2024-01-12,295.98333333333335,428.48333333333335,北方
北京,2024-01-13,205.0375,297.8625,北方
北京,2024-01-14,75.75833333333334,108.51666666666667,北方
北京,2024-01-15,124.40416666666665,177.89583333333334,北方
北京,2024-01-16,210.3791666666667,300.98333333333335,北方
北京,2024-01-17,206.63333333333333,295.8125,北方
北京,2024-01-18,201.45000000000002,288.45416666666665,北方
北京,2024-01-19,161.55416666666667,234.25,北方
北京,2024-01-20,114.25833333333333,165.44583333333335,北方
北京,2024-01-21,7.908333333333334,11.275,北方
北京,2024-01-22,13.325000000000001,19.025000000000002,北方
北京,2024-01-23,20.904166666666665,29.875,北方
北京,2024-01-24,58.53333333333333,83.51666666666667,北方
北京,2024-01-25,59.5625,85.15,北方
北京,2024-01-26,87.42083333333333,125.77916666666665,北方
北京,2024-01-27,70.8,103.14166666666667,北方
北京,2024-01-28,99.55416666666667,144.01666666666668,北方
北京,2024-01-29,113.3,164.52916666666667,北方
北京,2024-01-30,146.59166666666667,217.3125,北方
北京,2024-01-31,104.15416666666665,151.65,北方
北京,2024-02-01,87.20416666666667,125.28333333333335,北方
北京,2024-02-02,163.69583333333333,235.4375,北方
北京,2024-02-03,249.67499999999998,358.5333333333333,北方
北京,2024-02-04,196.40416666666667,281.81666666666666,北方
北京,2024-02-05,162.45833333333334,234.38750000000002,北方
北京,2024-02-06,107.5,154.85,北方
北京,2024-02-07,57.01666666666667,81.69166666666666,北方
北京,2024-02-08,72.70416666666667,104.17916666666667,北方
北京,2024-02-09,72.27083333333333,105.34166666666665,北方
北京,2024-02-10,53.612500000000004,77.33749999999999,北方
北京,2024-02-11,96.58333333333333,140.12083333333334,北方
北京,2024-02-12,202.20416666666665,291.25416666666666,北方
北京,2024-02-13,229.63333333333333,329.9458333333333,北方
北京,2024-02-14,96.60000000000001,140.225,北方
北京,2024-02-15,38.90833333333333,56.15833333333333,北方
北京,2024-02-16,100.0625,144.20833333333334,北方
北京,2024-02-17,171.38333333333333,245.94583333333333,北方
北京,2024-02-18,82.25416666666666,118.90833333333335,北方
北京,2024-02-19,21.320833333333333,31.058333333333334,北方
北京,2024-02-20,25.991666666666664,37.94583333333333,北方
北京,2024-02-21,56.8375,83.1125,北方
北京,2024-02-22,69.97916666666667,100.4375,北方
北京,2024-02-23,145.87916666666666,209.0041666666667,北方
北京,2024-02-24,134.8375,194.59166666666667,北方
北京,2024-02-25,62.512499999999996,96.09166666666665,北方
北京,2024-02-26,52.74166666666667,77.6375,北方
北京,2024-02-27,101.05,149.92083333333332,北方
北京,2024-02-28,98.60000000000001,146.39166666666668,北方
北京,2024-02-29,34.61666666666667,51.49166666666667,北方
北京,2024-03-01,45.62083333333334,66.825,北方
北京,2024-03-02,75.17916666666666,150.77083333333334,北方
北京,2024-03-03,47.3375,77.54166666666667,北方
北京,2024-03-04,71.93333333333334,108.6375,北方
北京,2024-03-05,110.20416666666667,183.57916666666665,北方
北京,2024-03-06,87.46666666666665,131.3125,北方
北京,2024-03-07,49.94583333333333,76.46249999999999,北方
北京,2024-03-08,39.44583333333333,60.416666666666664,北方
北京,2024-03-09,77.05416666666666,111.54166666666667,北方
北京,2024-03-10,139.90833333333333,201.97916666666666,北方
北京,2024-03-11,72.2625,112.63333333333333,北方
北京,2024-03-12,55.166666666666664,80.88333333333334,北方
北京,2024-03-13,65.60833333333333,111.97500000000001,北方
北京,2024-03-14,51.074999999999996,82.35416666666667,北方
北京,2024-03-15,76.89166666666667,122.27916666666665,北方
北京,2024-03-16,51.854166666666664,91.07083333333333,北方
北京,2024-03-17,17.4375,27.7625,北方
北京,2024-03-18,46.40416666666667,86.9375,北方
北京,2024-03-19,19.329166666666666,45.55833333333334,北方
北京,2024-03-20,38.270833333333336,63.51666666666667,北方
北京,2024-03-21,78.1125,120.57083333333333,北方
北京,2024-03-22,65.14583333333333,104.47500000000001,北方
北京,2024-03-23,94.17083333333333,140.51666666666668,北方
北京,2024-03-24,152.39166666666668,225.98749999999998,北方
北京,2024-03-25,69.42916666666666,104.73333333333333,北方
北京,2024-03-26,89.49166666666667,137.03333333333333,北方
北京,2024-03-27,161.3125,238.84583333333333,北方
北京,2024-03-28,32.925000000000004,67.12083333333334,北方
北京,2024-03-29,36.22083333333333,59.82083333333333,北方
北京,2024-03-30,29.304166666666664,48.979166666666664,北方
北京,2024-03-31,59.55833333333334,93.40833333333335,北方
北京,2024-04-01,63.15833333333333,97.25833333333333,北方
北京,2024-04-02,80.14166666666667,127.76666666666667,北方
北京,2024-04-03,58.791666666666664,94.10000000000001,北方
北京,2024-04-04,55.87083333333334,85.28750000000001,北方
北京,2024-04-05,68.175,105.33749999999999,北方
北京,2024-04-06,51.74166666666667,81.89166666666667,北方
北京,2024-04-07,26.729166666666668,51.25,北方
北京,2024-04-08,27.254166666666666,42.44166666666667,北方
北京,2024-04-09,39.2875,63.512499999999996,北方
北京,2024-04-10,95.9375,146.24166666666665,北方
北京,2024-04-11,120.11666666666667,182.975,北方
北京,2024-04-12,68.72916666666667,102.64999999999999,北方
北京,2024-04-13,55.44583333333333,82.72500000000001,北方
北京,2024-04-14,44.01666666666667,64.4875,北方
北京,2024-04-15,26.858333333333334,54.583333333333336,北方
北京,2024-04-16,25.145833333333332,46.94166666666666,北方
北京,2024-04-17,55.862500000000004,92.55416666666667,北方
北京,2024-04-18,48.887499999999996,76.89583333333333,北方
北京,2024-04-19,31.1375,48.15,北方
北京,2024-04-20,46.199999999999996,74.35000000000001,北方
北京,2024-04-21,70.52083333333333,105.31666666666666,北方
北京,2024-04-22,83.00416666666666,128.07916666666668,北方
北京,2024-04-23,39.53333333333333,68.5125,北方
北京,2024-04-24,40.11666666666667,58.72083333333333,北方
北京,2024-04-25,61.79583333333333,92.41250000000001,北方
北京,2024-04-26,88.27499999999999,131.75416666666666,北方
北京,2024-04-27,62.0,98.66666666666667,北方
北京,2024-04-28,62.61666666666667,105.39999999999999,北方
北京,2024-04-29,34.09583333333333,50.4625,北方
北京,2024-04-30,28.575,51.42083333333333,北方
北京,2024-05-01,24.1375,38.675000000000004,北方
北京,2024-05-02,43.833333333333336,65.21666666666667,北方
北京,2024-05-03,49.94166666666666,72.63333333333334,北方
北京,2024-05-04,60.041666666666664,87.25416666666666,北方
北京,2024-05-05,76.14166666666667,113.30416666666667,北方
北京,2024-05-06,62.26666666666667,92.77916666666665,北方
北京,2024-05-07,53.862500000000004,79.33333333333333,北方
北京,2024-05-08,58.34166666666667,85.05833333333334,北方
北京,2024-05-09,54.03333333333333,77.9875,北方
北京,2024-05-10,50.050000000000004,80.84583333333333,北方
北京,2024-05-11,26.191666666666666,54.84583333333333,北方
北京,2024-05-12,26.504166666666666,42.3375,北方
北京,2024-05-13,31.8875,48.541666666666664,北方
北京,2024-05-14,25.066666666666666,40.03333333333333,北方
北京,2024-05-15,10.275,14.674999999999999,北方
北京,2024-05-16,39.954166666666666,57.625,北方
北京,2024-05-17,57.112500000000004,82.91666666666667,北方
北京,2024-05-18,75.82083333333334,120.26666666666667,北方
北京,2024-05-19,76.73333333333333,120.78333333333335,北方
北京,2024-05-20,53.20416666666667,77.27499999999999,北方
北京,2024-05-21,47.09583333333333,69.52083333333333,北方
北京,2024-05-22,72.47083333333333,106.95416666666667,北方
北京,2024-05-23,63.99166666666667,94.50833333333333,北方
北京,2024-05-24,57.73333333333333,99.00416666666666,北方
北京,2024-05-25,52.94583333333333,78.22500000000001,北方
北京,2024-05-26,39.545833333333334,57.85,北方
北京,2024-05-27,36.61666666666667,53.1,北方
北京,2024-05-28,58.35,84.78750000000001,北方
北京,2024-05-29,59.32083333333333,85.24166666666666,北方
北京,2024-05-30,47.104166666666664,82.02499999999999,北方
北京,2024-05-31,13.691666666666668,20.504166666666666,北方
北京,2024-06-01,28.270833333333332,45.37083333333334,北方
北京,2024-06-02,35.0,53.612500000000004,北方
北京,2024-06-03,62.229166666666664,95.9375,北方
北京,2024-06-04,62.791666666666664,93.61666666666667,北方
北京,2024-06-05,50.5,73.85416666666667,北方
北京,2024-06-06,70.32916666666667,102.16250000000001,北方
北京,2024-06-07,77.03333333333333,111.16666666666667,北方
北京,2024-06-08,102.87916666666666,151.32500000000002,北方
北京,2024-06-09,53.762499999999996,81.57916666666667,北方
北京,2024-06-10,70.61666666666666,106.72500000000001,北方
北京,2024-06-11,61.88333333333333,94.89583333333333,北方
北京,2024-06-12,50.083333333333336,79.50833333333334,北方
北京,2024-06-13,80.77916666666667,121.02916666666665,北方
北京,2024-06-14,41.17916666666667,65.62083333333334,北方
北京,2024-06-15,18.55,26.629166666666666,北方
北京,2024-06-16,45.69583333333333,67.74166666666666,北方
北京,2024-06-17,43.53333333333333,64.52083333333333,北方
北京,2024-06-18,50.09166666666667,73.52083333333333,北方
北京,2024-06-19,51.1875,75.825,北方
北京,2024-06-20,56.012499999999996,83.2625,北方
北京,2024-06-21,47.2125,70.21249999999999,北方
北京,2024-06-22,45.979166666666664,101.45833333333333,北方
北京,2024-06-23,32.49166666666667,63.387499999999996,北方
北京,2024-06-24,26.683333333333334,37.93333333333333,北方
北京,2024-06-25,33.0375,47.59583333333333,北方
北京,2024-06-26,43.99583333333334,64.13333333333334,北方
北京,2024-06-27,37.25,55.18333333333334,北方
北京,2024-06-28,44.65,65.82916666666667,北方
北京,2024-06-29,63.54583333333333,94.7625,北方
北京,2024-06-30,93.17083333333333,145.83333333333334,北方
北京,2024-07-01,43.48333333333333,65.45833333333333,北方
北京,2024-07-02,43.5,63.94166666666666,北方
北京,2024-07-03,49.512499999999996,71.45833333333333,北方
北京,2024-07-04,106.47500000000001,156.59583333333333,北方
北京,2024-07-05,109.00833333333333,158.12916666666666,北方
北京,2024-07-06,75.21666666666667,108.7,北方
北京,2024-07-07,74.44166666666666,107.4875,北方
北京,2024-07-08,70.22916666666667,103.09583333333335,北方
北京,2024-07-09,91.73333333333333,133.5375,北方
北京,2024-07-10,94.17083333333333,135.54583333333332,北方
北京,2024-07-11,82.07083333333334,117.99166666666667,北方
北京,2024-07-12,107.31666666666666,154.44166666666666,北方
北京,2024-07-13,107.3625,155.99583333333334,北方
北京,2024-07-14,85.2,125.05416666666667,北方
北京,2024-07-15,71.83333333333333,105.65416666666665,北方
北京,2024-07-16,81.45833333333333,118.09166666666665,北方
北京,2024-07-17,60.07083333333333,88.85833333333333,北方
北京,2024-07-18,29.679166666666664,44.15833333333333,北方
北京,2024-07-19,40.5375,59.074999999999996,北方
北京,2024-07-20,55.7125,80.05416666666666,北方
北京,2024-07-21,45.012499999999996,64.7,北方
北京,2024-07-22,67.09583333333333,97.35416666666667,北方
北京,2024-07-23,67.40416666666667,99.92083333333333,北方
北京,2024-07-24,74.10833333333333,107.14999999999999,北方
北京,2024-07-25,55.69583333333333,79.75833333333334,北方
北京,2024-07-26,76.84583333333333,110.3875,北方
北京,2024-07-27,55.0875,81.08333333333333,北方
北京,2024-07-28,56.15833333333333,83.85833333333333,北方
北京,2024-07-29,88.39166666666667,131.35833333333332,北方
北京,2024-07-30,42.666666666666664,61.225,北方
北京,2024-07-31,72.92083333333333,104.30416666666667,北方
北京,2024-08-01,123.3125,176.82083333333333,北方
北京,2024-08-02,106.59166666666665,153.39583333333334,北方
北京,2024-08-03,76.08749999999999,110.92083333333333,北方
北京,2024-08-04,47.00833333333333,67.20416666666667,北方
北京,2024-08-05,72.72916666666667,108.13333333333333,北方
北京,2024-08-06,95.60000000000001,138.0375,北方
北京,2024-08-07,111.77083333333333,161.79583333333332,北方
北京,2024-08-08,113.02499999999999,163.27916666666667,北方
北京,2024-08-09,80.83749999999999,118.02083333333333,北方
北京,2024-08-10,44.84166666666667,76.01666666666667,北方
北京,2024-08-11,50.041666666666664,72.325,北方
北京,2024-08-12,11.920833333333334,17.0,北方
北京,2024-08-13,29.979166666666668,43.333333333333336,北方
北京,2024-08-14,53.11666666666667,77.15833333333333,北方
北京,2024-08-15,103.55416666666667,149.10833333333332,北方
北京,2024-08-16,123.37083333333334,178.8791666666667,北方
北京,2024-08-17,112.64999999999999,162.56666666666666,北方
北京,2024-08-18,57.270833333333336,82.33333333333333,北方
北京,2024-08-19,66.71666666666667,95.60000000000001,北方
北京,2024-08-20,33.59166666666667,48.06666666666666,北方
北京,2024-08-21,53.62083333333334,76.69583333333334,北方
北京,2024-08-22,73.52083333333333,105.14583333333333,北方
北京,2024-08-23,85.44583333333333,122.96249999999999,北方
北京,2024-08-24,106.46249999999999,154.30416666666667,北方
北京,2024-08-25,130.26666666666668,187.95416666666665,北方
北京,2024-08-26,29.837500000000002,41.9625,北方
北京,2024-08-27,38.34166666666667,54.57083333333333,北方
北京,2024-08-28,80.85833333333333,115.54166666666667,北方
北京,2024-08-29,102.38333333333333,146.31666666666666,北方
北京,2024-08-30,124.09166666666665,177.76250000000002,北方
北京,2024-08-31,96.19166666666666,139.76666666666668,北方
北京,2024-09-01,36.68333333333333,53.729166666666664,北方
北京,2024-09-02,36.25,51.81666666666666,北方
北京,2024-09-03,68.21666666666667,98.1875,北方
北京,2024-09-04,81.52499999999999,117.7375,北方
北京,2024-09-05,45.75416666666666,65.74166666666666,北方
北京,2024-09-06,72.66250000000001,103.85416666666667,北方
北京,2024-09-07,85.21666666666667,122.10416666666667,北方
北京,2024-09-08,112.00833333333333,161.40833333333333,北方
北京,2024-09-09,102.375,147.75,北方
北京,2024-09-10,39.34166666666667,64.86666666666666,北方
北京,2024-09-11,65.40833333333333,94.70416666666667,北方
北京,2024-09-12,58.9375,84.32916666666667,北方
北京,2024-09-13,68.58333333333333,98.02083333333333,北方
北京,2024-09-14,44.862500000000004,64.6125,北方
北京,2024-09-15,69.5125,99.53333333333335,北方
北京,2024-09-16,104.16250000000001,148.90833333333333,北方
北京,2024-09-17,99.08333333333333,142.17083333333332,北方
北京,2024-09-18,91.425,133.33333333333334,北方
北京,2024-09-19,114.97083333333335,165.90416666666667,北方
北京,2024-09-20,39.49583333333333,56.69583333333333,北方
北京,2024-09-21,20.145833333333332,28.75,北方
北京,2024-09-22,32.75416666666667,46.90416666666667,北方
北京,2024-09-23,59.0375,84.37083333333334,北方
北京,2024-09-24,88.78750000000001,127.20416666666667,北方
北京,2024-09-25,60.78333333333333,87.21666666666665,北方
北京,2024-09-26,88.70416666666667,130.09166666666667,北方
北京,2024-09-27,80.70833333333333,121.39999999999999,北方
北京,2024-09-28,71.125,107.6125,北方
北京,2024-09-29,83.70833333333333,125.4375,北方
北京,2024-09-30,30.370833333333334,44.34583333333333,北方
北京,2024-10-01,29.083333333333332,43.19166666666666,北方
北京,2024-10-02,33.266666666666666,49.04583333333333,北方
北京,2024-10-03,47.42083333333333,69.10000000000001,北方
北京,2024-10-04,68.3125,97.90833333333335,北方
北京,2024-10-05,117.66250000000001,168.27916666666667,北方
北京,2024-10-06,137.91666666666666,199.21666666666667,北方
北京,2024-10-07,57.57083333333333,83.14166666666667,北方
北京,2024-10-08,47.574999999999996,68.60000000000001,北方
北京,2024-10-09,117.62083333333334,171.4958333333333,北方
北京,2024-10-10,39.59166666666667,76.12083333333334,北方
北京,2024-10-11,89.925,134.57083333333333,北方
北京,2024-10-12,110.6375,168.8375,北方
北京,2024-10-13,118.875,181.02083333333334,北方
北京,2024-10-14,160.62916666666666,238.65833333333333,北方
北京,2024-10-15,40.92916666666667,64.4875,北方
北京,2024-10-16,79.17916666666666,117.74583333333334,北方
北京,2024-10-17,114.48333333333333,173.0666666666667,北方
北京,2024-10-18,49.85,73.20833333333333,北方
北京,2024-10-19,28.599999999999998,40.833333333333336,北方
北京,2024-10-20,53.84166666666667,77.11666666666666,北方
北京,2024-10-21,82.97083333333333,119.175,北方
北京,2024-10-22,47.4625,79.95,北方
北京,2024-10-23,93.77083333333333,139.23333333333332,北方
北京,2024-10-24,102.55833333333334,156.50833333333333,北方
北京,2024-10-25,157.25833333333333,227.07500000000002,北方
北京,2024-10-26,176.15833333333333,255.8125,北方
北京,2024-10-27,45.72083333333333,67.7625,北方
北京,2024-10-28,70.575,102.075,北方
北京,2024-10-29,118.59583333333335,172.71666666666667,北方
北京,2024-10-30,102.55416666666667,150.29999999999998,北方
北京,2024-10-31,187.4416666666667,273.53333333333336,北方
北京,2024-11-01,144.11249999999998,210.5375,北方
北京,2024-11-02,150.46666666666667,220.97916666666666,北方
北京,2024-11-03,71.65416666666667,105.20833333333333,北方
北京,2024-11-04,37.38333333333333,57.07916666666666,北方
北京,2024-11-05,64.66666666666667,95.47500000000001,北方
北京,2024-11-06,96.1375,138.78333333333333,北方
北京,2024-11-07,162.26666666666668,233.90416666666667,北方
北京,2024-11-08,167.74166666666667,242.5666666666667,北方
北京,2024-11-09,169.58333333333334,245.99166666666667,北方
北京,2024-11-10,128.9375,186.14583333333334,北方
北京,2024-11-11,167.82916666666668,246.44583333333333,北方
北京,2024-11-12,153.15833333333333,210.33333333333334,北方
北京,2024-11-13,193.65416666666667,202.5,北方
北京,2024-11-14,183.84583333333333,188.36249999999998,北方
北京,2024-11-15,160.02083333333334,161.6,北方
北京,2024-11-16,61.27916666666667,96.36666666666667,北方
北京,2024-11-17,67.03333333333333,82.55833333333334,北方
北京,2024-11-18,115.69583333333333,118.82083333333333,北方
北京,2024-11-19,158.725,161.86666666666667,北方
北京,2024-11-20,101.10000000000001,115.10416666666667,北方
北京,2024-11-21,70.95,76.27916666666667,北方
北京,2024-11-22,100.12083333333334,101.26666666666667,北方
北京,2024-11-23,134.125,137.64166666666668,北方
北京,2024-11-24,198.85,202.55416666666667,北方
北京,2024-11-25,94.62916666666666,109.8125,北方
北京,2024-11-26,26.104166666666668,41.84583333333333,北方
北京,2024-11-27,21.545833333333334,21.912499999999998,北方
北京,2024-11-28,39.208333333333336,39.59583333333333,北方
北京,2024-11-29,82.16666666666667,83.55,北方
北京,2024-11-30,131.0625,134.94583333333333,北方
北京,2024-12-01,148.52916666666667,153.9,北方
北京,2024-12-02,47.49166666666667,48.354166666666664,北方
北京,2024-12-03,122.55,126.10416666666667,北方
北京,2024-12-04,125.95,127.99166666666667,北方
北京,2024-12-05,97.425,100.70416666666667,北方
北京,2024-12-06,98.72500000000001,101.21249999999999,北方
北京,2024-12-07,35.4375,36.02916666666667,北方
北京,2024-12-08,114.39583333333333,115.32083333333333,北方
北京,2024-12-09,130.5,131.95416666666668,北方
北京,2024-12-10,143.93333333333334,146.85,北方
北京,2024-12-11,170.1625,172.5875,北方
北京,2024-12-12,211.0041666666667,213.44583333333333,北方
北京,2024-12-13,47.25,52.18333333333334,北方
北京,2024-12-14,82.99166666666666,93.4375,北方
北京,2024-12-15,107.375,120.65416666666665,北方
北京,2024-12-16,110.00833333333333,116.20416666666667,北方
北京,2024-12-17,62.987500000000004,64.86666666666666,北方
北京,2024-12-18,94.82083333333333,95.25416666666666,北方
北京,2024-12-19,167.33333333333334,168.74166666666667,北方
北京,2024-12-20,119.93333333333334,133.96666666666667,北方
北京,2024-12-21,45.6875,47.425000000000004,北方
北京,2024-12-22,103.41250000000001,104.02916666666665,北方
北京,2024-12-23,147.54999999999998,148.1625,北方
北京,2024-12-24,245.70000000000002,247.52083333333334,北方
北京,2024-12-25,120.97083333333335,129.16666666666666,北方
北京,2024-12-26,68.56666666666666,84.42083333333333,北方
北京,2024-12-27,41.62916666666667,51.333333333333336,北方
北京,2024-12-28,86.8,96.39583333333333,北方
北京,2024-12-29,147.4125,148.4,北方
北京,2024-12-30,80.48333333333333,91.6875,北方
北京,2024-12-31,140.45416666666668,145.525,北方
南京,2022-08-04,42.23125,61.2,南方
南京,2022-08-05,53.31666666666666,76.575,南方
南京,2022-08-06,27.070833333333336,39.0875,南方
南京,2022-08-07,20.895833333333332,30.104166666666668,南方
南京,2022-08-08,28.079166666666666,40.449999999999996,南方
南京,2022-08-09,29.683333333333334,42.86666666666667,南方
南京,2022-08-10,48.17916666666667,69.17916666666666,南方
南京,2022-08-11,54.87083333333334,78.87916666666666,南方
南京,2022-08-12,34.59166666666667,49.800000000000004,南方
南京,2022-08-13,35.49166666666667,50.92916666666667,南方
南京,2022-08-14,38.583333333333336,55.362500000000004,南方
南京,2022-08-15,34.295833333333334,49.26666666666667,南方
南京,2022-08-16,40.891666666666666,59.07083333333333,南方
南京,2022-08-17,32.579166666666666,47.85,南方
南京,2022-08-18,64.11666666666666,93.125,南方
南京,2022-08-19,64.41666666666667,93.3,南方
南京,2022-08-20,60.35833333333333,87.075,南方
南京,2022-08-21,46.19583333333333,69.3125,南方
南京,2022-08-22,37.90833333333333,54.81666666666666,南方
南京,2022-08-23,32.012499999999996,46.7125,南方
南京,2022-08-24,21.8,35.15416666666667,南方
南京,2022-08-25,37.97083333333333,58.76666666666667,南方
南京,2022-08-26,55.074999999999996,81.20416666666667,南方
南京,2022-08-27,40.52916666666666,60.00833333333333,南方
南京,2022-08-28,24.15833333333333,38.295833333333334,南方
南京,2022-08-29,71.79583333333333,105.85833333333333,南方
南京,2022-08-30,23.858333333333334,34.166666666666664,南方
南京,2022-08-31,39.6625,57.20416666666667,南方
南京,2022-09-01,52.574999999999996,76.60000000000001,南方
南京,2022-09-02,23.570833333333336,38.625,南方
南京,2022-09-03,16.833333333333332,26.670833333333334,南方
南京,2022-09-04,16.4875,24.34166666666667,南方
南京,2022-09-05,27.129166666666666,42.050000000000004,南方
南京,2022-09-06,70.24583333333332,102.70416666666667,南方
南京,2022-09-07,77.40416666666667,115.92916666666667,南方
南京,2022-09-08,77.89999999999999,118.0,南方
南京,2022-09-09,32.65833333333333,50.166666666666664,南方
南京,2022-09-10,31.45,46.50416666666666,南方
南京,2022-09-11,34.37083333333333,51.800000000000004,南方
南京,2022-09-12,27.170833333333334,40.62083333333333,南方
南京,2022-09-13,20.1125,29.945833333333336,南方
南京,2022-09-14,15.375,22.420833333333334,南方
南京,2022-09-15,16.504166666666666,23.712500000000002,南方
南京,2022-09-16,35.86666666666667,51.4,南方
南京,2022-09-17,45.512499999999996,65.20833333333333,南方
南京,2022-09-18,33.2125,48.762499999999996,南方
南京,2022-09-19,31.650000000000002,46.43333333333334,南方
南京,2022-09-20,23.004166666666666,35.6875,南方
南京,2022-09-21,30.175,45.94583333333333,南方
南京,2022-09-22,52.15416666666667,77.32916666666667,南方
南京,2022-09-23,70.13333333333334,102.8875,南方
南京,2022-09-24,30.71666666666667,46.270833333333336,南方
南京,2022-09-25,28.6125,44.2125,南方
南京,2022-09-26,26.925,40.6875,南方
南京,2022-09-27,29.96666666666667,44.90416666666667,南方
南京,2022-09-28,34.37916666666667,51.979166666666664,南方
南京,2022-09-29,36.4125,53.03333333333333,南方
南京,2022-09-30,46.30416666666667,67.25,南方
南京,2022-10-01,55.71666666666667,80.97916666666667,南方
南京,2022-10-02,44.05416666666667,64.19166666666666,南方
南京,2022-10-03,44.31666666666666,64.39166666666667,南方
南京,2022-10-04,15.220833333333333,22.208333333333332,南方
南京,2022-10-05,16.0625,24.02916666666667,南方
南京,2022-10-06,20.25,29.879166666666666,南方
南京,2022-10-07,34.05833333333333,50.37083333333334,南方
南京,2022-10-08,42.18333333333333,63.49166666666667,南方
南京,2022-10-09,31.34583333333333,45.77916666666667,南方
南京,2022-10-10,26.90416666666667,38.545833333333334,南方
南京,2022-10-11,58.15833333333333,83.82083333333334,南方
南京,2022-10-12,47.525,69.95,南方
南京,2022-10-13,27.558333333333334,42.65,南方
南京,2022-10-14,34.22083333333333,52.69583333333333,南方
南京,2022-10-15,37.475,56.71666666666667,南方
南京,2022-10-16,35.875,55.6875,南方
南京,2022-10-17,32.387499999999996,51.72083333333333,南方
南京,2022-10-18,30.070833333333336,43.89166666666667,南方
南京,2022-10-19,36.74583333333333,54.01666666666667,南方
南京,2022-10-20,29.53333333333333,47.49583333333334,南方
南京,2022-10-21,46.800000000000004,70.91250000000001,南方
南京,2022-10-22,65.3875,96.02916666666665,南方
南京,2022-10-23,51.95416666666667,81.58333333333333,南方
南京,2022-10-24,33.72083333333333,52.67916666666667,南方
南京,2022-10-25,26.40416666666667,41.61666666666667,南方
南京,2022-10-26,29.599999999999998,45.550000000000004,南方
南京,2022-10-27,16.575,25.004166666666666,南方
南京,2022-10-28,23.875,39.458333333333336,南方
南京,2022-10-29,29.8875,47.75,南方
南京,2022-10-30,31.608333333333334,49.4,南方
南京,2022-10-31,37.079166666666666,57.416666666666664,南方
南京,2022-11-01,46.583333333333336,72.03750000000001,南方
南京,2022-11-02,37.854166666666664,59.85833333333333,南方
南京,2022-11-03,38.62916666666667,59.25,南方
南京,2022-11-04,26.558333333333334,42.137499999999996,南方
南京,2022-11-05,42.87083333333334,63.53333333333333,南方
南京,2022-11-06,41.86666666666667,65.9375,南方
南京,2022-11-07,58.300000000000004,87.05833333333334,南方
南京,2022-11-08,76.92083333333333,113.65833333333335,南方
南京,2022-11-09,41.68333333333333,63.020833333333336,南方
南京,2022-11-10,51.7125,75.75833333333334,南方
南京,2022-11-11,24.825,36.3375,南方
南京,2022-11-12,27.6125,39.699999999999996,南方
南京,2022-11-13,14.608333333333334,21.020833333333332,南方
南京,2022-11-14,39.84583333333333,57.275,南方
南京,2022-11-15,76.83333333333333,110.0625,南方
南京,2022-11-16,82.11666666666666,118.82916666666667,南方
南京,2022-11-17,37.25833333333333,55.958333333333336,南方
南京,2022-11-18,24.579166666666666,37.358333333333334,南方
南京,2022-11-19,31.391666666666666,46.083333333333336,南方
南京,2022-11-20,49.45416666666667,71.27499999999999,南方
南京,2022-11-21,55.6,79.92083333333333,南方
南京,2022-11-22,19.333333333333332,28.020833333333332,南方
南京,2022-11-23,40.574999999999996,58.949999999999996,南方
南京,2022-11-24,50.65833333333333,74.19166666666666,南方
南京,2022-11-25,54.020833333333336,79.22083333333333,南方
南京,2022-11-26,81.00416666666666,116.25416666666666,南方
南京,2022-11-27,44.74166666666667,66.45416666666667,南方
南京,2022-11-28,44.09166666666667,63.416666666666664,南方
南京,2022-11-29,18.6375,28.15416666666667,南方
南京,2022-11-30,19.983333333333334,30.0,南方
南京,2022-12-01,30.808333333333334,44.77916666666667,南方
南京,2022-12-02,41.9125,60.09166666666667,南方
南京,2022-12-03,67.06666666666666,96.5625,南方
南京,2022-12-04,33.85,54.92083333333333,南方
南京,2022-12-05,41.62083333333333,62.12083333333334,南方
南京,2022-12-06,78.2375,113.67083333333333,南方
南京,2022-12-07,93.55833333333334,137.05416666666667,南方
南京,2022-12-08,84.7625,133.60416666666666,南方
南京,2022-12-09,77.77916666666667,115.95,南方
南京,2022-12-10,64.71249999999999,94.64166666666667,南方
南京,2022-12-11,30.995833333333334,45.712500000000006,南方
南京,2022-12-12,59.34166666666667,85.53750000000001,南方
南京,2022-12-13,55.93333333333334,81.30833333333334,南方
南京,2022-12-14,0.9375,1.3499999999999999,南方
南京,2022-12-15,0.6916666666666668,0.9874999999999999,南方
南京,2022-12-16,13.3125,20.183333333333334,南方
南京,2022-12-17,35.083333333333336,51.35,南方
南京,2022-12-18,34.11666666666667,48.82916666666667,南方
南京,2022-12-19,48.8375,69.81666666666666,南方
南京,2022-12-20,68.86666666666666,98.40416666666665,南方
南京,2022-12-21,70.64583333333333,101.98333333333333,南方
南京,2022-12-22,43.4625,63.92916666666667,南方
南京,2022-12-23,65.82083333333334,94.50416666666666,南方
南京,2022-12-24,68.8,98.53750000000001,南方
南京,2022-12-25,83.17916666666666,119.48333333333333,南方
南京,2022-12-26,115.42916666666667,166.10416666666666,南方
南京,2022-12-27,101.12916666666666,144.75416666666666,南方
南京,2022-12-28,93.66666666666667,136.51250000000002,南方
南京,2022-12-29,89.05833333333334,131.29166666666666,南方
南京,2022-12-30,114.59166666666665,165.00416666666666,南方
南京,2022-12-31,125.69583333333333,180.48749999999998,南方
南京,2023-01-01,104.06666666666666,149.67083333333332,南方
南京,2023-01-02,86.55,141.61666666666667,南方
南京,2023-01-03,56.90833333333333,86.61666666666667,南方
南京,2023-01-04,63.55833333333334,95.79166666666667,南方
南京,2023-01-05,99.44166666666666,150.5875,南方
南京,2023-01-06,119.9375,174.3166666666667,南方
南京,2023-01-07,101.96249999999999,146.95000000000002,南方
南京,2023-01-08,67.97083333333335,97.79583333333333,南方
南京,2023-01-09,108.16666666666667,159.09166666666667,南方
南京,2023-01-10,29.129166666666666,44.5625,南方
南京,2023-01-11,34.3125,51.987500000000004,南方
南京,2023-01-12,44.262499999999996,64.3875,南方
南京,2023-01-13,60.28333333333333,86.21249999999999,南方
南京,2023-01-14,17.991666666666667,26.479166666666668,南方
南京,2023-01-15,25.162499999999998,37.49166666666667,南方
南京,2023-01-16,47.85833333333333,68.70416666666667,南方
南京,2023-01-17,75.85416666666667,109.03750000000001,南方
南京,2023-01-18,76.89583333333333,115.55833333333334,南方
南京,2023-01-19,84.14583333333333,122.66666666666667,南方
南京,2023-01-20,53.63333333333333,84.575,南方
南京,2023-01-21,32.262499999999996,51.88333333333333,南方
南京,2023-01-22,25.804166666666664,37.354166666666664,南方
南京,2023-01-23,27.224999999999998,40.24166666666667,南方
南京,2023-01-24,23.979166666666668,35.800000000000004,南方
南京,2023-01-25,39.670833333333334,56.80833333333334,南方
南京,2023-01-26,58.25,83.58749999999999,南方
南京,2023-01-27,51.04583333333333,74.20416666666667,南方
南京,2023-01-28,60.862500000000004,88.10416666666667,南方
南京,2023-01-29,62.725,90.425,南方
南京,2023-01-30,85.32083333333334,122.37916666666666,南方
南京,2023-01-31,76.47500000000001,109.28333333333335,南方
南京,2023-02-01,71.97916666666667,105.42083333333333,南方
南京,2023-02-02,24.745833333333334,38.375,南方
南京,2023-02-03,51.40416666666667,77.63333333333334,南方
南京,2023-02-04,58.362500000000004,86.19583333333333,南方
南京,2023-02-05,38.55833333333333,62.0375,南方
南京,2023-02-06,33.68333333333333,50.041666666666664,南方
南京,2023-02-07,36.12083333333333,54.8375,南方
南京,2023-02-08,45.791666666666664,72.07083333333334,南方
南京,2023-02-09,33.65416666666667,51.99583333333334,南方
南京,2023-02-10,21.004166666666666,30.3625,南方
南京,2023-02-11,22.304166666666664,32.85,南方
南京,2023-02-12,20.320833333333333,29.27916666666667,南方
南京,2023-02-13,20.370833333333334,30.120833333333334,南方
南京,2023-02-14,25.787499999999998,38.233333333333334,南方
南京,2023-02-15,51.42916666666667,75.95416666666667,南方
南京,2023-02-16,45.612500000000004,67.8625,南方
南京,2023-02-17,50.9375,76.41666666666667,南方
南京,2023-02-18,86.58333333333333,125.89583333333333,南方
南京,2023-02-19,67.32916666666667,96.68333333333334,南方
南京,2023-02-20,67.3125,97.48333333333333,南方
南京,2023-02-21,20.675,33.266666666666666,南方
南京,2023-02-22,27.599999999999998,42.5375,南方
南京,2023-02-23,36.00833333333333,53.04583333333333,南方
南京,2023-02-24,37.604166666666664,54.37083333333334,南方
南京,2023-02-25,36.00833333333333,54.1875,南方
南京,2023-02-26,49.84583333333333,71.97083333333333,南方
南京,2023-02-27,43.29583333333333,66.08749999999999,南方
南京,2023-02-28,49.916666666666664,73.05416666666666,南方
南京,2023-03-01,85.67916666666667,124.04166666666667,南方
南京,2023-03-02,57.92916666666667,89.90833333333335,南方
南京,2023-03-03,45.47083333333333,68.80833333333334,南方
南京,2023-03-04,76.6875,112.27916666666665,南方
南京,2023-03-05,80.24583333333334,116.00416666666666,南方
南京,2023-03-06,63.583333333333336,91.49166666666667,南方
南京,2023-03-07,59.18333333333334,84.79166666666667,南方
南京,2023-03-08,67.8,96.97500000000001,南方
南京,2023-03-09,58.52916666666667,89.1125,南方
南京,2023-03-10,38.86666666666667,58.05833333333334,南方
南京,2023-03-11,65.52916666666667,94.07499999999999,南方
南京,2023-03-12,41.6,65.65416666666667,南方
南京,2023-03-13,38.6,56.041666666666664,南方
南京,2023-03-14,29.870833333333334,43.333333333333336,南方
南京,2023-03-15,44.512499999999996,66.04583333333333,南方
南京,2023-03-16,23.025000000000002,37.28333333333333,南方
南京,2023-03-17,16.933333333333334,25.34166666666667,南方
南京,2023-03-18,37.65416666666667,57.020833333333336,南方
南京,2023-03-19,43.770833333333336,68.64166666666667,南方
南京,2023-03-20,44.47083333333333,66.22083333333333,南方
南京,2023-03-21,49.112500000000004,70.14583333333333,南方
南京,2023-03-22,42.00416666666667,59.98333333333333,南方
南京,2023-03-23,27.09166666666667,41.145833333333336,南方
南京,2023-03-24,26.733333333333334,40.30833333333333,南方
南京,2023-03-25,44.362500000000004,65.54166666666667,南方
南京,2023-03-26,74.05833333333334,115.22916666666667,南方
南京,2023-03-27,73.03333333333333,111.97083333333335,南方
南京,2023-03-28,50.03333333333333,75.20416666666667,南方
南京,2023-03-29,33.15416666666667,48.88333333333333,南方
南京,2023-03-30,39.295833333333334,58.583333333333336,南方
南京,2023-03-31,53.854166666666664,79.31666666666666,南方
南京,2023-04-01,48.791666666666664,71.61666666666666,南方
南京,2023-04-02,47.44166666666666,69.78750000000001,南方
南京,2023-04-03,25.758333333333336,38.916666666666664,南方
南京,2023-04-04,26.058333333333334,37.74166666666667,南方
南京,2023-04-05,27.129166666666666,38.80833333333333,南方
南京,2023-04-06,59.4,84.92916666666666,南方
南京,2023-04-07,51.76666666666667,76.24166666666666,南方
南京,2023-04-08,50.729166666666664,75.57916666666667,南方
南京,2023-04-09,44.333333333333336,65.6125,南方
南京,2023-04-10,44.4625,64.23333333333333,南方
南京,2023-04-11,57.708333333333336,91.45,南方
南京,2023-04-12,39.987500000000004,71.8,南方
南京,2023-04-13,42.85,65.6125,南方
南京,2023-04-14,53.19583333333333,76.58333333333333,南方
南京,2023-04-15,56.137499999999996,92.4875,南方
南京,2023-04-16,48.89166666666667,79.12083333333334,南方
南京,2023-04-17,36.479166666666664,54.775,南方
南京,2023-04-18,44.0375,64.7,南方
南京,2023-04-19,43.2125,64.58749999999999,南方
南京,2023-04-20,30.22083333333333,43.85833333333333,南方
南京,2023-04-21,25.275000000000002,38.824999999999996,南方
南京,2023-04-22,27.4375,42.166666666666664,南方
南京,2023-04-23,29.604166666666668,44.824999999999996,南方
南京,2023-04-24,27.520833333333332,42.4375,南方
南京,2023-04-25,48.12916666666666,71.96249999999999,南方
南京,2023-04-26,57.09166666666667,83.7,南方
南京,2023-04-27,42.525,61.82083333333333,南方
南京,2023-04-28,47.92916666666667,69.54166666666667,南方
南京,2023-04-29,39.96666666666667,61.875,南方
南京,2023-04-30,49.3125,73.25416666666666,南方
南京,2023-05-01,44.4125,66.27083333333333,南方
南京,2023-05-02,27.729166666666668,39.92916666666667,南方
南京,2023-05-03,27.866666666666664,40.550000000000004,南方
南京,2023-05-04,34.016666666666666,49.525,南方
南京,2023-05-05,34.68333333333333,49.70416666666667,南方
南京,2023-05-06,34.862500000000004,50.15833333333333,南方
南京,2023-05-07,30.691666666666666,45.041666666666664,南方
南京,2023-05-08,53.291666666666664,77.00416666666666,南方
南京,2023-05-09,60.09166666666667,86.3875,南方
南京,2023-05-10,47.675000000000004,69.11666666666666,南方
南京,2023-05-11,49.37083333333334,71.19583333333334,南方
南京,2023-05-12,55.225,79.28333333333333,南方
南京,2023-05-13,63.15833333333333,92.80416666666667,南方
南京,2023-05-14,49.199999999999996,74.50416666666666,南方
南京,2023-05-15,37.983333333333334,56.55416666666667,南方
南京,2023-05-16,35.71666666666667,52.11666666666667,南方
南京,2023-05-17,29.316666666666666,42.27916666666667,南方
南京,2023-05-18,24.704166666666666,35.704166666666666,南方
南京,2023-05-19,30.087500000000002,44.27916666666667,南方
南京,2023-05-20,44.2875,65.65833333333333,南方
南京,2023-05-21,42.00416666666667,61.854166666666664,南方
南京,2023-05-22,39.233333333333334,58.56666666666666,南方
南京,2023-05-23,42.50416666666667,61.025,南方
南京,2023-05-24,36.24166666666667,51.99583333333334,南方
南京,2023-05-25,48.00833333333333,68.79583333333333,南方
南京,2023-05-26,47.07083333333333,68.04166666666667,南方
南京,2023-05-27,31.883333333333336,45.62083333333334,南方
南京,2023-05-28,38.80833333333333,55.949999999999996,南方
南京,2023-05-29,47.89166666666667,68.65833333333333,南方
南京,2023-05-30,32.141666666666666,46.175000000000004,南方
南京,2023-05-31,43.27916666666667,62.44166666666666,南方
南京,2023-06-01,47.375,68.60416666666667,南方
南京,2023-06-02,70.50416666666666,103.03333333333335,南方
南京,2023-06-03,41.166666666666664,63.74583333333334,南方
南京,2023-06-04,36.84166666666667,53.487500000000004,南方
南京,2023-06-05,33.12083333333333,47.958333333333336,南方
南京,2023-06-06,51.104166666666664,73.46666666666667,南方
南京,2023-06-07,60.69583333333333,87.10000000000001,南方
南京,2023-06-08,54.27916666666667,77.64999999999999,南方
南京,2023-06-09,53.26666666666667,76.14583333333333,南方
南京,2023-06-10,54.44583333333333,78.21249999999999,南方
南京,2023-06-11,53.17083333333333,76.825,南方
南京,2023-06-12,39.61666666666667,57.645833333333336,南方
南京,2023-06-13,39.324999999999996,57.166666666666664,南方
南京,2023-06-14,62.40416666666667,89.62916666666666,南方
南京,2023-06-15,67.8125,97.0,南方
南京,2023-06-16,74.72083333333333,106.87083333333334,南方
南京,2023-06-17,27.0125,39.09166666666667,南方
南京,2023-06-18,22.59583333333333,32.28333333333333,南方
南京,2023-06-19,28.3,40.44583333333333,南方
南京,2023-06-20,54.07916666666667,77.28333333333333,南方
南京,2023-06-21,93.96666666666665,135.89166666666668,南方
南京,2023-06-22,92.12916666666666,132.73333333333332,南方
南京,2023-06-23,49.44583333333333,70.76666666666667,南方
南京,2023-06-24,19.870833333333334,28.383333333333336,南方
南京,2023-06-25,40.387499999999996,57.6875,南方
南京,2023-06-26,40.5875,57.987500000000004,南方
南京,2023-06-27,40.612500000000004,58.37916666666666,南方
南京,2023-06-28,22.820833333333336,33.3375,南方
南京,2023-06-29,28.479166666666668,41.24583333333333,南方
南京,2023-06-30,40.02916666666667,57.50833333333333,南方
南京,2023-07-01,55.15416666666667,80.28750000000001,南方
南京,2023-07-02,37.512499999999996,53.85,南方
南京,2023-07-03,33.67916666666667,48.6,南方
南京,2023-07-04,29.316666666666666,41.94583333333333,南方
南京,2023-07-05,38.81666666666667,56.083333333333336,南方
南京,2023-07-06,41.041666666666664,59.166666666666664,南方
南京,2023-07-07,31.175,44.95416666666667,南方
南京,2023-07-08,30.858333333333334,44.34583333333333,南方
南京,2023-07-09,32.49583333333333,46.93333333333334,南方
南京,2023-07-10,29.891666666666666,43.19166666666666,南方
南京,2023-07-11,39.829166666666666,58.28333333333333,南方
南京,2023-07-12,43.145833333333336,62.762499999999996,南方
南京,2023-07-13,35.229166666666664,51.26666666666667,南方
南京,2023-07-14,43.17916666666667,62.270833333333336,南方
南京,2023-07-15,44.57083333333333,74.46249999999999,南方
南京,2023-07-16,49.824999999999996,84.09583333333333,南方
南京,2023-07-17,30.583333333333332,45.833333333333336,南方
南京,2023-07-18,21.075,31.170833333333334,南方
南京,2023-07-19,36.895833333333336,53.5375,南方
南京,2023-07-20,33.02916666666666,47.275,南方
南京,2023-07-21,43.637499999999996,62.46666666666667,南方
南京,2023-07-22,34.65416666666666,49.525,南方
南京,2023-07-23,52.1,77.71249999999999,南方
南京,2023-07-24,51.612500000000004,75.70416666666667,南方
南京,2023-07-25,51.97083333333333,75.00833333333334,南方
南京,2023-07-26,26.087500000000002,40.24583333333333,南方
南京,2023-07-27,18.608333333333334,28.233333333333334,南方
南京,2023-07-28,17.808333333333334,26.066666666666666,南方
南京,2023-07-29,10.483333333333333,15.370833333333332,南方
南京,2023-07-30,18.158333333333335,27.675,南方
南京,2023-07-31,24.766666666666666,37.375,南方
南京,2023-08-01,20.208333333333332,30.691666666666666,南方
南京,2023-08-02,25.575,41.96666666666667,南方
南京,2023-08-03,22.395833333333332,35.108333333333334,南方
南京,2023-08-04,22.97083333333333,36.1625,南方
南京,2023-08-05,33.35,50.82916666666667,南方
南京,2023-08-06,53.604166666666664,79.74583333333334,南方
南京,2023-08-07,32.016666666666666,47.88333333333333,南方
南京,2023-08-08,34.579166666666666,53.300000000000004,南方
南京,2023-08-09,43.770833333333336,68.37083333333334,南方
南京,2023-08-10,52.7125,80.30416666666666,南方
南京,2023-08-11,71.8625,110.14583333333333,南方
南京,2023-08-12,66.325,102.77083333333333,南方
南京,2023-08-13,61.80416666666667,91.325,南方
南京,2023-08-14,42.625,62.041666666666664,南方
南京,2023-08-15,39.487500000000004,59.78333333333333,南方
南京,2023-08-16,60.5375,91.32083333333333,南方
南京,2023-08-17,72.46249999999999,107.61666666666667,南方
南京,2023-08-18,66.34166666666667,97.18333333333334,南方
南京,2023-08-19,45.104166666666664,66.30416666666666,南方
南京,2023-08-20,40.50416666666667,59.63333333333333,南方
南京,2023-08-21,34.80833333333333,50.17083333333333,南方
南京,2023-08-22,50.59166666666667,72.3625,南方
南京,2023-08-23,49.362500000000004,78.29583333333333,南方
南京,2023-08-24,53.550000000000004,86.39999999999999,南方
南京,2023-08-25,56.23333333333333,90.94583333333333,南方
南京,2023-08-26,33.90833333333333,54.75833333333333,南方
南京,2023-08-27,28.358333333333334,43.48333333333333,南方
南京,2023-08-28,24.504166666666666,34.96666666666667,南方
南京,2023-08-29,28.212500000000002,41.25,南方
南京,2023-08-30,52.09166666666667,80.50416666666666,南方
南京,2023-08-31,48.32916666666667,71.88333333333334,南方
南京,2023-09-01,28.3,42.545833333333334,南方
南京,2023-09-02,35.979166666666664,57.59583333333333,南方
南京,2023-09-03,36.15833333333333,58.64166666666667,南方
南京,2023-09-04,27.304166666666664,43.28333333333333,南方
南京,2023-09-05,20.454166666666666,31.25,南方
南京,2023-09-06,24.25,37.887499999999996,南方
南京,2023-09-07,37.00416666666667,58.50833333333333,南方
南京,2023-09-08,46.354166666666664,71.53750000000001,南方
南京,2023-09-09,47.362500000000004,70.98333333333333,南方
南京,2023-09-10,55.99583333333334,84.28333333333333,南方
南京,2023-09-11,63.666666666666664,94.71249999999999,南方
南京,2023-09-12,41.5125,62.145833333333336,南方
南京,2023-09-13,19.758333333333333,29.416666666666668,南方
南京,2023-09-14,22.90833333333333,36.42916666666667,南方
南京,2023-09-15,26.02916666666667,39.90416666666667,南方
南京,2023-09-16,32.0375,46.09166666666667,南方
南京,2023-09-17,58.0875,83.9375,南方
南京,2023-09-18,52.729166666666664,76.28750000000001,南方
南京,2023-09-19,53.050000000000004,77.1375,南方
南京,2023-09-20,29.125,42.641666666666666,南方
南京,2023-09-21,26.3625,41.275,南方
南京,2023-09-22,30.95,48.479166666666664,南方
南京,2023-09-23,18.895833333333332,29.583333333333332,南方
南京,2023-09-24,27.6125,41.88333333333333,南方
南京,2023-09-25,31.583333333333332,45.4375,南方
南京,2023-09-26,44.92916666666667,64.52499999999999,南方
南京,2023-09-27,53.0625,76.075,南方
南京,2023-09-28,59.92083333333333,86.02499999999999,南方
南京,2023-09-29,49.7875,72.93333333333334,南方
南京,2023-09-30,28.295833333333334,41.55416666666667,南方
南京,2023-10-01,38.125,60.21666666666667,南方
南京,2023-10-02,22.025000000000002,37.27916666666667,南方
南京,2023-10-03,23.445833333333336,36.608333333333334,南方
南京,2023-10-04,28.995833333333334,44.975,南方
南京,2023-10-05,23.537499999999998,38.05833333333333,南方
南京,2023-10-06,16.837500000000002,28.704166666666666,南方
南京,2023-10-07,16.175,26.2625,南方
南京,2023-10-08,29.95,43.362500000000004,南方
南京,2023-10-09,50.73333333333333,73.54166666666667,南方
南京,2023-10-10,67.03333333333333,99.96666666666665,南方
南京,2023-10-11,34.12083333333333,54.09583333333333,南方
南京,2023-10-12,34.175000000000004,53.84166666666667,南方
南京,2023-10-13,38.71666666666667,61.07916666666667,南方
南京,2023-10-14,63.1,96.35416666666667,南方
南京,2023-10-15,67.70416666666667,101.74166666666667,南方
南京,2023-10-16,71.87916666666666,111.21666666666665,南方
南京,2023-10-17,73.96249999999999,118.41250000000001,南方
南京,2023-10-18,65.95,104.27083333333333,南方
南京,2023-10-19,72.47083333333333,109.1125,南方
南京,2023-10-20,24.983333333333334,38.21666666666667,南方
南京,2023-10-21,43.5375,63.3125,南方
南京,2023-10-22,54.78333333333333,79.40833333333333,南方
南京,2023-10-23,74.02499999999999,107.24583333333334,南方
南京,2023-10-24,80.16666666666667,116.66666666666667,南方
南京,2023-10-25,102.18333333333334,147.58333333333334,南方
南京,2023-10-26,116.79166666666667,170.0,南方
南京,2023-10-27,58.13333333333333,93.06666666666666,南方
南京,2023-10-28,28.25,45.145833333333336,南方
南京,2023-10-29,39.775,61.94583333333333,南方
南京,2023-10-30,52.449999999999996,82.09583333333333,南方
南京,2023-10-31,50.6625,78.57083333333334,南方
南京,2023-11-01,39.59583333333333,59.824999999999996,南方
南京,2023-11-02,34.8125,50.416666666666664,南方
南京,2023-11-03,56.20416666666667,81.0,南方
南京,2023-11-04,48.45416666666667,70.92083333333333,南方
南京,2023-11-05,31.854166666666668,46.15833333333333,南方
南京,2023-11-06,20.0,29.96666666666667,南方
南京,2023-11-07,34.666666666666664,49.541666666666664,南方
南京,2023-11-08,42.11666666666667,60.237500000000004,南方
南京,2023-11-09,58.604166666666664,84.44583333333334,南方
南京,2023-11-10,16.283333333333335,27.795833333333334,南方
南京,2023-11-11,17.154166666666665,28.2625,南方
南京,2023-11-12,27.166666666666668,40.94166666666667,南方
南京,2023-11-13,31.025000000000002,44.975,南方
南京,2023-11-14,65.32083333333334,94.1375,南方
南京,2023-11-15,81.36666666666666,118.60000000000001,南方
南京,2023-11-16,42.637499999999996,67.84583333333333,南方
南京,2023-11-17,29.420833333333334,48.041666666666664,南方
南京,2023-11-18,37.18333333333333,56.2875,南方
南京,2023-11-19,45.40416666666667,66.14166666666667,南方
南京,2023-11-20,73.0,104.60833333333333,南方
南京,2023-11-21,58.90833333333333,84.67083333333333,南方
南京,2023-11-22,54.6,78.06666666666666,南方
南京,2023-11-23,65.12916666666668,97.27916666666665,南方
南京,2023-11-24,21.0375,30.525000000000002,南方
南京,2023-11-25,22.733333333333334,34.949999999999996,南方
南京,2023-11-26,45.512499999999996,66.95416666666667,南方
南京,2023-11-27,54.04583333333333,78.7625,南方
南京,2023-11-28,60.19583333333333,95.58333333333333,南方
南京,2023-11-29,64.9875,102.37083333333334,南方
南京,2023-11-30,23.599999999999998,34.2125,南方
南京,2023-12-01,59.87916666666666,85.84166666666665,南方
南京,2023-12-02,75.8125,108.5125,南方
南京,2023-12-03,94.5625,135.47083333333333,南方
南京,2023-12-04,78.25833333333334,112.10833333333333,南方
南京,2023-12-05,71.58333333333333,102.96666666666665,南方
南京,2023-12-06,50.85833333333333,78.59583333333333,南方
南京,2023-12-07,44.38333333333333,66.34583333333333,南方
南京,2023-12-08,34.1625,49.875,南方
南京,2023-12-09,51.60833333333333,73.95833333333333,南方
南京,2023-12-10,34.96666666666667,52.275,南方
南京,2023-12-11,17.974999999999998,26.40833333333333,南方
南京,2023-12-12,25.3875,36.987500000000004,南方
南京,2023-12-13,45.67916666666667,67.66250000000001,南方
南京,2023-12-14,79.64999999999999,93.92083333333333,南方
南京,2023-12-15,24.104166666666668,18.4375,南方
南京,2023-12-16,28.425,40.875,南方
南京,2023-12-17,27.34166666666667,39.06666666666667,南方
南京,2023-12-18,34.93333333333333,50.9125,南方
南京,2023-12-19,46.49583333333334,67.22916666666667,南方
南京,2023-12-20,51.40833333333333,74.14166666666667,南方
南京,2023-12-21,38.0875,54.56666666666666,南方
南京,2023-12-22,64.2375,91.77083333333333,南方
南京,2023-12-23,100.25416666666666,143.48333333333332,南方
南京,2023-12-24,107.45833333333333,155.35833333333332,南方
南京,2023-12-25,123.46666666666665,180.99166666666667,南方
南京,2023-12-26,84.97500000000001,126.97916666666667,南方
南京,2023-12-27,139.57500000000002,202.89166666666665,南方
南京,2023-12-28,119.65416666666665,177.48333333333335,南方
南京,2023-12-29,74.7,110.19166666666666,南方
南京,2023-12-30,87.25833333333333,126.15833333333335,南方
南京,2023-12-31,93.04166666666667,142.29583333333332,南方
南京,2024-01-01,76.66666666666667,116.81666666666666,南方
南京,2024-01-02,66.7375,99.13333333333333,南方
南京,2024-01-03,81.22083333333333,119.55416666666667,南方
南京,2024-01-04,82.075,119.71249999999999,南方
南京,2024-01-05,104.32083333333333,149.93333333333334,南方
南京,2024-01-06,140.54583333333332,202.775,南方
南京,2024-01-07,52.94583333333333,78.47083333333333,南方
南京,2024-01-08,48.2125,72.00416666666666,南方
南京,2024-01-09,92.74166666666667,135.79583333333332,南方
南京,2024-01-10,91.83749999999999,135.34166666666667,南方
南京,2024-01-11,87.02916666666665,130.20833333333334,南方
南京,2024-01-12,93.27499999999999,136.16666666666666,南方
南京,2024-01-13,116.49166666666667,168.89583333333334,南方
南京,2024-01-14,62.86666666666667,91.97916666666667,南方
南京,2024-01-15,30.175,45.025,南方
南京,2024-01-16,26.09166666666667,41.15,南方
南京,2024-01-17,48.104166666666664,70.60833333333333,南方
南京,2024-01-18,19.995833333333334,28.704166666666666,南方
南京,2024-01-19,20.05,29.254166666666666,南方
南京,2024-01-20,32.71666666666667,48.699999999999996,南方
南京,2024-01-21,40.40833333333333,62.15,南方
南京,2024-01-22,22.974999999999998,33.574999999999996,南方
南京,2024-01-23,26.129166666666666,37.2875,南方
南京,2024-01-24,57.525,82.2,南方
南京,2024-01-25,89.68333333333334,128.55833333333334,南方
南京,2024-01-26,123.2,177.14166666666665,南方
南京,2024-01-27,122.7,176.84583333333333,南方
南京,2024-01-28,113.425,169.20833333333334,南方
南京,2024-01-29,101.925,158.69583333333333,南方
南京,2024-01-30,67.39583333333333,102.18333333333334,南方
南京,2024-01-31,34.8375,49.925000000000004,南方
南京,2024-02-01,14.208333333333334,21.962500000000002,南方
南京,2024-02-02,21.55,33.775,南方
南京,2024-02-03,21.729166666666668,33.52916666666667,南方
南京,2024-02-04,34.208333333333336,52.11666666666667,南方
南京,2024-02-05,20.016666666666666,29.34166666666667,南方
南京,2024-02-06,41.05833333333333,60.833333333333336,南方
南京,2024-02-07,81.6875,124.53333333333332,南方
南京,2024-02-08,134.98749999999998,202.27916666666667,南方
南京,2024-02-09,106.85833333333333,159.13333333333333,南方
南京,2024-02-10,67.325,100.98333333333333,南方
南京,2024-02-11,80.68333333333334,126.52499999999999,南方
南京,2024-02-12,41.225,64.47083333333333,南方
南京,2024-02-13,32.21666666666667,47.074999999999996,南方
南京,2024-02-14,58.18333333333334,85.74166666666667,南方
南京,2024-02-15,38.291666666666664,55.67916666666667,南方
南京,2024-02-16,31.391666666666666,46.4125,南方
南京,2024-02-17,30.3125,44.770833333333336,南方
南京,2024-02-18,29.895833333333332,43.75416666666666,南方
南京,2024-02-19,26.2,37.604166666666664,南方
南京,2024-02-20,13.0375,19.741666666666667,南方
南京,2024-02-21,9.3375,13.404166666666667,南方
南京,2024-02-22,13.270833333333334,19.8875,南方
南京,2024-02-23,19.125,30.662499999999998,南方
南京,2024-02-24,16.270833333333332,24.03333333333333,南方
南京,2024-02-25,42.625,62.92083333333333,南方
南京,2024-02-26,62.40833333333333,95.09583333333335,南方
南京,2024-02-27,41.09166666666667,66.2875,南方
南京,2024-02-28,38.72083333333333,59.17083333333333,南方
南京,2024-02-29,14.950000000000001,21.75,南方
南京,2024-03-01,45.708333333333336,68.53750000000001,南方
南京,2024-03-02,68.99166666666666,103.99166666666667,南方
南京,2024-03-03,47.637499999999996,72.25,南方
南京,2024-03-04,50.49166666666667,74.925,南方
南京,2024-03-05,28.445833333333336,41.954166666666666,南方
南京,2024-03-06,53.73333333333333,88.7375,南方
南京,2024-03-07,60.94166666666666,95.52916666666665,南方
南京,2024-03-08,60.137499999999996,103.7625,南方
南京,2024-03-09,68.26666666666667,109.34583333333335,南方
南京,2024-03-10,61.46666666666667,98.22916666666667,南方
南京,2024-03-11,57.512499999999996,93.25,南方
南京,2024-03-12,61.84166666666667,101.84583333333335,南方
南京,2024-03-13,49.32083333333333,77.28333333333333,南方
南京,2024-03-14,84.98333333333333,137.57083333333333,南方
南京,2024-03-15,54.20416666666667,87.91250000000001,南方
南京,2024-03-16,71.62916666666666,107.81666666666666,南方
南京,2024-03-17,48.71666666666667,76.54583333333333,南方
南京,2024-03-18,41.979166666666664,63.52916666666667,南方
南京,2024-03-19,53.0,83.325,南方
南京,2024-03-20,48.862500000000004,87.35416666666667,南方
南京,2024-03-21,38.699999999999996,65.52083333333333,南方
南京,2024-03-22,45.51666666666667,67.8625,南方
南京,2024-03-23,52.3375,75.64583333333333,南方
南京,2024-03-24,36.833333333333336,54.28333333333333,南方
南京,2024-03-25,25.416666666666668,37.112500000000004,南方
南京,2024-03-26,38.15416666666666,56.8375,南方
南京,2024-03-27,52.45416666666667,78.32916666666667,南方
南京,2024-03-28,55.770833333333336,83.53333333333333,南方
南京,2024-03-29,32.6625,52.012499999999996,南方
南京,2024-03-30,33.06666666666667,53.26666666666667,南方
南京,2024-03-31,55.75833333333333,101.3625,南方
南京,2024-04-01,69.00833333333334,108.2375,南方
南京,2024-04-02,32.887499999999996,46.862500000000004,南方
南京,2024-04-03,22.054166666666664,32.025,南方
南京,2024-04-04,42.9125,67.44583333333334,南方
南京,2024-04-05,30.28333333333333,46.387499999999996,南方
南京,2024-04-06,53.85833333333333,85.42916666666667,南方
南京,2024-04-07,46.85,70.28750000000001,南方
南京,2024-04-08,46.14166666666667,72.425,南方
南京,2024-04-09,64.3125,107.22083333333335,南方
南京,2024-04-10,51.63333333333333,86.59583333333335,南方
南京,2024-04-11,59.4125,98.9875,南方
南京,2024-04-12,56.21666666666667,84.17916666666666,南方
南京,2024-04-13,37.425000000000004,54.12916666666666,南方
南京,2024-04-14,30.90833333333333,44.42083333333333,南方
南京,2024-04-15,53.05416666666667,77.32916666666667,南方
南京,2024-04-16,57.979166666666664,91.13333333333333,南方
南京,2024-04-17,51.30416666666667,80.09166666666667,南方
南京,2024-04-18,59.34583333333333,89.12083333333334,南方
南京,2024-04-19,39.525,57.81666666666666,南方
南京,2024-04-20,27.45,39.666666666666664,南方
南京,2024-04-21,45.05833333333334,66.75416666666666,南方
南京,2024-04-22,57.65,88.3,南方
南京,2024-04-23,62.800000000000004,96.175,南方
南京,2024-04-24,45.083333333333336,72.1875,南方
南京,2024-04-25,41.862500000000004,63.59583333333333,南方
南京,2024-04-26,46.53333333333333,68.52499999999999,南方
南京,2024-04-27,49.10833333333333,73.21666666666667,南方
南京,2024-04-28,19.883333333333333,28.662499999999998,南方
南京,2024-04-29,33.93333333333333,51.166666666666664,南方
南京,2024-04-30,26.829166666666666,41.449999999999996,南方
南京,2024-05-01,45.166666666666664,65.71249999999999,南方
南京,2024-05-02,45.137499999999996,67.31666666666666,南方
南京,2024-05-03,37.920833333333334,57.275,南方
南京,2024-05-04,36.44583333333333,54.11666666666667,南方
南京,2024-05-05,28.241666666666664,40.425000000000004,南方
南京,2024-05-06,47.708333333333336,70.39583333333333,南方
南京,2024-05-07,78.29166666666667,116.7625,南方
南京,2024-05-08,54.604166666666664,80.15833333333333,南方
南京,2024-05-09,34.7125,51.17083333333333,南方
南京,2024-05-10,40.43333333333333,60.22083333333333,南方
南京,2024-05-11,31.883333333333336,46.166666666666664,南方
南京,2024-05-12,41.479166666666664,78.0625,南方
南京,2024-05-13,55.67083333333333,98.25416666666666,南方
南京,2024-05-14,41.71666666666667,66.875,南方
南京,2024-05-15,45.333333333333336,71.37916666666666,南方
南京,2024-05-16,27.133333333333336,40.02916666666667,南方
南京,2024-05-17,35.87083333333333,53.99583333333334,南方
南京,2024-05-18,50.17916666666667,75.20416666666667,南方
南京,2024-05-19,37.85,58.29583333333333,南方
南京,2024-05-20,44.7125,66.925,南方
南京,2024-05-21,36.09166666666667,53.12083333333334,南方
南京,2024-05-22,43.25,65.925,南方
南京,2024-05-23,48.270833333333336,71.54166666666667,南方
南京,2024-05-24,64.81666666666666,94.95416666666667,南方
南京,2024-05-25,40.40833333333333,58.541666666666664,南方
南京,2024-05-26,57.612500000000004,82.64166666666667,南方
南京,2024-05-27,36.583333333333336,57.55833333333334,南方
南京,2024-05-28,42.35,61.38333333333333,南方
南京,2024-05-29,32.362500000000004,47.4375,南方
南京,2024-05-30,40.59583333333333,61.74583333333334,南方
南京,2024-05-31,66.175,97.00416666666666,南方
南京,2024-06-01,55.78333333333333,83.18333333333334,南方
南京,2024-06-02,37.32083333333333,56.12083333333334,南方
南京,2024-06-03,38.975,56.770833333333336,南方
南京,2024-06-04,34.170833333333334,51.99166666666667,南方
南京,2024-06-05,50.15,77.5625,南方
南京,2024-06-06,36.516666666666666,53.65,南方
南京,2024-06-07,39.30833333333333,57.270833333333336,南方
南京,2024-06-08,57.32916666666667,83.82916666666667,南方
南京,2024-06-09,55.35,81.63333333333334,南方
南京,2024-06-10,30.825,45.083333333333336,南方
南京,2024-06-11,33.0375,47.62083333333334,南方
南京,2024-06-12,47.54583333333333,69.3875,南方
南京,2024-06-13,52.875,77.02083333333333,南方
南京,2024-06-14,47.18333333333334,73.74583333333334,南方
南京,2024-06-15,73.37916666666666,115.24583333333334,南方
南京,2024-06-16,59.300000000000004,88.78333333333335,南方
南京,2024-06-17,45.145833333333336,70.44166666666666,南方
南京,2024-06-18,34.88333333333333,52.07083333333333,南方
南京,2024-06-19,25.629166666666666,37.38333333333333,南方
南京,2024-06-20,34.22083333333333,49.48333333333333,南方
南京,2024-06-21,33.791666666666664,48.425000000000004,南方
南京,2024-06-22,26.304166666666664,37.604166666666664,南方
南京,2024-06-23,30.5,44.85833333333333,南方
南京,2024-06-24,42.391666666666666,63.03333333333333,南方
南京,2024-06-25,30.287499999999998,46.09166666666667,南方
南京,2024-06-26,38.80416666666667,55.458333333333336,南方
南京,2024-06-27,44.23333333333333,63.34166666666667,南方
南京,2024-06-28,22.4375,32.0875,南方
南京,2024-06-29,18.716666666666665,26.858333333333334,南方
南京,2024-06-30,34.329166666666666,49.112500000000004,南方
南京,2024-07-01,17.333333333333332,24.754166666666666,南方
南京,2024-07-02,32.262499999999996,46.23333333333333,南方
南京,2024-07-03,42.59583333333333,61.06666666666666,南方
南京,2024-07-04,26.233333333333334,37.829166666666666,南方
南京,2024-07-05,24.287499999999998,35.1,南方
南京,2024-07-06,21.875,32.012499999999996,南方
南京,2024-07-07,23.3625,33.65,南方
南京,2024-07-08,26.6375,38.49583333333333,南方
南京,2024-07-09,36.770833333333336,53.74166666666667,南方
南京,2024-07-10,26.608333333333334,38.1,南方
南京,2024-07-11,34.583333333333336,48.92916666666667,南方
南京,2024-07-12,37.82083333333333,53.96666666666667,南方
南京,2024-07-13,40.1875,57.73333333333333,南方
南京,2024-07-14,39.25,56.145833333333336,南方
南京,2024-07-15,54.76666666666667,78.91250000000001,南方
南京,2024-07-16,46.725,68.55416666666666,南方
南京,2024-07-17,29.008333333333336,43.09166666666667,南方
南京,2024-07-18,29.791666666666668,43.21666666666667,南方
南京,2024-07-19,27.616666666666664,40.12083333333333,南方
南京,2024-07-20,26.1875,38.579166666666666,南方
南京,2024-07-21,26.2375,38.24166666666667,南方
南京,2024-07-22,32.4625,47.5,南方
南京,2024-07-23,47.708333333333336,69.92916666666666,南方
南京,2024-07-24,24.97083333333333,38.09583333333333,南方
南京,2024-07-25,20.958333333333332,33.479166666666664,南方
南京,2024-07-26,18.087500000000002,28.375,南方
南京,2024-07-27,10.808333333333332,15.754166666666668,南方
南京,2024-07-28,14.316666666666668,21.366666666666664,南方
南京,2024-07-29,19.445833333333333,28.366666666666664,南方
南京,2024-07-30,29.537499999999998,44.42916666666667,南方
南京,2024-07-31,32.895833333333336,47.87916666666666,南方
南京,2024-08-01,31.520833333333332,45.5,南方
南京,2024-08-02,37.800000000000004,54.11666666666667,南方
南京,2024-08-03,41.354166666666664,59.50833333333333,南方
南京,2024-08-04,35.11666666666667,50.24583333333334,南方
南京,2024-08-05,35.525,50.92083333333333,南方
南京,2024-08-06,59.300000000000004,85.71249999999999,南方
南京,2024-08-07,65.67916666666666,94.74166666666667,南方
南京,2024-08-08,65.82916666666667,95.80416666666667,南方
南京,2024-08-09,61.25416666666666,88.54583333333333,南方
南京,2024-08-10,49.449999999999996,71.18333333333334,南方
南京,2024-08-11,45.19166666666666,69.64999999999999,南方
南京,2024-08-12,50.52916666666667,78.7375,南方
南京,2024-08-13,61.95416666666667,92.55,南方
南京,2024-08-14,64.47916666666667,94.47083333333335,南方
南京,2024-08-15,28.6125,44.15833333333333,南方
南京,2024-08-16,26.6875,41.237500000000004,南方
南京,2024-08-17,31.52916666666667,47.862500000000004,南方
南京,2024-08-18,43.44583333333333,64.5125,南方
南京,2024-08-19,53.4375,78.00416666666666,南方
南京,2024-08-20,40.266666666666666,58.166666666666664,南方
南京,2024-08-21,64.8125,92.8625,南方
南京,2024-08-22,56.47083333333333,81.22916666666667,南方
南京,2024-08-23,48.15,69.34583333333333,南方
南京,2024-08-24,70.125,101.1875,南方
南京,2024-08-25,75.80416666666666,109.20833333333333,南方
南京,2024-08-26,65.49583333333334,95.28750000000001,南方
南京,2024-08-27,36.204166666666666,52.07916666666667,南方
南京,2024-08-28,38.77916666666667,57.20416666666667,南方
南京,2024-08-29,24.983333333333334,39.454166666666666,南方
南京,2024-08-30,43.43333333333334,66.0625,南方
南京,2024-08-31,76.54166666666667,113.54583333333333,南方
南京,2024-09-01,80.47083333333333,117.46666666666668,南方
南京,2024-09-02,52.237500000000004,76.72500000000001,南方
南京,2024-09-03,23.337500000000002,37.55416666666667,南方
南京,2024-09-04,36.71666666666667,55.4,南方
南京,2024-09-05,56.82083333333333,84.01666666666667,南方
南京,2024-09-06,37.104166666666664,57.19583333333333,南方
南京,2024-09-07,44.458333333333336,68.22916666666667,南方
南京,2024-09-08,35.09583333333333,54.729166666666664,南方
南京,2024-09-09,24.691666666666666,37.37083333333333,南方
南京,2024-09-10,27.224999999999998,41.9625,南方
南京,2024-09-11,11.233333333333334,17.504166666666666,南方
南京,2024-09-12,31.179166666666664,45.85,南方
南京,2024-09-13,33.17916666666667,49.34166666666667,南方
南京,2024-09-14,56.42083333333333,82.94583333333334,南方
南京,2024-09-15,28.425,44.887499999999996,南方
南京,2024-09-16,19.083333333333332,31.616666666666664,南方
南京,2024-09-17,20.683333333333334,30.879166666666666,南方
南京,2024-09-18,26.633333333333336,40.59583333333333,南方
南京,2024-09-19,13.908333333333333,22.104166666666668,南方
南京,2024-09-20,11.954166666666666,18.2625,南方
南京,2024-09-21,15.233333333333334,22.554166666666664,南方
南京,2024-09-22,15.1875,23.104166666666668,南方
南京,2024-09-23,25.895833333333332,40.729166666666664,南方
南京,2024-09-24,42.25833333333333,65.86666666666666,南方
南京,2024-09-25,51.69583333333333,78.95416666666667,南方
南京,2024-09-26,45.72083333333333,69.78750000000001,南方
南京,2024-09-27,31.59166666666667,52.27916666666667,南方
南京,2024-09-28,25.666666666666668,43.0625,南方
南京,2024-09-29,28.816666666666666,49.17083333333333,南方
南京,2024-09-30,30.379166666666666,47.59166666666667,南方
南京,2024-10-01,18.708333333333332,28.066666666666666,南方
南京,2024-10-02,22.120833333333334,32.891666666666666,南方
南京,2024-10-03,22.520833333333332,34.166666666666664,南方
南京,2024-10-04,23.287499999999998,38.8375,南方
南京,2024-10-05,24.391666666666666,41.24166666666667,南方
南京,2024-10-06,22.6125,34.49166666666667,南方
南京,2024-10-07,22.920833333333334,33.2125,南方
南京,2024-10-08,42.38333333333333,63.225,南方
南京,2024-10-09,49.87083333333334,73.10416666666667,南方
南京,2024-10-10,67.94166666666666,100.50833333333333,南方
南京,2024-10-11,85.96666666666665,134.97916666666666,南方
南京,2024-10-12,69.90833333333333,109.8125,南方
南京,2024-10-13,34.38333333333333,55.92083333333333,南方
南京,2024-10-14,45.71666666666667,66.78333333333333,南方
南京,2024-10-15,63.36666666666667,93.62916666666666,南方
南京,2024-10-16,42.32083333333333,66.3,南方
南京,2024-10-17,30.666666666666668,47.574999999999996,南方
南京,2024-10-18,22.53333333333333,32.93333333333333,南方
南京,2024-10-19,12.4375,18.3125,南方
南京,2024-10-20,21.541666666666668,34.958333333333336,南方
南京,2024-10-21,25.400000000000002,39.19583333333333,南方
南京,2024-10-22,26.104166666666668,37.583333333333336,南方
南京,2024-10-23,49.55416666666667,75.05416666666666,南方
南京,2024-10-24,43.5,67.82916666666667,南方
南京,2024-10-25,27.216666666666665,48.9125,南方
南京,2024-10-26,22.0125,38.00833333333333,南方
南京,2024-10-27,29.425,46.44583333333333,南方
南京,2024-10-28,57.12083333333334,90.28333333333335,南方
南京,2024-10-29,44.5625,67.12916666666666,南方
南京,2024-10-30,35.637499999999996,56.4625,南方
南京,2024-10-31,25.633333333333336,44.84583333333333,南方
南京,2024-11-01,16.491666666666667,28.358333333333334,南方
南京,2024-11-02,53.23333333333333,81.44166666666666,南方
南京,2024-11-03,91.94166666666666,141.47916666666666,南方
南京,2024-11-04,70.57083333333334,109.30416666666667,南方
南京,2024-11-05,26.21666666666667,41.795833333333334,南方
南京,2024-11-06,30.71666666666667,47.37916666666666,南方
南京,2024-11-07,24.645833333333332,40.25833333333333,南方
南京,2024-11-08,27.0625,43.76666666666667,南方
南京,2024-11-09,24.866666666666664,40.574999999999996,南方
南京,2024-11-10,32.44583333333333,49.699999999999996,南方
南京,2024-11-11,51.34166666666667,80.89583333333333,南方
南京,2024-11-12,49.32083333333333,72.08333333333333,南方
南京,2024-11-13,56.449999999999996,57.90416666666667,南方
南京,2024-11-14,82.04166666666667,83.2,南方
南京,2024-11-15,71.0125,71.32916666666667,南方
南京,2024-11-16,41.483333333333334,41.9,南方
南京,2024-11-17,19.650000000000002,21.900000000000002,南方
南京,2024-11-18,16.204166666666666,18.8875,南方
南京,2024-11-19,27.900000000000002,30.204166666666666,南方
南京,2024-11-20,53.541666666666664,55.60833333333333,南方
南京,2024-11-21,108.37083333333334,111.14166666666667,南方
南京,2024-11-22,123.32916666666667,129.74583333333334,南方
南京,2024-11-23,31.1125,33.079166666666666,南方
南京,2024-11-24,33.4375,35.045833333333334,南方
南京,2024-11-25,37.78333333333333,38.75833333333333,南方
南京,2024-11-26,32.704166666666666,45.82083333333333,南方
南京,2024-11-27,27.383333333333336,34.42916666666667,南方
南京,2024-11-28,25.416666666666668,31.2375,南方
南京,2024-11-29,44.375,49.32083333333333,南方
南京,2024-11-30,85.90833333333335,87.43333333333334,南方
南京,2024-12-01,62.354166666666664,63.82083333333333,南方
南京,2024-12-02,71.25,72.1875,南方
南京,2024-12-03,55.475,59.34166666666667,南方
南京,2024-12-04,52.00416666666666,58.975,南方
南京,2024-12-05,97.63333333333333,106.28333333333335,南方
南京,2024-12-06,163.79999999999998,169.22083333333333,南方
南京,2024-12-07,142.20416666666668,144.84166666666667,南方
南京,2024-12-08,45.9125,47.31666666666666,南方
南京,2024-12-09,60.833333333333336,63.2875,南方
南京,2024-12-10,56.699999999999996,59.479166666666664,南方
南京,2024-12-11,59.17916666666667,60.9125,南方
南京,2024-12-12,87.14999999999999,90.83749999999999,南方
南京,2024-12-13,98.32083333333333,100.4375,南方
南京,2024-12-14,66.49583333333334,72.02499999999999,南方
南京,2024-12-15,68.27916666666667,71.425,南方
南京,2024-12-16,93.42916666666667,95.25416666666666,南方
南京,2024-12-17,137.725,139.45000000000002,南方
南京,2024-12-18,61.09166666666667,63.00833333333333,南方
南京,2024-12-19,74.79166666666667,77.38333333333334,南方
南京,2024-12-20,135.1875,138.6875,南方
南京,2024-12-21,96.175,101.6375,南方
南京,2024-12-22,67.50833333333334,70.57083333333334,南方
南京,2024-12-23,85.97916666666667,89.1375,南方
南京,2024-12-24,83.69166666666666,86.26666666666667,南方
南京,2024-12-25,142.025,144.58333333333334,南方
南京,2024-12-26,127.18333333333334,129.50416666666666,南方
南京,2024-12-27,61.4,64.375,南方
南京,2024-12-28,79.41666666666667,82.39166666666667,南方
南京,2024-12-29,78.05416666666666,80.12083333333334,南方
南京,2024-12-30,79.97500000000001,81.2625,南方
南京,2024-12-31,123.53750000000001,131.61249999999998,南方
哈尔滨,2022-08-04,40.30625,58.01875,北方
哈尔滨,2022-08-05,14.320833333333333,20.654166666666665,北方
哈尔滨,2022-08-06,14.316666666666668,20.483333333333334,北方
哈尔滨,2022-08-07,34.34583333333333,49.208333333333336,北方
哈尔滨,2022-08-08,7.095833333333334,10.137500000000001,北方
哈尔滨,2022-08-09,5.304166666666666,7.5874999999999995,北方
哈尔滨,2022-08-10,9.4125,13.458333333333334,北方
哈尔滨,2022-08-11,19.175,27.404166666666665,北方
哈尔滨,2022-08-12,13.858333333333334,19.795833333333334,北方
哈尔滨,2022-08-13,19.283333333333335,27.566666666666666,北方
哈尔滨,2022-08-14,26.820833333333336,38.362500000000004,北方
哈尔滨,2022-08-15,14.875,21.266666666666666,北方
哈尔滨,2022-08-16,15.1875,21.708333333333332,北方
哈尔滨,2022-08-17,16.054166666666667,22.933333333333334,北方
哈尔滨,2022-08-18,30.454166666666666,44.262499999999996,北方
哈尔滨,2022-08-19,15.204166666666666,21.995833333333334,北方
哈尔滨,2022-08-20,6.954166666666667,9.950000000000001,北方
哈尔滨,2022-08-21,13.4,22.40416666666667,北方
哈尔滨,2022-08-22,15.700000000000001,23.087500000000002,北方
哈尔滨,2022-08-23,7.395833333333333,10.570833333333335,北方
哈尔滨,2022-08-24,9.404166666666667,13.470833333333333,北方
哈尔滨,2022-08-25,9.245833333333334,13.5625,北方
哈尔滨,2022-08-26,6.354166666666667,9.0875,北方
哈尔滨,2022-08-27,9.529166666666667,13.595833333333333,北方
哈尔滨,2022-08-28,10.341666666666667,14.804166666666667,北方
哈尔滨,2022-08-29,21.5625,30.9375,北方
哈尔滨,2022-08-30,24.287499999999998,34.90416666666666,北方
哈尔滨,2022-08-31,20.675,29.804166666666664,北方
哈尔滨,2022-09-01,5.491666666666667,7.8625,北方
哈尔滨,2022-09-02,9.195833333333333,13.179166666666667,北方
哈尔滨,2022-09-03,18.133333333333333,25.912499999999998,北方
哈尔滨,2022-09-04,18.529166666666665,26.545833333333334,北方
哈尔滨,2022-09-05,14.466666666666667,21.266666666666666,北方
哈尔滨,2022-09-06,14.5625,24.370833333333334,北方
哈尔滨,2022-09-07,9.191666666666666,13.720833333333333,北方
哈尔滨,2022-09-08,15.191666666666668,22.166666666666668,北方
哈尔滨,2022-09-09,14.125,20.229166666666668,北方
哈尔滨,2022-09-10,28.075,40.208333333333336,北方
哈尔滨,2022-09-11,39.85,57.22083333333333,北方
哈尔滨,2022-09-12,23.3,33.62916666666667,北方
哈尔滨,2022-09-13,8.833333333333334,12.629166666666668,北方
哈尔滨,2022-09-14,28.808333333333334,41.19166666666667,北方
哈尔滨,2022-09-15,38.920833333333334,55.708333333333336,北方
哈尔滨,2022-09-16,11.816666666666668,17.116666666666667,北方
哈尔滨,2022-09-17,7.8125,11.204166666666666,北方
哈尔滨,2022-09-18,4.854166666666667,7.004166666666666,北方
哈尔滨,2022-09-19,4.116666666666666,5.904166666666666,北方
哈尔滨,2022-09-20,6.054166666666667,8.666666666666666,北方
哈尔滨,2022-09-21,13.454166666666666,19.783333333333335,北方
哈尔滨,2022-09-22,18.116666666666667,27.170833333333334,北方
哈尔滨,2022-09-23,13.691666666666668,21.087500000000002,北方
哈尔滨,2022-09-24,7.3125,10.529166666666667,北方
哈尔滨,2022-09-25,21.370833333333334,31.020833333333332,北方
哈尔滨,2022-09-26,11.616666666666667,16.625,北方
哈尔滨,2022-09-27,29.583333333333332,43.06666666666666,北方
哈尔滨,2022-09-28,27.895833333333332,40.604166666666664,北方
哈尔滨,2022-09-29,29.891666666666666,43.92083333333333,北方
哈尔滨,2022-09-30,33.575,50.40416666666667,北方
哈尔滨,2022-10-01,12.595833333333333,18.675,北方
哈尔滨,2022-10-02,31.695833333333336,46.44583333333333,北方
哈尔滨,2022-10-03,8.158333333333333,11.75,北方
哈尔滨,2022-10-04,5.358333333333333,7.658333333333334,北方
哈尔滨,2022-10-05,9.920833333333333,14.158333333333333,北方
哈尔滨,2022-10-06,13.479166666666666,19.254166666666666,北方
哈尔滨,2022-10-07,20.433333333333334,29.245833333333334,北方
哈尔滨,2022-10-08,30.479166666666668,44.5625,北方
哈尔滨,2022-10-09,20.404166666666665,29.666666666666668,北方
哈尔滨,2022-10-10,15.333333333333334,22.025000000000002,北方
哈尔滨,2022-10-11,12.066666666666668,17.233333333333334,北方
哈尔滨,2022-10-12,22.6375,32.425000000000004,北方
哈尔滨,2022-10-13,41.0875,63.09166666666667,北方
哈尔滨,2022-10-14,49.550000000000004,71.99166666666666,北方
哈尔滨,2022-10-15,24.96666666666667,36.458333333333336,北方
哈尔滨,2022-10-16,5.7250000000000005,8.1875,北方
哈尔滨,2022-10-17,7.283333333333334,10.391666666666667,北方
哈尔滨,2022-10-18,12.029166666666667,17.220833333333335,北方
哈尔滨,2022-10-19,20.629166666666666,30.2,北方
哈尔滨,2022-10-20,36.24166666666667,53.81666666666666,北方
哈尔滨,2022-10-21,30.991666666666664,47.25833333333333,北方
哈尔滨,2022-10-22,13.775,19.733333333333334,北方
哈尔滨,2022-10-23,16.683333333333334,23.866666666666664,北方
哈尔滨,2022-10-24,20.920833333333334,29.8625,北方
哈尔滨,2022-10-25,21.291666666666668,31.166666666666668,北方
哈尔滨,2022-10-26,21.929166666666664,32.9,北方
哈尔滨,2022-10-27,19.479166666666668,27.8625,北方
哈尔滨,2022-10-28,51.050000000000004,72.97083333333333,北方
哈尔滨,2022-10-29,80.49166666666666,115.0625,北方
哈尔滨,2022-10-30,52.375,74.93333333333332,北方
哈尔滨,2022-10-31,21.741666666666664,34.166666666666664,北方
哈尔滨,2022-11-01,9.066666666666666,12.975,北方
哈尔滨,2022-11-02,8.924999999999999,12.775,北方
哈尔滨,2022-11-03,13.016666666666666,18.6,北方
哈尔滨,2022-11-04,14.887500000000001,21.3625,北方
哈尔滨,2022-11-05,21.158333333333335,30.3125,北方
哈尔滨,2022-11-06,32.84583333333333,47.18333333333334,北方
哈尔滨,2022-11-07,43.375,62.208333333333336,北方
哈尔滨,2022-11-08,23.791666666666668,34.07083333333333,北方
哈尔滨,2022-11-09,32.15,46.49166666666667,北方
哈尔滨,2022-11-10,48.9,69.875,北方
哈尔滨,2022-11-11,48.362500000000004,69.45833333333333,北方
哈尔滨,2022-11-12,25.34166666666667,36.25416666666667,北方
哈尔滨,2022-11-13,35.0,49.987500000000004,北方
哈尔滨,2022-11-14,48.10833333333333,69.21249999999999,北方
哈尔滨,2022-11-15,82.32916666666667,118.60000000000001,北方
哈尔滨,2022-11-16,50.37083333333334,72.11666666666666,北方
哈尔滨,2022-11-17,59.083333333333336,86.425,北方
哈尔滨,2022-11-18,31.099999999999998,44.612500000000004,北方
哈尔滨,2022-11-19,36.75,54.32916666666667,北方
哈尔滨,2022-11-20,10.954166666666666,15.654166666666667,北方
哈尔滨,2022-11-21,15.291666666666666,21.849999999999998,北方
哈尔滨,2022-11-22,35.8125,51.708333333333336,北方
哈尔滨,2022-11-23,49.29583333333333,72.99583333333334,北方
哈尔滨,2022-11-24,45.987500000000004,68.51666666666667,北方
哈尔滨,2022-11-25,55.48333333333333,87.37083333333334,北方
哈尔滨,2022-11-26,10.65,15.262500000000001,北方
哈尔滨,2022-11-27,30.383333333333336,45.487500000000004,北方
哈尔滨,2022-11-28,30.566666666666666,45.125,北方
哈尔滨,2022-11-29,8.233333333333333,11.770833333333334,北方
哈尔滨,2022-11-30,5.425,7.758333333333333,北方
哈尔滨,2022-12-01,10.229166666666666,14.612499999999999,北方
哈尔滨,2022-12-02,17.275000000000002,28.34583333333333,北方
哈尔滨,2022-12-03,17.241666666666667,26.27916666666667,北方
哈尔滨,2022-12-04,12.483333333333334,17.8625,北方
哈尔滨,2022-12-05,15.441666666666668,22.337500000000002,北方
哈尔滨,2022-12-06,10.1625,14.883333333333333,北方
哈尔滨,2022-12-07,24.295833333333334,34.7125,北方
哈尔滨,2022-12-08,40.983333333333334,58.65833333333333,北方
哈尔滨,2022-12-09,31.837500000000002,45.729166666666664,北方
哈尔滨,2022-12-10,28.316666666666666,40.44583333333333,北方
哈尔滨,2022-12-11,32.824999999999996,46.9,北方
哈尔滨,2022-12-12,20.375,31.116666666666664,北方
哈尔滨,2022-12-13,4.941666666666667,7.050000000000001,北方
哈尔滨,2022-12-14,0.7666666666666666,1.1041666666666667,北方
哈尔滨,2022-12-15,0.9916666666666667,1.4291666666666665,北方
哈尔滨,2022-12-16,14.133333333333333,20.2,北方
哈尔滨,2022-12-17,21.34166666666667,30.491666666666664,北方
哈尔滨,2022-12-18,19.433333333333334,27.7625,北方
哈尔滨,2022-12-19,20.349999999999998,29.108333333333334,北方
哈尔滨,2022-12-20,47.737500000000004,68.4375,北方
哈尔滨,2022-12-21,40.775,58.61666666666667,北方
哈尔滨,2022-12-22,11.408333333333333,16.304166666666667,北方
哈尔滨,2022-12-23,11.695833333333333,16.754166666666666,北方
哈尔滨,2022-12-24,14.3125,20.4375,北方
哈尔滨,2022-12-25,15.929166666666667,22.758333333333336,北方
哈尔滨,2022-12-26,56.34583333333333,80.49166666666666,北方
哈尔滨,2022-12-27,103.20416666666667,147.45000000000002,北方
哈尔滨,2022-12-28,51.1875,73.10833333333333,北方
哈尔滨,2022-12-29,29.791666666666668,42.583333333333336,北方
哈尔滨,2022-12-30,38.62083333333333,55.90833333333333,北方
哈尔滨,2022-12-31,27.349999999999998,40.1625,北方
哈尔滨,2023-01-01,13.179166666666667,18.845833333333335,北方
哈尔滨,2023-01-02,19.504166666666666,27.866666666666664,北方
哈尔滨,2023-01-03,30.329166666666666,43.32083333333333,北方
哈尔滨,2023-01-04,39.983333333333334,57.25833333333333,北方
哈尔滨,2023-01-05,54.270833333333336,78.71666666666667,北方
哈尔滨,2023-01-06,91.50833333333333,130.90833333333333,北方
哈尔滨,2023-01-07,83.24166666666666,119.02916666666665,北方
哈尔滨,2023-01-08,76.625,113.52916666666665,北方
哈尔滨,2023-01-09,33.175000000000004,47.449999999999996,北方
哈尔滨,2023-01-10,32.4,47.96666666666667,北方
哈尔滨,2023-01-11,42.30416666666667,63.98333333333333,北方
哈尔滨,2023-01-12,41.59166666666667,62.375,北方
哈尔滨,2023-01-13,14.441666666666665,21.604166666666668,北方
哈尔滨,2023-01-14,21.3,30.433333333333334,北方
哈尔滨,2023-01-15,38.770833333333336,55.44583333333333,北方
哈尔滨,2023-01-16,38.00416666666667,54.32083333333333,北方
哈尔滨,2023-01-17,35.225,50.958333333333336,北方
哈尔滨,2023-01-18,29.27916666666667,43.35833333333333,北方
哈尔滨,2023-01-19,39.675000000000004,59.17916666666667,北方
哈尔滨,2023-01-20,21.933333333333334,31.3625,北方
哈尔滨,2023-01-21,37.09166666666667,53.0375,北方
哈尔滨,2023-01-22,30.6375,43.79583333333333,北方
哈尔滨,2023-01-23,19.454166666666666,27.787499999999998,北方
哈尔滨,2023-01-24,18.008333333333333,25.733333333333334,北方
哈尔滨,2023-01-25,40.94166666666667,58.73333333333333,北方
哈尔滨,2023-01-26,69.40416666666667,99.3125,北方
哈尔滨,2023-01-27,54.166666666666664,77.46249999999999,北方
哈尔滨,2023-01-28,65.49583333333332,93.6125,北方
哈尔滨,2023-01-29,61.53333333333333,87.96666666666665,北方
哈尔滨,2023-01-30,88.41666666666667,126.33749999999999,北方
哈尔滨,2023-01-31,89.29583333333333,127.575,北方
哈尔滨,2023-02-01,57.458333333333336,82.10416666666667,北方
哈尔滨,2023-02-02,23.825,34.09583333333333,北方
哈尔滨,2023-02-03,52.62916666666666,76.48333333333333,北方
哈尔滨,2023-02-04,50.36666666666667,72.375,北方
哈尔滨,2023-02-05,36.516666666666666,53.09583333333333,北方
哈尔滨,2023-02-06,52.90833333333333,75.625,北方
哈尔滨,2023-02-07,50.42083333333333,72.08749999999999,北方
哈尔滨,2023-02-08,56.42083333333333,80.65416666666667,北方
哈尔滨,2023-02-09,54.541666666666664,78.425,北方
哈尔滨,2023-02-10,37.0625,53.37916666666666,北方
哈尔滨,2023-02-11,53.46666666666667,76.92916666666666,北方
哈尔滨,2023-02-12,30.620833333333334,43.762499999999996,北方
哈尔滨,2023-02-13,38.8125,55.449999999999996,北方
哈尔滨,2023-02-14,20.470833333333335,29.25,北方
哈尔滨,2023-02-15,36.65416666666667,52.38333333333333,北方
哈尔滨,2023-02-16,51.958333333333336,74.6125,北方
哈尔滨,2023-02-17,49.137499999999996,71.92083333333333,北方
哈尔滨,2023-02-18,33.97083333333333,48.63333333333333,北方
哈尔滨,2023-02-19,46.65833333333333,66.72083333333333,北方
哈尔滨,2023-02-20,18.3625,26.2375,北方
哈尔滨,2023-02-21,24.241666666666664,34.637499999999996,北方
哈尔滨,2023-02-22,32.9125,47.68333333333334,北方
哈尔滨,2023-02-23,46.425000000000004,66.43333333333334,北方
哈尔滨,2023-02-24,18.245833333333334,26.087500000000002,北方
哈尔滨,2023-02-25,26.116666666666664,37.333333333333336,北方
哈尔滨,2023-02-26,27.791666666666668,40.00416666666667,北方
哈尔滨,2023-02-27,38.045833333333334,55.895833333333336,北方
哈尔滨,2023-02-28,29.670833333333334,44.38333333333333,北方
哈尔滨,2023-03-01,33.6,48.10833333333333,北方
哈尔滨,2023-03-02,21.745833333333334,31.816666666666666,北方
哈尔滨,2023-03-03,34.920833333333334,50.225,北方
哈尔滨,2023-03-04,34.85,50.14166666666667,北方
哈尔滨,2023-03-05,63.458333333333336,97.05833333333334,北方
哈尔滨,2023-03-06,36.9375,53.76666666666667,北方
哈尔滨,2023-03-07,48.69166666666666,74.75833333333334,北方
哈尔滨,2023-03-08,24.47083333333333,35.416666666666664,北方
哈尔滨,2023-03-09,34.4625,50.31666666666666,北方
哈尔滨,2023-03-10,41.291666666666664,60.3375,北方
哈尔滨,2023-03-11,8.737499999999999,12.495833333333332,北方
哈尔滨,2023-03-12,12.683333333333332,18.133333333333333,北方
哈尔滨,2023-03-13,26.958333333333332,38.520833333333336,北方
哈尔滨,2023-03-14,35.25416666666667,57.604166666666664,北方
哈尔滨,2023-03-15,41.125,69.74583333333334,北方
哈尔滨,2023-03-16,20.6125,29.65416666666667,北方
哈尔滨,2023-03-17,23.2375,33.2125,北方
哈尔滨,2023-03-18,30.166666666666668,43.32916666666667,北方
哈尔滨,2023-03-19,22.15833333333333,32.125,北方
哈尔滨,2023-03-20,53.37916666666666,79.37916666666666,北方
哈尔滨,2023-03-21,46.574999999999996,67.83333333333333,北方
哈尔滨,2023-03-22,24.308333333333334,37.74166666666667,北方
哈尔滨,2023-03-23,11.266666666666666,16.158333333333335,北方
哈尔滨,2023-03-24,18.520833333333332,26.5125,北方
哈尔滨,2023-03-25,42.083333333333336,60.35,北方
哈尔滨,2023-03-26,39.28333333333333,56.225,北方
哈尔滨,2023-03-27,28.979166666666668,41.708333333333336,北方
哈尔滨,2023-03-28,29.40416666666667,42.09583333333333,北方
哈尔滨,2023-03-29,34.699999999999996,50.737500000000004,北方
哈尔滨,2023-03-30,26.041666666666668,37.262499999999996,北方
哈尔滨,2023-03-31,102.22500000000001,146.41666666666666,北方
哈尔滨,2023-04-01,71.81666666666666,103.49166666666667,北方
哈尔滨,2023-04-02,52.87083333333334,76.43333333333334,北方
哈尔滨,2023-04-03,37.395833333333336,54.17083333333333,北方
哈尔滨,2023-04-04,31.079166666666666,44.6,北方
哈尔滨,2023-04-05,50.69583333333333,72.75833333333334,北方
哈尔滨,2023-04-06,36.53333333333333,52.39166666666667,北方
哈尔滨,2023-04-07,13.145833333333334,18.795833333333334,北方
哈尔滨,2023-04-08,14.125,20.224999999999998,北方
哈尔滨,2023-04-09,20.8625,34.99166666666667,北方
哈尔滨,2023-04-10,43.387499999999996,73.12916666666668,北方
哈尔滨,2023-04-11,30.795833333333334,47.550000000000004,北方
哈尔滨,2023-04-12,13.825000000000001,19.758333333333333,北方
哈尔滨,2023-04-13,17.425,24.920833333333334,北方
哈尔滨,2023-04-14,16.845833333333335,24.120833333333334,北方
哈尔滨,2023-04-15,23.316666666666666,35.895833333333336,北方
哈尔滨,2023-04-16,27.354166666666668,42.541666666666664,北方
哈尔滨,2023-04-17,30.150000000000002,45.949999999999996,北方
哈尔滨,2023-04-18,24.724999999999998,37.170833333333334,北方
哈尔滨,2023-04-19,23.133333333333336,41.09583333333333,北方
哈尔滨,2023-04-20,12.4625,18.570833333333333,北方
哈尔滨,2023-04-21,9.533333333333333,13.616666666666667,北方
哈尔滨,2023-04-22,11.133333333333333,15.924999999999999,北方
哈尔滨,2023-04-23,12.866666666666667,18.412499999999998,北方
哈尔滨,2023-04-24,13.616666666666667,19.483333333333334,北方
哈尔滨,2023-04-25,31.0,46.32083333333333,北方
哈尔滨,2023-04-26,18.5125,26.770833333333332,北方
哈尔滨,2023-04-27,31.8125,48.525,北方
哈尔滨,2023-04-28,40.266666666666666,60.79583333333333,北方
哈尔滨,2023-04-29,31.895833333333332,46.55416666666667,北方
哈尔滨,2023-04-30,24.179166666666664,35.43333333333333,北方
哈尔滨,2023-05-01,16.491666666666667,23.795833333333334,北方
哈尔滨,2023-05-02,24.441666666666666,35.916666666666664,北方
哈尔滨,2023-05-03,32.479166666666664,60.87083333333334,北方
哈尔滨,2023-05-04,47.94166666666666,87.82916666666667,北方
哈尔滨,2023-05-05,11.65,16.8875,北方
哈尔滨,2023-05-06,11.320833333333333,16.183333333333334,北方
哈尔滨,2023-05-07,17.629166666666666,25.195833333333336,北方
哈尔滨,2023-05-08,7.641666666666667,10.954166666666666,北方
哈尔滨,2023-05-09,9.116666666666667,13.004166666666668,北方
哈尔滨,2023-05-10,17.900000000000002,25.583333333333332,北方
哈尔滨,2023-05-11,19.3875,27.7625,北方
哈尔滨,2023-05-12,40.81666666666667,61.48333333333333,北方
哈尔滨,2023-05-13,28.3625,42.42916666666667,北方
哈尔滨,2023-05-14,21.783333333333335,31.337500000000002,北方
哈尔滨,2023-05-15,15.533333333333333,22.804166666666664,北方
哈尔滨,2023-05-16,30.17916666666667,56.62083333333334,北方
哈尔滨,2023-05-17,22.541666666666668,33.37083333333333,北方
哈尔滨,2023-05-18,17.241666666666667,24.666666666666668,北方
哈尔滨,2023-05-19,15.304166666666667,22.3625,北方
哈尔滨,2023-05-20,24.333333333333332,51.19583333333333,北方
哈尔滨,2023-05-21,10.208333333333334,15.012500000000001,北方
哈尔滨,2023-05-22,10.9625,15.679166666666667,北方
哈尔滨,2023-05-23,11.137500000000001,15.908333333333333,北方
哈尔滨,2023-05-24,23.175,33.34583333333333,北方
哈尔滨,2023-05-25,32.05833333333333,49.30416666666667,北方
哈尔滨,2023-05-26,17.820833333333333,26.71666666666667,北方
哈尔滨,2023-05-27,18.795833333333334,30.445833333333336,北方
哈尔滨,2023-05-28,12.262500000000001,18.016666666666666,北方
哈尔滨,2023-05-29,14.191666666666668,20.320833333333333,北方
哈尔滨,2023-05-30,15.233333333333334,21.854166666666668,北方
哈尔滨,2023-05-31,15.016666666666666,21.629166666666666,北方
哈尔滨,2023-06-01,22.8625,33.0625,北方
哈尔滨,2023-06-02,18.462500000000002,26.445833333333336,北方
哈尔滨,2023-06-03,13.5375,19.325,北方
哈尔滨,2023-06-04,11.679166666666667,16.691666666666666,北方
哈尔滨,2023-06-05,11.362499999999999,16.229166666666668,北方
哈尔滨,2023-06-06,16.0625,22.929166666666664,北方
哈尔滨,2023-06-07,18.2,26.15416666666667,北方
哈尔滨,2023-06-08,10.008333333333333,14.358333333333334,北方
哈尔滨,2023-06-09,21.037499999999998,30.258333333333336,北方
哈尔滨,2023-06-10,28.25,40.43333333333333,北方
哈尔滨,2023-06-11,17.983333333333334,25.90416666666667,北方
哈尔滨,2023-06-12,23.625,33.82083333333333,北方
哈尔滨,2023-06-13,30.52916666666667,43.762499999999996,北方
哈尔滨,2023-06-14,18.341666666666665,26.25,北方
哈尔滨,2023-06-15,48.725,69.67083333333333,北方
哈尔滨,2023-06-16,31.570833333333336,45.24583333333334,北方
哈尔滨,2023-06-17,21.258333333333333,34.1875,北方
哈尔滨,2023-06-18,16.933333333333334,24.224999999999998,北方
哈尔滨,2023-06-19,27.083333333333332,39.204166666666666,北方
哈尔滨,2023-06-20,49.324999999999996,71.14583333333333,北方
哈尔滨,2023-06-21,41.645833333333336,59.70416666666667,北方
哈尔滨,2023-06-22,27.575,39.44583333333333,北方
哈尔滨,2023-06-23,29.44583333333333,42.12916666666667,北方
哈尔滨,2023-06-24,34.1,48.89166666666667,北方
哈尔滨,2023-06-25,38.487500000000004,55.80833333333334,北方
哈尔滨,2023-06-26,40.80416666666667,58.87916666666666,北方
哈尔滨,2023-06-27,24.2,35.449999999999996,北方
哈尔滨,2023-06-28,23.84166666666667,38.458333333333336,北方
哈尔滨,2023-06-29,23.791666666666668,37.75833333333333,北方
哈尔滨,2023-06-30,18.516666666666666,28.020833333333332,北方
哈尔滨,2023-07-01,15.4625,23.90416666666667,北方
哈尔滨,2023-07-02,19.175,28.46666666666667,北方
哈尔滨,2023-07-03,37.416666666666664,56.604166666666664,北方
哈尔滨,2023-07-04,33.19583333333333,50.80833333333334,北方
哈尔滨,2023-07-05,12.275,19.379166666666666,北方
哈尔滨,2023-07-06,18.104166666666668,33.954166666666666,北方
哈尔滨,2023-07-07,27.837500000000002,47.5375,北方
哈尔滨,2023-07-08,29.266666666666666,47.31666666666666,北方
哈尔滨,2023-07-09,26.495833333333334,41.483333333333334,北方
哈尔滨,2023-07-10,21.75,32.11666666666667,北方
哈尔滨,2023-07-11,23.554166666666664,35.300000000000004,北方
哈尔滨,2023-07-12,33.729166666666664,51.42916666666667,北方
哈尔滨,2023-07-13,22.77916666666667,33.862500000000004,北方
哈尔滨,2023-07-14,9.016666666666667,12.887500000000001,北方
哈尔滨,2023-07-15,4.6000000000000005,6.654166666666666,北方
哈尔滨,2023-07-16,8.691666666666666,12.458333333333334,北方
哈尔滨,2023-07-17,13.879166666666668,19.845833333333335,北方
哈尔滨,2023-07-18,20.866666666666664,30.120833333333334,北方
哈尔滨,2023-07-19,26.008333333333336,37.5375,北方
哈尔滨,2023-07-20,39.19166666666667,57.324999999999996,北方
哈尔滨,2023-07-21,20.016666666666666,29.25,北方
哈尔滨,2023-07-22,22.900000000000002,34.92916666666667,北方
哈尔滨,2023-07-23,17.175,24.616666666666664,北方
哈尔滨,2023-07-24,9.35,13.1,北方
哈尔滨,2023-07-25,25.65416666666667,36.454166666666666,北方
哈尔滨,2023-07-26,33.37916666666667,48.26666666666667,北方
哈尔滨,2023-07-27,45.9625,68.48333333333333,北方
哈尔滨,2023-07-28,40.137499999999996,59.775,北方
哈尔滨,2023-07-29,27.791666666666668,42.112500000000004,北方
哈尔滨,2023-07-30,13.166666666666666,19.254166666666666,北方
哈尔滨,2023-07-31,17.604166666666668,25.229166666666668,北方
哈尔滨,2023-08-01,18.787499999999998,28.1375,北方
哈尔滨,2023-08-02,17.133333333333333,24.787499999999998,北方
哈尔滨,2023-08-03,20.116666666666667,29.075,北方
哈尔滨,2023-08-04,16.954166666666666,24.96666666666667,北方
哈尔滨,2023-08-05,8.258333333333333,11.770833333333334,北方
哈尔滨,2023-08-06,12.058333333333332,17.254166666666666,北方
哈尔滨,2023-08-07,15.208333333333334,21.90416666666667,北方
哈尔滨,2023-08-08,17.520833333333332,25.325,北方
哈尔滨,2023-08-09,20.125,29.162499999999998,北方
哈尔滨,2023-08-10,15.775,22.78333333333333,北方
哈尔滨,2023-08-11,9.516666666666667,13.674999999999999,北方
哈尔滨,2023-08-12,7.333333333333333,10.645833333333334,北方
哈尔滨,2023-08-13,13.604166666666666,19.474999999999998,北方
哈尔滨,2023-08-14,23.758333333333336,34.24583333333333,北方
哈尔滨,2023-08-15,24.474999999999998,35.395833333333336,北方
哈尔滨,2023-08-16,15.295833333333334,22.320833333333336,北方
哈尔滨,2023-08-17,19.591666666666665,28.9375,北方
哈尔滨,2023-08-18,25.6125,37.36666666666667,北方
哈尔滨,2023-08-19,16.570833333333333,25.650000000000002,北方
哈尔滨,2023-08-20,16.658333333333335,26.03333333333333,北方
哈尔滨,2023-08-21,25.77916666666667,38.56666666666667,北方
哈尔滨,2023-08-22,11.025,17.420833333333334,北方
哈尔滨,2023-08-23,5.575,8.270833333333334,北方
哈尔滨,2023-08-24,11.554166666666667,16.754166666666666,北方
哈尔滨,2023-08-25,15.479166666666666,22.170833333333334,北方
哈尔滨,2023-08-26,14.6625,20.991666666666667,北方
哈尔滨,2023-08-27,16.620833333333334,23.754166666666666,北方
哈尔滨,2023-08-28,18.329166666666666,26.224999999999998,北方
哈尔滨,2023-08-29,8.204166666666667,11.779166666666667,北方
哈尔滨,2023-08-30,7.383333333333333,10.433333333333334,北方
哈尔滨,2023-08-31,10.2125,14.408333333333333,北方
哈尔滨,2023-09-01,10.15,14.495833333333332,北方
哈尔滨,2023-09-02,10.1875,14.791666666666666,北方
哈尔滨,2023-09-03,22.370833333333334,32.229166666666664,北方
哈尔滨,2023-09-04,40.00416666666667,61.5,北方
哈尔滨,2023-09-05,11.945833333333333,17.3125,北方
哈尔滨,2023-09-06,21.191666666666666,30.525000000000002,北方
哈尔滨,2023-09-07,17.854166666666668,25.820833333333336,北方
哈尔滨,2023-09-08,16.4875,25.229166666666668,北方
哈尔滨,2023-09-09,8.862499999999999,12.674999999999999,北方
哈尔滨,2023-09-10,18.945833333333333,27.28333333333333,北方
哈尔滨,2023-09-11,17.779166666666665,26.195833333333336,北方
哈尔滨,2023-09-12,7.2375,10.445833333333333,北方
哈尔滨,2023-09-13,6.583333333333333,9.445833333333333,北方
哈尔滨,2023-09-14,8.466666666666667,12.262500000000001,北方
哈尔滨,2023-09-15,18.841666666666665,28.366666666666664,北方
哈尔滨,2023-09-16,25.4875,37.34583333333333,北方
哈尔滨,2023-09-17,28.979166666666668,43.2875,北方
哈尔滨,2023-09-18,26.71666666666667,42.69166666666666,北方
哈尔滨,2023-09-19,5.7124999999999995,8.8125,北方
哈尔滨,2023-09-20,8.566666666666666,12.241666666666667,北方
哈尔滨,2023-09-21,6.241666666666667,8.975,北方
哈尔滨,2023-09-22,5.908333333333334,8.429166666666667,北方
哈尔滨,2023-09-23,9.570833333333333,13.6625,北方
哈尔滨,2023-09-24,14.741666666666667,21.308333333333334,北方
哈尔滨,2023-09-25,17.083333333333332,26.0,北方
哈尔滨,2023-09-26,22.104166666666668,33.17916666666667,北方
哈尔滨,2023-09-27,12.7875,27.058333333333334,北方
哈尔滨,2023-09-28,6.858333333333333,9.866666666666667,北方
哈尔滨,2023-09-29,8.0625,12.575000000000001,北方
哈尔滨,2023-09-30,12.529166666666667,20.962500000000002,北方
哈尔滨,2023-10-01,12.25,17.908333333333335,北方
哈尔滨,2023-10-02,15.525,22.212500000000002,北方
哈尔滨,2023-10-03,25.770833333333332,41.104166666666664,北方
哈尔滨,2023-10-04,8.308333333333334,12.2875,北方
哈尔滨,2023-10-05,7.041666666666667,10.05,北方
哈尔滨,2023-10-06,9.320833333333333,13.333333333333334,北方
哈尔滨,2023-10-07,19.083333333333332,27.28333333333333,北方
哈尔滨,2023-10-08,27.275000000000002,39.12083333333333,北方
哈尔滨,2023-10-09,32.229166666666664,46.4,北方
哈尔滨,2023-10-10,15.237499999999999,21.795833333333334,北方
哈尔滨,2023-10-11,17.491666666666667,25.0625,北方
哈尔滨,2023-10-12,17.033333333333335,25.183333333333334,北方
哈尔滨,2023-10-13,28.429166666666664,42.88333333333333,北方
哈尔滨,2023-10-14,33.104166666666664,49.62916666666666,北方
哈尔滨,2023-10-15,3.9,5.620833333333334,北方
哈尔滨,2023-10-16,4.858333333333333,6.95,北方
哈尔滨,2023-10-17,10.679166666666667,15.358333333333334,北方
哈尔滨,2023-10-18,9.6875,14.5875,北方
哈尔滨,2023-10-19,8.041666666666666,11.670833333333334,北方
哈尔滨,2023-10-20,7.391666666666667,10.5,北方
哈尔滨,2023-10-21,7.054166666666667,10.154166666666667,北方
哈尔滨,2023-10-22,12.041666666666666,17.508333333333333,北方
哈尔滨,2023-10-23,20.370833333333334,30.991666666666664,北方
哈尔滨,2023-10-24,30.179166666666664,47.916666666666664,北方
哈尔滨,2023-10-25,20.900000000000002,30.958333333333332,北方
哈尔滨,2023-10-26,8.258333333333333,12.108333333333334,北方
哈尔滨,2023-10-27,19.891666666666666,28.537499999999998,北方
哈尔滨,2023-10-28,50.99583333333334,73.10833333333333,北方
哈尔滨,2023-10-29,23.974999999999998,36.074999999999996,北方
哈尔滨,2023-10-30,30.2,45.44583333333333,北方
哈尔滨,2023-10-31,34.49583333333333,59.9375,北方
哈尔滨,2023-11-01,36.512499999999996,52.625,北方
哈尔滨,2023-11-02,26.104166666666668,45.025,北方
哈尔滨,2023-11-03,15.125,21.791666666666668,北方
哈尔滨,2023-11-04,13.020833333333334,19.004166666666666,北方
哈尔滨,2023-11-05,13.424999999999999,25.954166666666666,北方
哈尔滨,2023-11-06,10.233333333333333,19.55,北方
哈尔滨,2023-11-07,23.979166666666668,34.137499999999996,北方
哈尔滨,2023-11-08,60.64166666666667,88.38333333333333,北方
哈尔滨,2023-11-09,18.3,28.21666666666667,北方
哈尔滨,2023-11-10,21.820833333333336,31.954166666666666,北方
哈尔滨,2023-11-11,21.537499999999998,30.90416666666667,北方
哈尔滨,2023-11-12,25.808333333333334,37.12083333333333,北方
哈尔滨,2023-11-13,20.320833333333333,29.566666666666666,北方
哈尔滨,2023-11-14,34.96666666666667,50.637499999999996,北方
哈尔滨,2023-11-15,37.270833333333336,54.60833333333334,北方
哈尔滨,2023-11-16,36.07083333333333,56.97083333333333,北方
哈尔滨,2023-11-17,20.7375,29.816666666666666,北方
哈尔滨,2023-11-18,16.516666666666666,24.445833333333336,北方
哈尔滨,2023-11-19,20.879166666666666,30.837500000000002,北方
哈尔滨,2023-11-20,20.891666666666666,32.375,北方
哈尔滨,2023-11-21,26.708333333333332,47.05833333333334,北方
哈尔滨,2023-11-22,15.25,23.21666666666667,北方
哈尔滨,2023-11-23,8.833333333333334,12.6875,北方
哈尔滨,2023-11-24,19.979166666666668,28.59583333333333,北方
哈尔滨,2023-11-25,20.958333333333332,29.879166666666666,北方
哈尔滨,2023-11-26,60.82083333333333,86.97083333333335,北方
哈尔滨,2023-11-27,38.63333333333333,55.5875,北方
哈尔滨,2023-11-28,19.341666666666665,27.71666666666667,北方
哈尔滨,2023-11-29,15.195833333333333,21.71666666666667,北方
哈尔滨,2023-11-30,13.445833333333333,19.3,北方
哈尔滨,2023-12-01,20.108333333333334,28.808333333333334,北方
哈尔滨,2023-12-02,28.920833333333334,41.708333333333336,北方
哈尔滨,2023-12-03,20.75,30.241666666666664,北方
哈尔滨,2023-12-04,23.416666666666668,36.762499999999996,北方
哈尔滨,2023-12-05,38.1875,63.07083333333333,北方
哈尔滨,2023-12-06,13.5625,21.979166666666668,北方
哈尔滨,2023-12-07,18.087500000000002,25.84583333333333,北方
哈尔滨,2023-12-08,17.150000000000002,28.02916666666667,北方
哈尔滨,2023-12-09,9.729166666666666,13.924999999999999,北方
哈尔滨,2023-12-10,12.3375,17.545833333333334,北方
哈尔滨,2023-12-11,24.45,34.74166666666667,北方
哈尔滨,2023-12-12,31.150000000000002,44.354166666666664,北方
哈尔滨,2023-12-13,46.2125,67.12083333333334,北方
哈尔滨,2023-12-14,29.545833333333334,46.275,北方
哈尔滨,2023-12-15,15.645833333333334,18.45,北方
哈尔滨,2023-12-16,12.616666666666667,18.025000000000002,北方
哈尔滨,2023-12-17,13.5875,19.433333333333334,北方
哈尔滨,2023-12-18,41.079166666666666,58.6875,北方
哈尔滨,2023-12-19,42.550000000000004,60.82916666666667,北方
哈尔滨,2023-12-20,22.920833333333334,32.704166666666666,北方
哈尔滨,2023-12-21,25.09166666666667,35.88333333333333,北方
哈尔滨,2023-12-22,18.179166666666667,25.974999999999998,北方
哈尔滨,2023-12-23,27.483333333333334,39.37083333333333,北方
哈尔滨,2023-12-24,24.070833333333336,34.387499999999996,北方
哈尔滨,2023-12-25,28.8625,41.18333333333333,北方
哈尔滨,2023-12-26,27.0125,38.69166666666667,北方
哈尔滨,2023-12-27,28.679166666666664,41.02916666666667,北方
哈尔滨,2023-12-28,45.15833333333333,64.97083333333333,北方
哈尔滨,2023-12-29,40.59583333333333,58.56666666666666,北方
哈尔滨,2023-12-30,20.416666666666668,29.375,北方
哈尔滨,2023-12-31,26.816666666666666,38.21666666666667,北方
哈尔滨,2024-01-01,30.479166666666668,43.791666666666664,北方
哈尔滨,2024-01-02,41.27916666666667,59.0875,北方
哈尔滨,2024-01-03,18.5625,26.616666666666664,北方
哈尔滨,2024-01-04,29.395833333333332,43.708333333333336,北方
哈尔滨,2024-01-05,18.179166666666667,25.995833333333334,北方
哈尔滨,2024-01-06,41.670833333333334,59.65833333333333,北方
哈尔滨,2024-01-07,17.266666666666666,24.583333333333332,北方
哈尔滨,2024-01-08,24.55,35.229166666666664,北方
哈尔滨,2024-01-09,31.229166666666668,44.9625,北方
哈尔滨,2024-01-10,22.670833333333334,32.88333333333333,北方
哈尔滨,2024-01-11,21.191666666666666,30.770833333333332,北方
哈尔滨,2024-01-12,42.25833333333333,60.62083333333334,北方
哈尔滨,2024-01-13,33.75,48.37916666666666,北方
哈尔滨,2024-01-14,13.066666666666668,18.7625,北方
哈尔滨,2024-01-15,23.3,33.300000000000004,北方
哈尔滨,2024-01-16,27.733333333333334,40.1875,北方
哈尔滨,2024-01-17,28.920833333333334,42.98333333333333,北方
哈尔滨,2024-01-18,34.854166666666664,50.09583333333333,北方
哈尔滨,2024-01-19,31.349999999999998,44.9625,北方
哈尔滨,2024-01-20,14.445833333333333,20.6375,北方
哈尔滨,2024-01-21,11.504166666666668,16.224999999999998,北方
哈尔滨,2024-01-22,12.65,18.0125,北方
哈尔滨,2024-01-23,24.979166666666668,35.775,北方
哈尔滨,2024-01-24,19.333333333333332,27.59583333333333,北方
哈尔滨,2024-01-25,44.225,63.525,北方
哈尔滨,2024-01-26,33.55833333333333,48.112500000000004,北方
哈尔滨,2024-01-27,22.704166666666666,32.52916666666667,北方
哈尔滨,2024-01-28,38.979166666666664,56.604166666666664,北方
哈尔滨,2024-01-29,26.8875,38.57083333333333,北方
哈尔滨,2024-01-30,25.633333333333336,36.791666666666664,北方
哈尔滨,2024-01-31,18.508333333333333,26.675,北方
哈尔滨,2024-02-01,15.2875,21.870833333333334,北方
哈尔滨,2024-02-02,31.462500000000002,45.65833333333333,北方
哈尔滨,2024-02-03,36.56666666666667,52.479166666666664,北方
哈尔滨,2024-02-04,36.479166666666664,52.37083333333334,北方
哈尔滨,2024-02-05,30.058333333333334,43.12083333333334,北方
哈尔滨,2024-02-06,38.9875,56.050000000000004,北方
哈尔滨,2024-02-07,46.25416666666666,66.95416666666667,北方
哈尔滨,2024-02-08,32.63333333333333,46.92916666666667,北方
哈尔滨,2024-02-09,66.0625,95.05833333333334,北方
哈尔滨,2024-02-10,28.025000000000002,40.395833333333336,北方
哈尔滨,2024-02-11,31.958333333333332,47.37083333333334,北方
哈尔滨,2024-02-12,27.954166666666666,45.79583333333333,北方
哈尔滨,2024-02-13,28.070833333333336,49.17083333333333,北方
哈尔滨,2024-02-14,12.737499999999999,18.270833333333332,北方
哈尔滨,2024-02-15,26.400000000000002,37.775,北方
哈尔滨,2024-02-16,25.708333333333332,37.875,北方
哈尔滨,2024-02-17,24.837500000000002,41.112500000000004,北方
哈尔滨,2024-02-18,13.75,22.991666666666664,北方
哈尔滨,2024-02-19,13.708333333333334,20.3125,北方
哈尔滨,2024-02-20,11.225,16.070833333333333,北方
哈尔滨,2024-02-21,16.170833333333334,23.099999999999998,北方
哈尔滨,2024-02-22,19.091666666666665,27.379166666666666,北方
哈尔滨,2024-02-23,31.191666666666666,44.7125,北方
哈尔滨,2024-02-24,53.4,76.79166666666667,北方
哈尔滨,2024-02-25,55.112500000000004,80.1875,北方
哈尔滨,2024-02-26,22.45,33.208333333333336,北方
哈尔滨,2024-02-27,46.237500000000004,68.15,北方
哈尔滨,2024-02-28,26.616666666666664,40.86666666666667,北方
哈尔滨,2024-02-29,19.858333333333334,30.170833333333334,北方
哈尔滨,2024-03-01,7.7875000000000005,11.5,北方
哈尔滨,2024-03-02,16.054166666666667,23.870833333333334,北方
哈尔滨,2024-03-03,17.2375,25.724999999999998,北方
哈尔滨,2024-03-04,18.216666666666665,26.625,北方
哈尔滨,2024-03-05,18.7375,27.025000000000002,北方
哈尔滨,2024-03-06,25.641666666666666,36.887499999999996,北方
哈尔滨,2024-03-07,28.275000000000002,41.666666666666664,北方
哈尔滨,2024-03-08,12.737499999999999,18.349999999999998,北方
哈尔滨,2024-03-09,23.604166666666668,33.954166666666666,北方
哈尔滨,2024-03-10,35.262499999999996,52.10833333333333,北方
哈尔滨,2024-03-11,25.929166666666664,38.49166666666667,北方
哈尔滨,2024-03-12,29.474999999999998,43.55416666666667,北方
哈尔滨,2024-03-13,23.325,34.608333333333334,北方
哈尔滨,2024-03-14,28.474999999999998,42.79583333333333,北方
哈尔滨,2024-03-15,20.9875,31.075000000000003,北方
哈尔滨,2024-03-16,28.02916666666667,42.78333333333333,北方
哈尔滨,2024-03-17,13.112499999999999,19.745833333333334,北方
哈尔滨,2024-03-18,29.183333333333334,42.49166666666667,北方
哈尔滨,2024-03-19,32.37083333333333,46.49166666666667,北方
哈尔滨,2024-03-20,26.09583333333333,37.40833333333333,北方
哈尔滨,2024-03-21,41.358333333333334,59.31666666666666,北方
哈尔滨,2024-03-22,32.90416666666667,52.07083333333333,北方
哈尔滨,2024-03-23,23.21666666666667,40.025,北方
哈尔滨,2024-03-24,11.608333333333334,16.616666666666667,北方
哈尔滨,2024-03-25,25.9375,37.208333333333336,北方
哈尔滨,2024-03-26,53.85,77.53750000000001,北方
哈尔滨,2024-03-27,43.15,77.04583333333333,北方
哈尔滨,2024-03-28,21.870833333333334,36.28333333333334,北方
哈尔滨,2024-03-29,10.4875,15.204166666666666,北方
哈尔滨,2024-03-30,10.666666666666666,15.329166666666666,北方
哈尔滨,2024-03-31,11.291666666666666,16.125,北方
哈尔滨,2024-04-01,15.908333333333333,22.7,北方
哈尔滨,2024-04-02,29.0125,42.50833333333333,北方
哈尔滨,2024-04-03,19.041666666666668,27.45,北方
哈尔滨,2024-04-04,13.0875,18.741666666666667,北方
哈尔滨,2024-04-05,18.8875,27.429166666666664,北方
哈尔滨,2024-04-06,20.933333333333334,31.775000000000002,北方
哈尔滨,2024-04-07,12.262500000000001,17.941666666666666,北方
哈尔滨,2024-04-08,12.762500000000001,18.208333333333332,北方
哈尔滨,2024-04-09,20.129166666666666,28.8125,北方
哈尔滨,2024-04-10,46.96666666666667,71.57083333333334,北方
哈尔滨,2024-04-11,61.362500000000004,104.89583333333333,北方
哈尔滨,2024-04-12,38.704166666666666,65.6125,北方
哈尔滨,2024-04-13,48.8375,77.2625,北方
哈尔滨,2024-04-14,33.175000000000004,50.98333333333333,北方
哈尔滨,2024-04-15,44.29583333333333,68.62083333333334,北方
哈尔滨,2024-04-16,17.870833333333334,28.308333333333334,北方
哈尔滨,2024-04-17,17.416666666666668,25.025000000000002,北方
哈尔滨,2024-04-18,15.704166666666666,23.337500000000002,北方
哈尔滨,2024-04-19,14.070833333333333,20.087500000000002,北方
哈尔滨,2024-04-20,45.708333333333336,66.68333333333334,北方
哈尔滨,2024-04-21,85.41666666666667,132.24166666666667,北方
哈尔滨,2024-04-22,32.262499999999996,51.90416666666667,北方
哈尔滨,2024-04-23,27.125,45.199999999999996,北方
哈尔滨,2024-04-24,34.68333333333333,54.145833333333336,北方
哈尔滨,2024-04-25,20.0625,40.708333333333336,北方
哈尔滨,2024-04-26,12.454166666666666,19.525000000000002,北方
哈尔滨,2024-04-27,20.683333333333334,37.041666666666664,北方
哈尔滨,2024-04-28,15.15,21.645833333333332,北方
哈尔滨,2024-04-29,25.254166666666666,36.204166666666666,北方
哈尔滨,2024-04-30,22.104166666666668,31.90833333333333,北方
哈尔滨,2024-05-01,7.929166666666667,11.866666666666667,北方
哈尔滨,2024-05-02,10.575000000000001,15.799999999999999,北方
哈尔滨,2024-05-03,28.25,43.79583333333333,北方
哈尔滨,2024-05-04,32.791666666666664,47.87083333333334,北方
哈尔滨,2024-05-05,44.125,64.925,北方
哈尔滨,2024-05-06,48.4375,71.54583333333333,北方
哈尔滨,2024-05-07,15.608333333333334,22.3875,北方
哈尔滨,2024-05-08,8.15,11.754166666666668,北方
哈尔滨,2024-05-09,7.5,10.779166666666667,北方
哈尔滨,2024-05-10,33.50416666666667,51.80833333333334,北方
哈尔滨,2024-05-11,11.204166666666666,18.283333333333335,北方
哈尔滨,2024-05-12,14.387500000000001,20.579166666666666,北方
哈尔滨,2024-05-13,12.983333333333334,20.408333333333335,北方
哈尔滨,2024-05-14,11.15,20.491666666666667,北方
哈尔滨,2024-05-15,9.308333333333334,13.266666666666666,北方
哈尔滨,2024-05-16,14.700000000000001,20.9375,北方
哈尔滨,2024-05-17,12.533333333333333,20.504166666666666,北方
哈尔滨,2024-05-18,15.741666666666667,22.570833333333336,北方
哈尔滨,2024-05-19,16.2625,24.941666666666666,北方
哈尔滨,2024-05-20,14.545833333333334,21.941666666666666,北方
哈尔滨,2024-05-21,13.645833333333334,20.462500000000002,北方
哈尔滨,2024-05-22,26.09583333333333,40.145833333333336,北方
哈尔滨,2024-05-23,8.370833333333334,11.9,北方
哈尔滨,2024-05-24,12.362499999999999,17.7375,北方
哈尔滨,2024-05-25,18.408333333333335,26.724999999999998,北方
哈尔滨,2024-05-26,14.016666666666666,20.341666666666665,北方
哈尔滨,2024-05-27,8.366666666666667,12.1,北方
哈尔滨,2024-05-28,16.770833333333332,24.0125,北方
哈尔滨,2024-05-29,16.150000000000002,23.075,北方
哈尔滨,2024-05-30,9.674999999999999,13.708333333333334,北方
哈尔滨,2024-05-31,10.670833333333334,15.245833333333332,北方
哈尔滨,2024-06-01,15.012500000000001,21.833333333333332,北方
哈尔滨,2024-06-02,34.12916666666667,49.8125,北方
哈尔滨,2024-06-03,15.941666666666668,23.366666666666664,北方
哈尔滨,2024-06-04,12.779166666666667,18.245833333333334,北方
哈尔滨,2024-06-05,33.699999999999996,51.61666666666667,北方
哈尔滨,2024-06-06,40.40833333333333,59.75,北方
哈尔滨,2024-06-07,34.12083333333333,51.30416666666667,北方
哈尔滨,2024-06-08,24.8125,41.520833333333336,北方
哈尔滨,2024-06-09,14.204166666666666,21.108333333333334,北方
哈尔滨,2024-06-10,7.8125,11.1875,北方
哈尔滨,2024-06-11,28.633333333333336,47.69166666666666,北方
哈尔滨,2024-06-12,18.0625,26.425,北方
哈尔滨,2024-06-13,19.9,30.133333333333336,北方
哈尔滨,2024-06-14,13.741666666666667,19.858333333333334,北方
哈尔滨,2024-06-15,6.6125,9.341666666666667,北方
哈尔滨,2024-06-16,13.229166666666666,18.900000000000002,北方
哈尔滨,2024-06-17,9.508333333333333,13.545833333333334,北方
哈尔滨,2024-06-18,13.529166666666667,19.304166666666667,北方
哈尔滨,2024-06-19,34.47083333333333,52.02916666666667,北方
哈尔滨,2024-06-20,45.55833333333334,77.90416666666667,北方
哈尔滨,2024-06-21,29.6875,49.49166666666667,北方
哈尔滨,2024-06-22,9.883333333333333,14.575000000000001,北方
哈尔滨,2024-06-23,7.845833333333334,11.512500000000001,北方
哈尔滨,2024-06-24,18.054166666666667,25.991666666666664,北方
哈尔滨,2024-06-25,19.708333333333332,28.3,北方
哈尔滨,2024-06-26,17.6125,25.233333333333334,北方
哈尔滨,2024-06-27,26.420833333333334,38.425000000000004,北方
哈尔滨,2024-06-28,38.9625,57.30833333333334,北方
哈尔滨,2024-06-29,32.15833333333333,51.541666666666664,北方
哈尔滨,2024-06-30,32.083333333333336,49.15,北方
哈尔滨,2024-07-01,18.1875,25.916666666666668,北方
哈尔滨,2024-07-02,22.920833333333334,32.875,北方
哈尔滨,2024-07-03,21.741666666666664,31.191666666666666,北方
哈尔滨,2024-07-04,22.84166666666667,32.61666666666667,北方
哈尔滨,2024-07-05,21.804166666666664,31.34166666666667,北方
哈尔滨,2024-07-06,47.925000000000004,69.54583333333333,北方
哈尔滨,2024-07-07,79.27499999999999,115.5,北方
哈尔滨,2024-07-08,30.829166666666666,44.020833333333336,北方
哈尔滨,2024-07-09,29.3125,41.68333333333333,北方
哈尔滨,2024-07-10,41.329166666666666,58.833333333333336,北方
哈尔滨,2024-07-11,66.45416666666667,94.72916666666667,北方
哈尔滨,2024-07-12,28.441666666666666,40.69166666666667,北方
哈尔滨,2024-07-13,40.8,58.42083333333333,北方
哈尔滨,2024-07-14,52.083333333333336,75.05416666666666,北方
哈尔滨,2024-07-15,52.574999999999996,77.20833333333333,北方
哈尔滨,2024-07-16,35.3375,51.78333333333333,北方
哈尔滨,2024-07-17,15.533333333333333,22.59166666666667,北方
哈尔滨,2024-07-18,22.3875,32.208333333333336,北方
哈尔滨,2024-07-19,25.204166666666666,36.608333333333334,北方
哈尔滨,2024-07-20,34.550000000000004,50.675000000000004,北方
哈尔滨,2024-07-21,34.166666666666664,49.583333333333336,北方
哈尔滨,2024-07-22,36.88333333333333,52.92916666666667,北方
哈尔滨,2024-07-23,26.454166666666666,38.75,北方
哈尔滨,2024-07-24,30.329166666666666,43.612500000000004,北方
哈尔滨,2024-07-25,11.795833333333334,16.883333333333333,北方
哈尔滨,2024-07-26,9.9125,14.195833333333333,北方
哈尔滨,2024-07-27,19.566666666666666,28.575,北方
哈尔滨,2024-07-28,20.666666666666668,30.645833333333332,北方
哈尔滨,2024-07-29,14.429166666666667,20.883333333333333,北方
哈尔滨,2024-07-30,16.575,24.087500000000002,北方
哈尔滨,2024-07-31,18.858333333333334,27.045833333333334,北方
哈尔滨,2024-08-01,12.158333333333333,17.416666666666668,北方
哈尔滨,2024-08-02,9.375,13.424999999999999,北方
哈尔滨,2024-08-03,18.175,25.9875,北方
哈尔滨,2024-08-04,24.462500000000002,35.733333333333334,北方
哈尔滨,2024-08-05,16.966666666666665,24.691666666666666,北方
哈尔滨,2024-08-06,16.283333333333335,23.59166666666667,北方
哈尔滨,2024-08-07,16.004166666666666,23.1375,北方
哈尔滨,2024-08-08,18.841666666666665,27.583333333333332,北方
哈尔滨,2024-08-09,17.791666666666668,25.858333333333334,北方
哈尔滨,2024-08-10,26.120833333333334,38.0,北方
哈尔滨,2024-08-11,17.358333333333334,25.412499999999998,北方
哈尔滨,2024-08-12,8.329166666666667,11.887500000000001,北方
哈尔滨,2024-08-13,13.466666666666667,19.204166666666666,北方
哈尔滨,2024-08-14,10.0375,14.395833333333334,北方
哈尔滨,2024-08-15,17.320833333333333,24.866666666666664,北方
哈尔滨,2024-08-16,29.3875,42.354166666666664,北方
哈尔滨,2024-08-17,36.71666666666667,52.9125,北方
哈尔滨,2024-08-18,22.9875,33.262499999999996,北方
哈尔滨,2024-08-19,10.158333333333333,14.487499999999999,北方
哈尔滨,2024-08-20,11.391666666666666,16.270833333333332,北方
哈尔滨,2024-08-21,11.6875,16.720833333333335,北方
哈尔滨,2024-08-22,9.970833333333333,14.258333333333333,北方
哈尔滨,2024-08-23,14.283333333333333,20.625,北方
哈尔滨,2024-08-24,23.087500000000002,33.15416666666666,北方
哈尔滨,2024-08-25,19.945833333333333,28.775000000000002,北方
哈尔滨,2024-08-26,8.15,11.637500000000001,北方
哈尔滨,2024-08-27,10.5875,15.154166666666667,北方
哈尔滨,2024-08-28,13.25,18.970833333333335,北方
哈尔滨,2024-08-29,10.870833333333332,16.404166666666665,北方
哈尔滨,2024-08-30,15.941666666666668,23.162499999999998,北方
哈尔滨,2024-08-31,12.091666666666667,17.304166666666667,北方
哈尔滨,2024-09-01,11.049999999999999,15.924999999999999,北方
哈尔滨,2024-09-02,8.045833333333333,11.762500000000001,北方
哈尔滨,2024-09-03,7.091666666666666,10.2875,北方
哈尔滨,2024-09-04,22.254166666666666,32.295833333333334,北方
哈尔滨,2024-09-05,7.8125,11.166666666666666,北方
哈尔滨,2024-09-06,4.579166666666667,6.745833333333334,北方
哈尔滨,2024-09-07,6.195833333333333,9.279166666666667,北方
哈尔滨,2024-09-08,5.479166666666667,8.008333333333333,北方
哈尔滨,2024-09-09,21.158333333333335,30.712500000000002,北方
哈尔滨,2024-09-10,4.079166666666667,5.870833333333334,北方
哈尔滨,2024-09-11,5.5874999999999995,8.008333333333333,北方
哈尔滨,2024-09-12,6.404166666666666,9.1875,北方
哈尔滨,2024-09-13,5.116666666666666,7.370833333333334,北方
哈尔滨,2024-09-14,11.012500000000001,16.004166666666666,北方
哈尔滨,2024-09-15,5.870833333333334,8.4125,北方
哈尔滨,2024-09-16,9.791666666666666,14.149999999999999,北方
哈尔滨,2024-09-17,12.758333333333333,18.125,北方
哈尔滨,2024-09-18,13.4625,19.320833333333333,北方
哈尔滨,2024-09-19,11.283333333333333,16.333333333333332,北方
哈尔滨,2024-09-20,10.887500000000001,15.920833333333334,北方
哈尔滨,2024-09-21,9.75,13.920833333333334,北方
哈尔滨,2024-09-22,11.116666666666667,15.958333333333334,北方
哈尔滨,2024-09-23,11.329166666666666,16.2625,北方
哈尔滨,2024-09-24,20.0625,29.337500000000002,北方
哈尔滨,2024-09-25,20.904166666666665,31.53333333333333,北方
哈尔滨,2024-09-26,21.395833333333332,30.787499999999998,北方
哈尔滨,2024-09-27,25.09583333333333,35.9125,北方
哈尔滨,2024-09-28,15.866666666666667,22.691666666666666,北方
哈尔滨,2024-09-29,27.195833333333336,42.229166666666664,北方
哈尔滨,2024-09-30,7.983333333333333,12.316666666666668,北方
哈尔滨,2024-10-01,11.216666666666667,16.150000000000002,北方
哈尔滨,2024-10-02,7.445833333333333,10.75,北方
哈尔滨,2024-10-03,6.220833333333334,9.041666666666666,北方
哈尔滨,2024-10-04,16.900000000000002,24.679166666666664,北方
哈尔滨,2024-10-05,25.420833333333334,39.7125,北方
哈尔滨,2024-10-06,12.716666666666667,18.766666666666666,北方
哈尔滨,2024-10-07,24.09583333333333,34.94583333333333,北方
哈尔滨,2024-10-08,20.879166666666666,30.712500000000002,北方
哈尔滨,2024-10-09,15.879166666666668,23.066666666666666,北方
哈尔滨,2024-10-10,11.6625,17.308333333333334,北方
哈尔滨,2024-10-11,8.058333333333334,12.245833333333332,北方
哈尔滨,2024-10-12,19.979166666666668,28.71666666666667,北方
哈尔滨,2024-10-13,24.354166666666668,40.604166666666664,北方
哈尔滨,2024-10-14,19.895833333333332,35.958333333333336,北方
哈尔滨,2024-10-15,7.266666666666667,10.387500000000001,北方
哈尔滨,2024-10-16,10.887500000000001,15.637500000000001,北方
哈尔滨,2024-10-17,24.141666666666666,36.88333333333333,北方
哈尔滨,2024-10-18,13.504166666666668,20.3625,北方
哈尔滨,2024-10-19,5.7250000000000005,8.170833333333333,北方
哈尔滨,2024-10-20,8.729166666666666,12.545833333333334,北方
哈尔滨,2024-10-21,8.604166666666666,14.779166666666667,北方
哈尔滨,2024-10-22,14.816666666666668,22.09166666666667,北方
哈尔滨,2024-10-23,18.529166666666665,27.03333333333333,北方
哈尔滨,2024-10-24,33.295833333333334,50.32083333333333,北方
哈尔滨,2024-10-25,14.216666666666667,21.333333333333332,北方
哈尔滨,2024-10-26,16.3,23.620833333333334,北方
哈尔滨,2024-10-27,25.05,38.766666666666666,北方
哈尔滨,2024-10-28,28.366666666666664,42.42916666666667,北方
哈尔滨,2024-10-29,36.00416666666667,54.39166666666667,北方
哈尔滨,2024-10-30,30.662499999999998,46.458333333333336,北方
哈尔滨,2024-10-31,32.15833333333333,48.92083333333333,北方
哈尔滨,2024-11-01,16.341666666666665,24.083333333333332,北方
哈尔滨,2024-11-02,34.3375,49.675000000000004,北方
哈尔滨,2024-11-03,27.175,41.166666666666664,北方
哈尔滨,2024-11-04,11.429166666666667,16.566666666666666,北方
哈尔滨,2024-11-05,12.354166666666666,17.816666666666666,北方
哈尔滨,2024-11-06,22.479166666666668,32.30416666666667,北方
哈尔滨,2024-11-07,35.0375,50.26666666666667,北方
哈尔滨,2024-11-08,54.59583333333333,83.4875,北方
哈尔滨,2024-11-09,39.0375,61.49583333333334,北方
哈尔滨,2024-11-10,20.066666666666666,32.262499999999996,北方
哈尔滨,2024-11-11,29.708333333333332,46.175000000000004,北方
哈尔滨,2024-11-12,48.9,64.3375,北方
哈尔滨,2024-11-13,46.854166666666664,50.21666666666667,北方
哈尔滨,2024-11-14,52.94166666666666,58.487500000000004,北方
哈尔滨,2024-11-15,54.333333333333336,63.86666666666667,北方
哈尔滨,2024-11-16,15.174999999999999,16.183333333333334,北方
哈尔滨,2024-11-17,8.083333333333334,8.454166666666667,北方
哈尔滨,2024-11-18,15.512500000000001,15.954166666666666,北方
哈尔滨,2024-11-19,36.762499999999996,37.9375,北方
哈尔滨,2024-11-20,24.941666666666666,26.291666666666668,北方
哈尔滨,2024-11-21,20.3875,21.224999999999998,北方
哈尔滨,2024-11-22,24.05,24.558333333333334,北方
哈尔滨,2024-11-23,47.29583333333333,49.07083333333333,北方
哈尔滨,2024-11-24,41.487500000000004,43.520833333333336,北方
哈尔滨,2024-11-25,64.6375,70.65833333333333,北方
哈尔滨,2024-11-26,12.779166666666667,13.579166666666666,北方
哈尔滨,2024-11-27,12.033333333333333,13.233333333333334,北方
哈尔滨,2024-11-28,24.00833333333333,25.920833333333334,北方
哈尔滨,2024-11-29,18.345833333333335,19.400000000000002,北方
哈尔滨,2024-11-30,30.84583333333333,32.583333333333336,北方
哈尔滨,2024-12-01,37.96666666666667,41.30833333333333,北方
哈尔滨,2024-12-02,11.137500000000001,11.458333333333334,北方
哈尔滨,2024-12-03,15.487499999999999,16.108333333333334,北方
哈尔滨,2024-12-04,14.5,15.079166666666666,北方
哈尔滨,2024-12-05,23.27916666666667,24.370833333333334,北方
哈尔滨,2024-12-06,23.52916666666667,24.566666666666666,北方
哈尔滨,2024-12-07,22.650000000000002,23.995833333333334,北方
哈尔滨,2024-12-08,41.458333333333336,44.10833333333333,北方
哈尔滨,2024-12-09,79.45416666666667,82.95,北方
哈尔滨,2024-12-10,40.8375,42.5,北方
哈尔滨,2024-12-11,30.245833333333334,31.629166666666666,北方
哈尔滨,2024-12-12,52.77916666666667,55.895833333333336,北方
哈尔滨,2024-12-13,64.29166666666667,68.075,北方
哈尔滨,2024-12-14,25.283333333333335,27.058333333333334,北方
哈尔滨,2024-12-15,25.191666666666666,27.03333333333333,北方
哈尔滨,2024-12-16,30.204166666666666,31.633333333333336,北方
哈尔滨,2024-12-17,47.27916666666667,49.637499999999996,北方
哈尔滨,2024-12-18,43.1875,45.67083333333333,北方
哈尔滨,2024-12-19,49.625,52.42083333333333,北方
哈尔滨,2024-12-20,60.145833333333336,63.87083333333334,北方
哈尔滨,2024-12-21,39.69583333333333,42.787499999999994,北方
哈尔滨,2024-12-22,31.491666666666664,34.0375,北方
哈尔滨,2024-12-23,43.19583333333333,45.449999999999996,北方
哈尔滨,2024-12-24,24.741666666666664,25.891666666666666,北方
哈尔滨,2024-12-25,25.170833333333334,30.233333333333334,北方
哈尔滨,2024-12-26,23.09583333333333,24.416666666666668,北方
哈尔滨,2024-12-27,29.90833333333333,31.599999999999998,北方
哈尔滨,2024-12-28,33.65,35.420833333333334,北方
哈尔滨,2024-12-29,41.725,43.85833333333333,北方
哈尔滨,2024-12-30,56.916666666666664,62.47083333333333,北方
哈尔滨,2024-12-31,60.57083333333333,75.74166666666666,北方
天津,2022-08-04,64.1375,91.825,北方
天津,2022-08-05,67.45,96.7625,北方
天津,2022-08-06,69.625,99.6875,北方
天津,2022-08-07,59.9375,85.73333333333333,北方
天津,2022-08-08,28.15833333333333,40.61666666666667,北方
天津,2022-08-09,29.97083333333333,44.475,北方
天津,2022-08-10,35.3125,50.9625,北方
天津,2022-08-11,37.925000000000004,54.19166666666666,北方
天津,2022-08-12,54.916666666666664,79.73333333333333,北方
天津,2022-08-13,36.112500000000004,54.84166666666667,北方
天津,2022-08-14,29.508333333333336,44.87916666666667,北方
天津,2022-08-15,44.44583333333333,66.47500000000001,北方
天津,2022-08-16,32.541666666666664,47.949999999999996,北方
天津,2022-08-17,34.74583333333333,50.12916666666666,北方
天津,2022-08-18,58.30833333333334,83.70833333333333,北方
天津,2022-08-19,42.87916666666666,62.23333333333333,北方
天津,2022-08-20,28.266666666666666,41.1,北方
天津,2022-08-21,40.5625,58.67916666666667,北方
天津,2022-08-22,39.0625,55.975,北方
天津,2022-08-23,34.512499999999996,50.00833333333333,北方
天津,2022-08-24,38.458333333333336,56.1,北方
天津,2022-08-25,34.68333333333333,55.84166666666667,北方
天津,2022-08-26,27.258333333333336,44.44166666666666,北方
天津,2022-08-27,33.15,47.44583333333333,北方
天津,2022-08-28,44.9375,64.8625,北方
天津,2022-08-29,47.13333333333333,73.95416666666667,北方
天津,2022-08-30,66.96249999999999,100.95416666666667,北方
天津,2022-08-31,56.94583333333333,86.31666666666666,北方
天津,2022-09-01,26.504166666666666,38.795833333333334,北方
天津,2022-09-02,42.112500000000004,61.4625,北方
天津,2022-09-03,39.4375,58.512499999999996,北方
天津,2022-09-04,50.47083333333333,74.65416666666667,北方
天津,2022-09-05,38.4625,71.94583333333334,北方
天津,2022-09-06,30.075000000000003,53.09166666666667,北方
天津,2022-09-07,36.52916666666667,62.22083333333333,北方
天津,2022-09-08,55.79583333333333,81.07916666666667,北方
天津,2022-09-09,85.6375,123.33749999999999,北方
天津,2022-09-10,88.55,129.25,北方
天津,2022-09-11,34.50833333333333,55.92916666666667,北方
天津,2022-09-12,53.74166666666667,80.325,北方
天津,2022-09-13,53.833333333333336,82.71666666666667,北方
天津,2022-09-14,43.76666666666667,65.38333333333334,北方
天津,2022-09-15,24.6875,36.604166666666664,北方
天津,2022-09-16,36.86666666666667,53.04583333333333,北方
天津,2022-09-17,53.81666666666666,77.18333333333334,北方
天津,2022-09-18,45.625,67.33749999999999,北方
天津,2022-09-19,32.550000000000004,47.45416666666667,北方
天津,2022-09-20,28.400000000000002,41.041666666666664,北方
天津,2022-09-21,33.324999999999996,47.770833333333336,北方
天津,2022-09-22,32.020833333333336,52.25,北方
天津,2022-09-23,11.270833333333334,16.7,北方
天津,2022-09-24,28.058333333333334,41.34166666666667,北方
天津,2022-09-25,57.550000000000004,82.52916666666667,北方
天津,2022-09-26,72.175,103.62083333333334,北方
天津,2022-09-27,64.58749999999999,93.46249999999999,北方
天津,2022-09-28,66.35000000000001,95.85000000000001,北方
天津,2022-09-29,65.53750000000001,93.90416666666665,北方
天津,2022-09-30,54.550000000000004,78.40416666666667,北方
天津,2022-10-01,59.175000000000004,85.28333333333333,北方
天津,2022-10-02,16.05,24.1875,北方
天津,2022-10-03,17.504166666666666,25.724999999999998,北方
天津,2022-10-04,14.424999999999999,20.6125,北方
天津,2022-10-05,39.041666666666664,55.800000000000004,北方
天津,2022-10-06,39.18333333333333,56.03333333333333,北方
天津,2022-10-07,45.90833333333333,66.425,北方
天津,2022-10-08,59.725,86.57916666666667,北方
天津,2022-10-09,9.108333333333333,13.200000000000001,北方
天津,2022-10-10,15.133333333333333,21.929166666666664,北方
天津,2022-10-11,51.512499999999996,77.825,北方
天津,2022-10-12,63.54583333333333,91.62083333333334,北方
天津,2022-10-13,98.85000000000001,141.86666666666667,北方
天津,2022-10-14,117.4875,168.70000000000002,北方
天津,2022-10-15,120.20833333333333,173.15416666666667,北方
天津,2022-10-16,42.55833333333333,62.074999999999996,北方
天津,2022-10-17,15.991666666666667,23.599999999999998,北方
天津,2022-10-18,43.03333333333333,62.90833333333333,北方
天津,2022-10-19,63.916666666666664,91.79583333333333,北方
天津,2022-10-20,62.604166666666664,90.04583333333333,北方
天津,2022-10-21,83.81666666666666,121.91666666666667,北方
天津,2022-10-22,57.47083333333333,85.64166666666667,北方
天津,2022-10-23,58.21666666666667,84.78333333333333,北方
天津,2022-10-24,69.08749999999999,100.79583333333333,北方
天津,2022-10-25,67.41250000000001,98.57083333333333,北方
天津,2022-10-26,52.72083333333333,77.11666666666666,北方
天津,2022-10-27,29.724999999999998,43.95416666666667,北方
天津,2022-10-28,56.11666666666667,83.47916666666667,北方
天津,2022-10-29,57.958333333333336,89.17083333333333,北方
天津,2022-10-30,65.33333333333333,100.19583333333333,北方
天津,2022-10-31,59.10833333333333,91.81666666666666,北方
天津,2022-11-01,24.97083333333333,39.90833333333333,北方
天津,2022-11-02,66.3,96.54166666666667,北方
天津,2022-11-03,34.766666666666666,51.71666666666667,北方
天津,2022-11-04,30.0,44.37083333333334,北方
天津,2022-11-05,74.76666666666667,107.57083333333333,北方
天津,2022-11-06,111.27916666666665,159.49583333333334,北方
天津,2022-11-07,81.9375,118.7,北方
天津,2022-11-08,91.77083333333333,138.1,北方
天津,2022-11-09,148.65833333333333,217.72916666666666,北方
天津,2022-11-10,121.65833333333335,176.6916666666667,北方
天津,2022-11-11,61.21666666666667,89.35416666666667,北方
天津,2022-11-12,30.895833333333332,44.270833333333336,北方
天津,2022-11-13,25.183333333333334,35.987500000000004,北方
天津,2022-11-14,55.86666666666667,80.77916666666667,北方
天津,2022-11-15,64.25833333333334,95.21249999999999,北方
天津,2022-11-16,86.925,127.4375,北方
天津,2022-11-17,140.51666666666668,201.7125,北方
天津,2022-11-18,105.32083333333333,156.31666666666666,北方
天津,2022-11-19,131.59583333333333,195.1875,北方
天津,2022-11-20,159.86666666666667,235.47083333333333,北方
天津,2022-11-21,65.125,99.82083333333333,北方
天津,2022-11-22,50.07916666666667,76.51666666666667,北方
天津,2022-11-23,84.27499999999999,121.84583333333335,北方
天津,2022-11-24,135.9125,194.4375,北方
天津,2022-11-25,121.77499999999999,181.89166666666665,北方
天津,2022-11-26,19.916666666666668,34.670833333333334,北方
天津,2022-11-27,68.42916666666666,101.67083333333333,北方
天津,2022-11-28,58.262499999999996,85.71249999999999,北方
天津,2022-11-29,8.566666666666666,13.375,北方
天津,2022-11-30,23.566666666666666,39.4625,北方
天津,2022-12-01,46.125,72.8,北方
天津,2022-12-02,72.3,103.84166666666665,北方
天津,2022-12-03,52.06666666666666,77.5,北方
天津,2022-12-04,54.61666666666667,80.91666666666667,北方
天津,2022-12-05,95.97916666666667,144.00416666666666,北方
天津,2022-12-06,99.39583333333333,143.98749999999998,北方
天津,2022-12-07,108.16666666666667,158.1625,北方
天津,2022-12-08,160.25416666666666,231.26666666666668,北方
天津,2022-12-09,138.08333333333334,198.73333333333335,北方
天津,2022-12-10,30.395833333333332,44.24583333333334,北方
天津,2022-12-11,34.125,48.82916666666667,北方
天津,2022-12-12,57.15,99.66250000000001,北方
天津,2022-12-13,22.054166666666664,34.74166666666667,北方
天津,2022-12-14,0.7666666666666666,1.0958333333333334,北方
天津,2022-12-15,0.7041666666666666,1.0,北方
天津,2022-12-16,28.416666666666668,40.925,北方
天津,2022-12-17,14.966666666666667,22.1125,北方
天津,2022-12-18,71.08333333333333,108.51249999999999,北方
天津,2022-12-19,69.83333333333333,106.3625,北方
天津,2022-12-20,92.04166666666667,136.37083333333334,北方
天津,2022-12-21,34.050000000000004,49.854166666666664,北方
天津,2022-12-22,15.366666666666667,22.254166666666666,北方
天津,2022-12-23,20.958333333333332,30.195833333333336,北方
天津,2022-12-24,42.11666666666667,60.26666666666667,北方
天津,2022-12-25,135.525,193.8375,北方
天津,2022-12-26,104.87083333333334,161.11249999999998,北方
天津,2022-12-27,44.5875,67.27499999999999,北方
天津,2022-12-28,78.63333333333334,121.3125,北方
天津,2022-12-29,49.82083333333333,74.925,北方
天津,2022-12-30,100.85000000000001,145.15833333333333,北方
天津,2022-12-31,120.01666666666667,175.7541666666667,北方
天津,2023-01-01,127.28750000000001,192.16666666666666,北方
天津,2023-01-02,82.09583333333333,119.0625,北方
天津,2023-01-03,110.28333333333335,160.725,北方
天津,2023-01-04,153.88333333333333,227.7875,北方
天津,2023-01-05,161.61666666666667,241.85,北方
天津,2023-01-06,161.625,240.70000000000002,北方
天津,2023-01-07,145.97916666666666,218.22916666666666,北方
天津,2023-01-08,78.09166666666667,116.83749999999999,北方
天津,2023-01-09,48.8375,70.94166666666666,北方
天津,2023-01-10,66.54583333333333,96.26666666666667,北方
天津,2023-01-11,133.98749999999998,192.29999999999998,北方
天津,2023-01-12,118.00416666666666,170.54583333333332,北方
天津,2023-01-13,74.91666666666667,107.67916666666667,北方
天津,2023-01-14,18.016666666666666,26.395833333333332,北方
天津,2023-01-15,36.1,51.762499999999996,北方
天津,2023-01-16,60.61666666666667,88.34583333333335,北方
天津,2023-01-17,66.02083333333333,106.1375,北方
天津,2023-01-18,69.80416666666666,111.82083333333333,北方
天津,2023-01-19,51.90833333333333,83.375,北方
天津,2023-01-20,26.099999999999998,39.8125,北方
天津,2023-01-21,99.59583333333335,145.66666666666666,北方
天津,2023-01-22,135.34166666666667,200.97916666666666,北方
天津,2023-01-23,24.724999999999998,38.90416666666667,北方
天津,2023-01-24,25.079166666666666,35.93333333333333,北方
天津,2023-01-25,71.72500000000001,102.82916666666667,北方
天津,2023-01-26,61.5375,89.48333333333333,北方
天津,2023-01-27,22.983333333333334,33.604166666666664,北方
天津,2023-01-28,37.99583333333333,60.25416666666666,北方
天津,2023-01-29,52.416666666666664,83.03333333333333,北方
天津,2023-01-30,121.40833333333335,180.13333333333333,北方
天津,2023-01-31,148.9625,219.4625,北方
天津,2023-02-01,23.15833333333333,33.516666666666666,北方
天津,2023-02-02,61.15416666666667,88.12083333333334,北方
天津,2023-02-03,148.73749999999998,213.65833333333333,北方
天津,2023-02-04,84.51666666666667,122.95833333333333,北方
天津,2023-02-05,110.83333333333333,160.1625,北方
天津,2023-02-06,69.21666666666667,101.97083333333335,北方
天津,2023-02-07,47.041666666666664,70.55416666666666,北方
天津,2023-02-08,62.1875,91.95,北方
天津,2023-02-09,51.5,78.48333333333333,北方
天津,2023-02-10,77.10416666666667,111.65416666666665,北方
天津,2023-02-11,104.04583333333333,149.57500000000002,北方
天津,2023-02-12,74.35000000000001,108.0625,北方
天津,2023-02-13,42.108333333333334,60.770833333333336,北方
天津,2023-02-14,35.725,52.19583333333333,北方
天津,2023-02-15,36.67916666666667,55.79583333333333,北方
天津,2023-02-16,82.45416666666667,119.61666666666667,北方
天津,2023-02-17,132.20833333333334,189.90416666666667,北方
天津,2023-02-18,114.30416666666667,166.19583333333333,北方
天津,2023-02-19,42.666666666666664,62.30416666666667,北方
天津,2023-02-20,25.724999999999998,37.18333333333333,北方
天津,2023-02-21,65.3875,94.15416666666665,北方
天津,2023-02-22,56.09166666666667,80.8625,北方
天津,2023-02-23,84.1375,121.19583333333333,北方
天津,2023-02-24,42.516666666666666,61.30833333333334,北方
天津,2023-02-25,33.925000000000004,48.53333333333333,北方
天津,2023-02-26,59.324999999999996,85.70833333333333,北方
天津,2023-02-27,50.012499999999996,71.925,北方
天津,2023-02-28,53.29583333333333,77.7875,北方
天津,2023-03-01,50.45416666666667,75.30833333333334,北方
天津,2023-03-02,61.199999999999996,88.85000000000001,北方
天津,2023-03-03,85.85416666666667,146.06666666666666,北方
天津,2023-03-04,94.19583333333333,143.87083333333334,北方
天津,2023-03-05,92.95416666666667,139.70000000000002,北方
天津,2023-03-06,140.57083333333333,210.975,北方
天津,2023-03-07,107.10000000000001,162.80416666666667,北方
天津,2023-03-08,52.625,79.58333333333333,北方
天津,2023-03-09,86.15833333333335,132.25416666666666,北方
天津,2023-03-10,74.89166666666667,115.25,北方
天津,2023-03-11,29.433333333333334,47.40416666666667,北方
天津,2023-03-12,17.2,29.162499999999998,北方
天津,2023-03-13,34.45,51.737500000000004,北方
天津,2023-03-14,37.833333333333336,57.0,北方
天津,2023-03-15,26.53333333333333,62.42083333333333,北方
天津,2023-03-16,26.28333333333333,43.86666666666667,北方
天津,2023-03-17,48.012499999999996,74.2375,北方
天津,2023-03-18,39.84583333333334,58.229166666666664,北方
天津,2023-03-19,71.32916666666667,106.45833333333333,北方
天津,2023-03-20,72.94583333333334,106.7375,北方
天津,2023-03-21,69.09583333333333,101.07916666666667,北方
天津,2023-03-22,41.225,66.52499999999999,北方
天津,2023-03-23,28.895833333333332,47.9625,北方
天津,2023-03-24,24.733333333333334,38.362500000000004,北方
天津,2023-03-25,51.7125,79.59166666666667,北方
天津,2023-03-26,59.270833333333336,87.65416666666665,北方
天津,2023-03-27,37.824999999999996,56.208333333333336,北方
天津,2023-03-28,56.35833333333333,83.16250000000001,北方
天津,2023-03-29,60.07083333333333,88.0,北方
天津,2023-03-30,50.69166666666666,74.17083333333333,北方
天津,2023-03-31,46.90416666666667,67.95833333333333,北方
天津,2023-04-01,51.525,74.80833333333334,北方
天津,2023-04-02,41.59166666666667,62.775000000000006,北方
天津,2023-04-03,38.81666666666667,60.4,北方
天津,2023-04-04,35.65833333333333,51.949999999999996,北方
天津,2023-04-05,32.975,48.62916666666666,北方
天津,2023-04-06,38.354166666666664,60.49583333333334,北方
天津,2023-04-07,12.737499999999999,22.079166666666666,北方
天津,2023-04-08,23.383333333333336,46.56666666666666,北方
天津,2023-04-09,60.324999999999996,87.99583333333334,北方
天津,2023-04-10,57.4375,89.32083333333333,北方
天津,2023-04-11,15.6625,33.475,北方
天津,2023-04-12,47.64166666666667,80.35833333333333,北方
天津,2023-04-13,78.30833333333334,117.64166666666667,北方
天津,2023-04-14,44.887499999999996,69.7,北方
天津,2023-04-15,30.474999999999998,62.50833333333333,北方
天津,2023-04-16,20.320833333333333,31.175,北方
天津,2023-04-17,42.71666666666667,66.0,北方
天津,2023-04-18,46.729166666666664,75.3875,北方
天津,2023-04-19,59.59583333333333,95.69166666666666,北方
天津,2023-04-20,49.17916666666667,77.44583333333334,北方
天津,2023-04-21,36.34166666666667,58.775,北方
天津,2023-04-22,23.983333333333334,35.84166666666667,北方
天津,2023-04-23,51.487500000000004,75.68333333333334,北方
天津,2023-04-24,40.875,60.93333333333334,北方
天津,2023-04-25,25.65833333333333,38.1,北方
天津,2023-04-26,28.425,41.59583333333333,北方
天津,2023-04-27,51.354166666666664,80.02916666666667,北方
天津,2023-04-28,45.54583333333333,89.19166666666666,北方
天津,2023-04-29,23.883333333333336,51.541666666666664,北方
天津,2023-04-30,19.65,29.7375,北方
天津,2023-05-01,35.295833333333334,52.666666666666664,北方
天津,2023-05-02,38.449999999999996,55.82083333333333,北方
天津,2023-05-03,41.31666666666667,60.95416666666667,北方
天津,2023-05-04,14.933333333333332,22.541666666666668,北方
天津,2023-05-05,23.9375,35.012499999999996,北方
天津,2023-05-06,33.18333333333333,47.60833333333333,北方
天津,2023-05-07,48.35,69.60833333333333,北方
天津,2023-05-08,49.145833333333336,70.61666666666666,北方
天津,2023-05-09,45.145833333333336,64.86666666666666,北方
天津,2023-05-10,57.9375,83.28333333333333,北方
天津,2023-05-11,60.9625,87.72083333333335,北方
天津,2023-05-12,63.0625,96.71666666666665,北方
天津,2023-05-13,32.125,49.59583333333333,北方
天津,2023-05-14,41.800000000000004,62.20416666666667,北方
天津,2023-05-15,57.9,86.69583333333333,北方
天津,2023-05-16,53.43333333333334,78.62083333333334,北方
天津,2023-05-17,53.59166666666667,78.47916666666667,北方
天津,2023-05-18,28.349999999999998,42.545833333333334,北方
天津,2023-05-19,50.95416666666667,76.87083333333334,北方
天津,2023-05-20,31.070833333333336,58.99583333333334,北方
天津,2023-05-21,23.979166666666668,39.35,北方
天津,2023-05-22,26.8625,38.829166666666666,北方
天津,2023-05-23,29.25,42.208333333333336,北方
天津,2023-05-24,35.59166666666667,51.10833333333333,北方
天津,2023-05-25,37.699999999999996,57.92916666666667,北方
天津,2023-05-26,63.06666666666666,94.89166666666667,北方
天津,2023-05-27,53.01666666666667,81.10000000000001,北方
天津,2023-05-28,39.725,59.225,北方
天津,2023-05-29,61.833333333333336,90.0125,北方
天津,2023-05-30,40.137499999999996,57.99166666666667,北方
天津,2023-05-31,58.93333333333334,86.22916666666667,北方
天津,2023-06-01,36.270833333333336,66.78750000000001,北方
天津,2023-06-02,17.795833333333334,27.254166666666666,北方
天津,2023-06-03,35.487500000000004,51.958333333333336,北方
天津,2023-06-04,40.77916666666667,59.40833333333333,北方
天津,2023-06-05,39.00833333333333,57.862500000000004,北方
天津,2023-06-06,24.675,35.61666666666667,北方
天津,2023-06-07,33.079166666666666,60.958333333333336,北方
天津,2023-06-08,26.145833333333332,43.9125,北方
天津,2023-06-09,25.0125,38.96666666666667,北方
天津,2023-06-10,23.129166666666666,33.483333333333334,北方
天津,2023-06-11,28.433333333333334,41.27916666666667,北方
天津,2023-06-12,37.09166666666667,54.09166666666667,北方
天津,2023-06-13,27.691666666666666,39.608333333333334,北方
天津,2023-06-14,31.575,45.23333333333333,北方
天津,2023-06-15,47.7125,68.38333333333334,北方
天津,2023-06-16,52.525,75.27499999999999,北方
天津,2023-06-17,70.79583333333333,102.8125,北方
天津,2023-06-18,68.4375,100.22916666666667,北方
天津,2023-06-19,46.525,67.17916666666666,北方
天津,2023-06-20,55.00416666666666,80.2,北方
天津,2023-06-21,61.074999999999996,87.81666666666666,北方
天津,2023-06-22,30.879166666666666,44.166666666666664,北方
天津,2023-06-23,43.4625,62.21666666666667,北方
天津,2023-06-24,32.137499999999996,46.13333333333333,北方
天津,2023-06-25,42.94583333333333,63.412499999999994,北方
天津,2023-06-26,29.058333333333334,44.324999999999996,北方
天津,2023-06-27,65.19583333333334,97.47500000000001,北方
天津,2023-06-28,49.12083333333333,71.92916666666666,北方
天津,2023-06-29,58.78333333333333,101.69583333333333,北方
天津,2023-06-30,27.9875,47.82083333333333,北方
天津,2023-07-01,23.55,34.358333333333334,北方
天津,2023-07-02,41.516666666666666,62.666666666666664,北方
天津,2023-07-03,36.90833333333333,58.5,北方
天津,2023-07-04,33.579166666666666,49.9,北方
天津,2023-07-05,22.900000000000002,41.13333333333333,北方
天津,2023-07-06,36.6,63.31666666666666,北方
天津,2023-07-07,40.520833333333336,81.8625,北方
天津,2023-07-08,36.333333333333336,57.48333333333333,北方
天津,2023-07-09,25.3625,38.833333333333336,北方
天津,2023-07-10,31.954166666666666,49.78333333333333,北方
天津,2023-07-11,38.62916666666667,60.19166666666666,北方
天津,2023-07-12,31.6875,49.42916666666667,北方
天津,2023-07-13,28.587500000000002,41.704166666666666,北方
天津,2023-07-14,35.949999999999996,72.2875,北方
天津,2023-07-15,17.0125,24.445833333333336,北方
天津,2023-07-16,33.24166666666667,47.725,北方
天津,2023-07-17,25.3875,36.737500000000004,北方
天津,2023-07-18,43.2875,62.43333333333334,北方
天津,2023-07-19,59.55416666666667,85.97916666666667,北方
天津,2023-07-20,64.69166666666666,94.53750000000001,北方
天津,2023-07-21,43.012499999999996,65.10416666666667,北方
天津,2023-07-22,30.858333333333334,44.69583333333333,北方
天津,2023-07-23,61.56666666666666,88.89999999999999,北方
天津,2023-07-24,67.16250000000001,98.22500000000001,北方
天津,2023-07-25,73.15833333333333,108.59166666666665,北方
天津,2023-07-26,72.67083333333333,109.99583333333334,北方
天津,2023-07-27,72.65416666666667,112.44166666666666,北方
天津,2023-07-28,61.65,95.16666666666667,北方
天津,2023-07-29,20.8875,30.52916666666667,北方
天津,2023-07-30,12.679166666666667,20.129166666666666,北方
天津,2023-07-31,17.995833333333334,28.21666666666667,北方
天津,2023-08-01,33.09583333333333,49.92916666666667,北方
天津,2023-08-02,37.4125,56.833333333333336,北方
天津,2023-08-03,51.69166666666666,77.52083333333333,北方
天津,2023-08-04,58.7125,85.4375,北方
天津,2023-08-05,68.1875,100.07916666666667,北方
天津,2023-08-06,32.041666666666664,46.19166666666666,北方
天津,2023-08-07,35.00416666666667,54.39166666666667,北方
天津,2023-08-08,43.76666666666667,69.7625,北方
天津,2023-08-09,53.4125,87.04166666666667,北方
天津,2023-08-10,50.225,78.69583333333334,北方
天津,2023-08-11,36.74583333333333,58.4375,北方
天津,2023-08-12,41.65,60.44583333333333,北方
天津,2023-08-13,50.262499999999996,72.17916666666666,北方
天津,2023-08-14,43.30833333333334,62.19583333333333,北方
天津,2023-08-15,44.541666666666664,64.37916666666666,北方
天津,2023-08-16,58.237500000000004,84.3875,北方
天津,2023-08-17,75.53750000000001,110.25,北方
天津,2023-08-18,62.32916666666667,99.7,北方
天津,2023-08-19,68.17083333333333,107.55416666666667,北方
天津,2023-08-20,61.550000000000004,91.26666666666667,北方
天津,2023-08-21,46.05416666666667,66.94166666666666,北方
天津,2023-08-22,37.395833333333336,55.60833333333333,北方
天津,2023-08-23,46.84166666666667,69.85833333333333,北方
天津,2023-08-24,64.21666666666667,98.36666666666667,北方
天津,2023-08-25,73.03750000000001,107.0,北方
天津,2023-08-26,68.3,101.54166666666667,北方
天津,2023-08-27,71.04166666666667,104.01666666666667,北方
天津,2023-08-28,49.40416666666667,71.45,北方
天津,2023-08-29,28.704166666666666,41.275,北方
天津,2023-08-30,41.5,59.708333333333336,北方
天津,2023-08-31,59.229166666666664,85.95833333333333,北方
天津,2023-09-01,79.3125,115.45833333333333,北方
天津,2023-09-02,51.2875,75.55416666666666,北方
天津,2023-09-03,70.91666666666667,104.54166666666667,北方
天津,2023-09-04,92.02499999999999,135.54583333333332,北方
天津,2023-09-05,70.85416666666667,109.27083333333333,北方
天津,2023-09-06,103.30833333333334,165.64583333333334,北方
天津,2023-09-07,87.21249999999999,138.15416666666667,北方
天津,2023-09-08,69.2,103.96666666666665,北方
天津,2023-09-09,79.63333333333334,117.02083333333333,北方
天津,2023-09-10,53.72083333333333,80.45416666666667,北方
天津,2023-09-11,64.77916666666667,97.24583333333334,北方
天津,2023-09-12,37.8375,59.25833333333333,北方
天津,2023-09-13,31.804166666666664,50.5875,北方
天津,2023-09-14,23.78333333333333,36.59583333333333,北方
天津,2023-09-15,42.6875,63.8375,北方
天津,2023-09-16,51.112500000000004,76.99166666666666,北方
天津,2023-09-17,57.21666666666667,86.1125,北方
天津,2023-09-18,83.00833333333334,122.30833333333334,北方
天津,2023-09-19,53.425000000000004,80.04583333333333,北方
天津,2023-09-20,40.675000000000004,58.875,北方
天津,2023-09-21,35.729166666666664,52.175000000000004,北方
天津,2023-09-22,22.733333333333334,33.57083333333333,北方
天津,2023-09-23,19.095833333333335,28.462500000000002,北方
天津,2023-09-24,51.3375,77.73333333333333,北方
天津,2023-09-25,60.12083333333334,88.33333333333333,北方
天津,2023-09-26,51.729166666666664,74.85416666666667,北方
天津,2023-09-27,73.35000000000001,126.52916666666665,北方
天津,2023-09-28,50.09583333333333,93.2625,北方
天津,2023-09-29,81.39166666666667,130.0875,北方
天津,2023-09-30,20.979166666666668,34.03333333333333,北方
天津,2023-10-01,39.96666666666667,60.73333333333333,北方
天津,2023-10-02,41.979166666666664,62.208333333333336,北方
天津,2023-10-03,42.69166666666666,62.574999999999996,北方
天津,2023-10-04,38.170833333333334,56.04583333333333,北方
天津,2023-10-05,23.291666666666668,33.4,北方
天津,2023-10-06,47.24583333333334,68.35416666666667,北方
天津,2023-10-07,46.44166666666666,67.96666666666667,北方
天津,2023-10-08,52.8125,85.53750000000001,北方
天津,2023-10-09,33.30416666666667,51.074999999999996,北方
天津,2023-10-10,45.43333333333334,65.78750000000001,北方
天津,2023-10-11,54.71666666666667,81.22500000000001,北方
天津,2023-10-12,57.887499999999996,87.70833333333333,北方
天津,2023-10-13,77.48333333333333,117.83333333333333,北方
天津,2023-10-14,29.379166666666666,42.69583333333333,北方
天津,2023-10-15,33.49166666666667,48.92083333333333,北方
天津,2023-10-16,28.729166666666668,42.75416666666666,北方
天津,2023-10-17,77.33333333333333,117.05833333333334,北方
天津,2023-10-18,53.96666666666667,79.22083333333333,北方
天津,2023-10-19,17.041666666666668,31.412499999999998,北方
天津,2023-10-20,13.8125,20.841666666666665,北方
天津,2023-10-21,31.495833333333334,52.5,北方
天津,2023-10-22,72.67083333333333,105.21666666666665,北方
天津,2023-10-23,75.925,109.84583333333335,北方
天津,2023-10-24,104.70833333333333,153.31666666666666,北方
天津,2023-10-25,114.3625,169.42916666666667,北方
天津,2023-10-26,20.895833333333332,30.525000000000002,北方
天津,2023-10-27,42.512499999999996,62.98333333333333,北方
天津,2023-10-28,100.69166666666666,154.85,北方
天津,2023-10-29,153.475,233.5041666666667,北方
天津,2023-10-30,110.27916666666665,170.37916666666666,北方
天津,2023-10-31,131.02083333333334,199.95833333333334,北方
天津,2023-11-01,124.48333333333333,184.0625,北方
天津,2023-11-02,86.14999999999999,131.29583333333332,北方
天津,2023-11-03,18.991666666666667,28.2,北方
天津,2023-11-04,37.5625,62.85,北方
天津,2023-11-05,31.704166666666666,50.50416666666666,北方
天津,2023-11-06,14.870833333333332,30.504166666666666,北方
天津,2023-11-07,34.75,49.77916666666667,北方
天津,2023-11-08,65.63333333333334,95.12916666666666,北方
天津,2023-11-09,27.474999999999998,40.31666666666667,北方
天津,2023-11-10,42.6,61.020833333333336,北方
天津,2023-11-11,48.45416666666667,69.35000000000001,北方
天津,2023-11-12,28.5625,41.550000000000004,北方
天津,2023-11-13,46.475,66.65416666666667,北方
天津,2023-11-14,67.92916666666666,97.59583333333335,北方
天津,2023-11-15,109.41666666666667,158.40833333333333,北方
天津,2023-11-16,45.50416666666666,66.46249999999999,北方
天津,2023-11-17,21.462500000000002,31.483333333333334,北方
天津,2023-11-18,51.00833333333333,75.10833333333333,北方
天津,2023-11-19,62.31666666666666,95.05833333333334,北方
天津,2023-11-20,67.18333333333334,107.08749999999999,北方
天津,2023-11-21,138.3375,201.5875,北方
天津,2023-11-22,114.9375,181.79166666666666,北方
天津,2023-11-23,11.575000000000001,16.654166666666665,北方
天津,2023-11-24,53.300000000000004,76.29583333333333,北方
天津,2023-11-25,104.45,149.61666666666667,北方
天津,2023-11-26,126.39166666666667,181.125,北方
天津,2023-11-27,94.46249999999999,135.83333333333334,北方
天津,2023-11-28,39.483333333333334,56.57916666666667,北方
天津,2023-11-29,23.34166666666667,33.3375,北方
天津,2023-11-30,30.349999999999998,43.3125,北方
天津,2023-12-01,34.074999999999996,48.88333333333333,北方
天津,2023-12-02,78.32916666666667,113.54166666666667,北方
天津,2023-12-03,64.0625,92.7625,北方
天津,2023-12-04,171.6833333333333,246.05416666666667,北方
天津,2023-12-05,254.5875,367.5958333333333,北方
天津,2023-12-06,44.98333333333333,69.83749999999999,北方
天津,2023-12-07,103.69166666666666,150.23333333333332,北方
天津,2023-12-08,188.58333333333334,271.2,北方
天津,2023-12-09,28.941666666666666,42.24583333333333,北方
天津,2023-12-10,19.720833333333335,28.0625,北方
天津,2023-12-11,61.083333333333336,87.38333333333333,北方
天津,2023-12-12,83.08749999999999,120.10416666666667,北方
天津,2023-12-13,39.37916666666667,59.775,北方
天津,2023-12-14,29.629166666666666,37.94583333333333,北方
天津,2023-12-15,20.287499999999998,28.991666666666664,北方
天津,2023-12-16,13.879166666666668,19.841666666666665,北方
天津,2023-12-17,67.62916666666666,96.66250000000001,北方
天津,2023-12-18,118.00416666666666,168.825,北方
天津,2023-12-19,59.23333333333333,84.79583333333333,北方
天津,2023-12-20,14.016666666666666,20.0,北方
天津,2023-12-21,19.537499999999998,27.883333333333336,北方
天津,2023-12-22,65.375,93.41666666666667,北方
天津,2023-12-23,66.58749999999999,95.28333333333335,北方
天津,2023-12-24,79.95416666666667,114.7625,北方
天津,2023-12-25,118.87916666666666,171.84166666666667,北方
天津,2023-12-26,102.54583333333333,148.42916666666667,北方
天津,2023-12-27,112.02499999999999,162.70000000000002,北方
天津,2023-12-28,167.82916666666668,244.60833333333335,北方
天津,2023-12-29,166.7125,247.6,北方
天津,2023-12-30,229.5875,341.53749999999997,北方
天津,2023-12-31,34.708333333333336,49.97083333333333,北方
天津,2024-01-01,61.395833333333336,89.72916666666667,北方
天津,2024-01-02,119.02499999999999,171.36249999999998,北方
天津,2024-01-03,45.27916666666667,65.77499999999999,北方
天津,2024-01-04,92.22916666666667,133.45833333333334,北方
天津,2024-01-05,81.53333333333333,116.71666666666665,北方
天津,2024-01-06,37.78333333333333,54.512499999999996,北方
天津,2024-01-07,41.19583333333333,59.34166666666667,北方
天津,2024-01-08,119.77916666666665,171.4125,北方
天津,2024-01-09,80.27499999999999,116.27083333333333,北方
天津,2024-01-10,76.79166666666667,113.63333333333333,北方
天津,2024-01-11,145.62083333333334,215.22083333333333,北方
天津,2024-01-12,167.0625,250.8791666666667,北方
天津,2024-01-13,77.625,116.55,北方
天津,2024-01-14,56.12916666666666,80.90833333333335,北方
天津,2024-01-15,67.35416666666667,96.46666666666665,北方
天津,2024-01-16,78.3875,112.47083333333335,北方
天津,2024-01-17,103.09166666666665,148.025,北方
天津,2024-01-18,67.47083333333333,96.96249999999999,北方
天津,2024-01-19,64.625,92.94166666666666,北方
天津,2024-01-20,76.02499999999999,110.05416666666667,北方
天津,2024-01-21,24.075,34.67916666666667,北方
天津,2024-01-22,13.745833333333332,19.608333333333334,北方
天津,2024-01-23,20.045833333333334,28.633333333333336,北方
天津,2024-01-24,43.03333333333333,61.62083333333334,北方
天津,2024-01-25,49.3375,70.575,北方
天津,2024-01-26,70.00833333333334,100.33333333333333,北方
天津,2024-01-27,87.1875,125.94166666666666,北方
天津,2024-01-28,101.10416666666667,147.23749999999998,北方
天津,2024-01-29,98.52916666666665,145.85833333333332,北方
天津,2024-01-30,125.5,191.32083333333333,北方
天津,2024-01-31,72.72916666666667,110.0,北方
天津,2024-02-01,44.012499999999996,63.54583333333333,北方
天津,2024-02-02,94.25416666666666,136.12916666666666,北方
天津,2024-02-03,109.51666666666667,157.90833333333333,北方
天津,2024-02-04,91.03750000000001,131.45833333333334,北方
天津,2024-02-05,95.69583333333333,138.35,北方
天津,2024-02-06,106.28750000000001,153.84583333333333,北方
天津,2024-02-07,59.6875,85.6125,北方
天津,2024-02-08,84.71249999999999,121.6375,北方
天津,2024-02-09,105.96249999999999,155.1875,北方
天津,2024-02-10,45.09166666666667,65.425,北方
天津,2024-02-11,75.59583333333333,112.125,北方
天津,2024-02-12,94.16250000000001,140.4,北方
天津,2024-02-13,122.10000000000001,177.34583333333333,北方
天津,2024-02-14,95.74166666666667,138.76250000000002,北方
天津,2024-02-15,60.675000000000004,87.69583333333333,北方
天津,2024-02-16,39.12083333333333,57.8375,北方
天津,2024-02-17,51.6875,75.10000000000001,北方
天津,2024-02-18,44.59166666666667,64.5,北方
天津,2024-02-19,22.90833333333333,33.175000000000004,北方
天津,2024-02-20,17.016666666666666,24.8875,北方
天津,2024-02-21,29.84583333333333,44.70416666666667,北方
天津,2024-02-22,50.70416666666667,72.8625,北方
天津,2024-02-23,61.49583333333334,88.175,北方
天津,2024-02-24,66.18333333333334,95.8125,北方
天津,2024-02-25,54.01666666666667,79.84583333333333,北方
天津,2024-02-26,36.0625,54.78333333333333,北方
天津,2024-02-27,40.68333333333333,62.479166666666664,北方
天津,2024-02-28,53.8375,84.9375,北方
天津,2024-02-29,28.837500000000002,43.7875,北方
天津,2024-03-01,26.395833333333332,39.012499999999996,北方
天津,2024-03-02,54.458333333333336,113.09583333333335,北方
天津,2024-03-03,38.87916666666667,68.99166666666666,北方
天津,2024-03-04,35.229166666666664,60.86666666666667,北方
天津,2024-03-05,75.63333333333334,129.94166666666666,北方
天津,2024-03-06,89.1125,144.88333333333333,北方
天津,2024-03-07,57.69166666666666,95.94583333333333,北方
天津,2024-03-08,33.72083333333334,51.012499999999996,北方
天津,2024-03-09,46.64166666666667,67.58333333333333,北方
天津,2024-03-10,86.61666666666667,128.95833333333334,北方
天津,2024-03-11,90.92083333333333,141.5875,北方
天津,2024-03-12,64.42083333333333,100.04166666666667,北方
天津,2024-03-13,60.574999999999996,111.03333333333335,北方
天津,2024-03-14,69.89583333333333,112.07916666666667,北方
天津,2024-03-15,59.237500000000004,96.91666666666667,北方
天津,2024-03-16,51.30833333333334,89.58749999999999,北方
天津,2024-03-17,15.5,23.65416666666667,北方
天津,2024-03-18,50.925000000000004,102.97083333333335,北方
天津,2024-03-19,14.125,40.97083333333333,北方
天津,2024-03-20,25.579166666666666,44.0875,北方
天津,2024-03-21,112.11666666666667,170.97916666666666,北方
天津,2024-03-22,58.4375,100.89999999999999,北方
天津,2024-03-23,237.59583333333333,353.74583333333334,北方
天津,2024-03-24,58.520833333333336,91.02083333333333,北方
天津,2024-03-25,71.11666666666666,106.45416666666667,北方
天津,2024-03-26,84.4875,128.88750000000002,北方
天津,2024-03-27,63.92083333333333,98.53750000000001,北方
天津,2024-03-28,34.74583333333333,79.72916666666667,北方
天津,2024-03-29,41.770833333333336,79.975,北方
天津,2024-03-30,31.829166666666666,60.375,北方
天津,2024-03-31,49.59583333333333,79.17083333333333,北方
天津,2024-04-01,41.8375,66.5,北方
天津,2024-04-02,45.09166666666667,77.52916666666667,北方
天津,2024-04-03,32.90416666666667,51.43333333333334,北方
天津,2024-04-04,34.479166666666664,51.987500000000004,北方
天津,2024-04-05,52.10833333333333,80.94583333333334,北方
天津,2024-04-06,61.35833333333333,98.46666666666665,北方
天津,2024-04-07,47.362500000000004,78.42916666666666,北方
天津,2024-04-08,29.583333333333332,46.854166666666664,北方
天津,2024-04-09,25.866666666666664,41.15,北方
天津,2024-04-10,71.00833333333334,108.77083333333333,北方
天津,2024-04-11,89.8125,148.23333333333332,北方
天津,2024-04-12,49.93333333333334,77.49166666666666,北方
天津,2024-04-13,42.82083333333333,65.16666666666667,北方
天津,2024-04-14,24.991666666666664,36.53333333333333,北方
天津,2024-04-15,30.608333333333334,60.98333333333333,北方
天津,2024-04-16,23.28333333333333,39.645833333333336,北方
天津,2024-04-17,41.791666666666664,75.075,北方
天津,2024-04-18,58.35833333333333,97.79583333333333,北方
天津,2024-04-19,26.354166666666668,42.49583333333333,北方
天津,2024-04-20,54.01666666666667,85.68333333333334,北方
天津,2024-04-21,50.675000000000004,77.7625,北方
天津,2024-04-22,58.541666666666664,90.25,北方
天津,2024-04-23,26.025000000000002,41.03333333333333,北方
天津,2024-04-24,31.108333333333334,46.22083333333333,北方
天津,2024-04-25,44.725,67.50416666666666,北方
天津,2024-04-26,58.925000000000004,94.07083333333333,北方
天津,2024-04-27,49.15833333333333,79.52499999999999,北方
天津,2024-04-28,26.991666666666664,46.35,北方
天津,2024-04-29,27.020833333333332,40.704166666666666,北方
天津,2024-04-30,37.987500000000004,63.291666666666664,北方
天津,2024-05-01,23.116666666666664,42.53333333333333,北方
天津,2024-05-02,38.35,58.333333333333336,北方
天津,2024-05-03,46.99583333333334,68.49583333333332,北方
天津,2024-05-04,36.57083333333333,54.4125,北方
天津,2024-05-05,63.020833333333336,92.48333333333333,北方
天津,2024-05-06,62.5625,93.46666666666665,北方
天津,2024-05-07,59.7875,89.08333333333333,北方
天津,2024-05-08,47.62916666666666,69.50416666666666,北方
天津,2024-05-09,37.0375,53.98333333333333,北方
天津,2024-05-10,44.03333333333333,67.78333333333333,北方
天津,2024-05-11,26.25,66.97500000000001,北方
天津,2024-05-12,22.954166666666666,36.237500000000004,北方
天津,2024-05-13,28.90416666666667,50.675000000000004,北方
天津,2024-05-14,33.416666666666664,53.25,北方
天津,2024-05-15,9.5875,14.125,北方
天津,2024-05-16,30.629166666666666,44.61666666666667,北方
天津,2024-05-17,47.68333333333334,71.8625,北方
天津,2024-05-18,64.82083333333334,102.75833333333333,北方
天津,2024-05-19,48.90416666666667,79.125,北方
天津,2024-05-20,31.004166666666666,47.4125,北方
天津,2024-05-21,31.77916666666667,50.479166666666664,北方
天津,2024-05-22,54.75833333333333,81.7,北方
天津,2024-05-23,55.78333333333333,83.5625,北方
天津,2024-05-24,31.866666666666664,56.00416666666666,北方
天津,2024-05-25,48.20416666666667,74.55,北方
天津,2024-05-26,33.5875,48.2875,北方
天津,2024-05-27,31.754166666666666,45.39166666666667,北方
天津,2024-05-28,41.266666666666666,60.050000000000004,北方
天津,2024-05-29,38.645833333333336,55.6,北方
天津,2024-05-30,38.729166666666664,67.32916666666667,北方
天津,2024-05-31,13.879166666666668,20.45,北方
天津,2024-06-01,31.412499999999998,47.479166666666664,北方
天津,2024-06-02,43.20416666666667,63.31666666666666,北方
天津,2024-06-03,52.20416666666667,76.72916666666667,北方
天津,2024-06-04,40.545833333333334,59.041666666666664,北方
天津,2024-06-05,54.74583333333334,80.825,北方
天津,2024-06-06,72.97083333333333,107.4375,北方
天津,2024-06-07,54.57083333333333,80.175,北方
天津,2024-06-08,64.42916666666666,97.75416666666666,北方
天津,2024-06-09,48.7875,78.52083333333333,北方
天津,2024-06-10,61.75833333333333,97.97083333333335,北方
天津,2024-06-11,46.09166666666667,69.40833333333333,北方
天津,2024-06-12,47.61666666666667,76.28333333333333,北方
天津,2024-06-13,55.26666666666667,84.56666666666666,北方
天津,2024-06-14,40.90833333333333,73.64583333333333,北方
天津,2024-06-15,39.30833333333333,62.416666666666664,北方
天津,2024-06-16,34.375,52.99583333333334,北方
天津,2024-06-17,42.208333333333336,64.9625,北方
天津,2024-06-18,45.64166666666667,68.75833333333334,北方
天津,2024-06-19,44.30416666666667,66.65833333333333,北方
天津,2024-06-20,33.36666666666667,51.09166666666667,北方
天津,2024-06-21,39.574999999999996,61.87083333333334,北方
天津,2024-06-22,54.95416666666667,118.05833333333334,北方
天津,2024-06-23,37.958333333333336,80.2625,北方
天津,2024-06-24,29.7375,47.550000000000004,北方
天津,2024-06-25,29.712500000000002,42.81666666666666,北方
天津,2024-06-26,38.30416666666667,59.112500000000004,北方
天津,2024-06-27,30.0,44.78333333333333,北方
天津,2024-06-28,34.12916666666667,52.65833333333333,北方
天津,2024-06-29,39.949999999999996,60.416666666666664,北方
天津,2024-06-30,53.69583333333333,83.85000000000001,北方
天津,2024-07-01,45.875,67.9375,北方
天津,2024-07-02,47.125,68.22916666666667,北方
天津,2024-07-03,48.666666666666664,70.81666666666666,北方
天津,2024-07-04,62.895833333333336,91.28333333333335,北方
天津,2024-07-05,66.52083333333333,95.82083333333333,北方
天津,2024-07-06,51.31666666666666,74.325,北方
天津,2024-07-07,68.7,99.64166666666667,北方
天津,2024-07-08,44.4375,63.7875,北方
天津,2024-07-09,61.725,88.425,北方
天津,2024-07-10,60.05416666666667,85.85833333333333,北方
天津,2024-07-11,54.72083333333333,78.3625,北方
天津,2024-07-12,71.29166666666667,102.85416666666667,北方
天津,2024-07-13,66.72083333333333,99.76666666666667,北方
天津,2024-07-14,40.583333333333336,60.72083333333333,北方
天津,2024-07-15,38.93333333333333,58.800000000000004,北方
天津,2024-07-16,41.041666666666664,61.14166666666667,北方
天津,2024-07-17,52.958333333333336,77.10000000000001,北方
天津,2024-07-18,36.69583333333333,55.2125,北方
天津,2024-07-19,33.1875,48.35833333333333,北方
天津,2024-07-20,35.43333333333333,51.19583333333333,北方
天津,2024-07-21,33.641666666666666,48.46666666666667,北方
天津,2024-07-22,53.35,77.14166666666667,北方
天津,2024-07-23,43.1,63.5625,北方
天津,2024-07-24,58.333333333333336,85.02499999999999,北方
天津,2024-07-25,45.17083333333333,64.75416666666666,北方
天津,2024-07-26,39.82083333333333,57.46666666666667,北方
天津,2024-07-27,22.099999999999998,34.483333333333334,北方
天津,2024-07-28,26.962500000000002,41.425000000000004,北方
天津,2024-07-29,45.208333333333336,66.2875,北方
天津,2024-07-30,30.916666666666668,44.270833333333336,北方
天津,2024-07-31,34.625,49.92083333333333,北方
天津,2024-08-01,67.18333333333334,96.85000000000001,北方
天津,2024-08-02,52.85,77.22916666666667,北方
天津,2024-08-03,64.78750000000001,94.07083333333333,北方
天津,2024-08-04,36.516666666666666,52.229166666666664,北方
天津,2024-08-05,57.17916666666667,83.45,北方
天津,2024-08-06,54.01666666666667,79.23333333333333,北方
天津,2024-08-07,85.45416666666667,125.1125,北方
天津,2024-08-08,82.22083333333333,121.35000000000001,北方
天津,2024-08-09,41.72083333333334,63.40416666666667,北方
天津,2024-08-10,43.51666666666667,77.6125,北方
天津,2024-08-11,32.354166666666664,47.12083333333334,北方
天津,2024-08-12,38.02916666666667,54.62083333333333,北方
天津,2024-08-13,28.6375,41.74583333333333,北方
天津,2024-08-14,46.791666666666664,68.375,北方
天津,2024-08-15,55.87083333333334,82.4875,北方
天津,2024-08-16,60.362500000000004,89.9875,北方
天津,2024-08-17,89.81666666666666,131.47916666666666,北方
天津,2024-08-18,63.3375,92.00416666666666,北方
天津,2024-08-19,44.479166666666664,63.86666666666667,北方
天津,2024-08-20,24.708333333333332,35.71666666666667,北方
天津,2024-08-21,51.75416666666666,74.34583333333333,北方
天津,2024-08-22,67.675,96.86666666666667,北方
天津,2024-08-23,70.14166666666667,101.40833333333335,北方
天津,2024-08-24,77.6375,112.77916666666665,北方
天津,2024-08-25,72.09166666666667,105.5,北方
天津,2024-08-26,26.429166666666664,38.9375,北方
天津,2024-08-27,33.916666666666664,48.333333333333336,北方
天津,2024-08-28,56.9,81.81666666666666,北方
天津,2024-08-29,49.20416666666667,72.425,北方
天津,2024-08-30,75.99583333333334,109.94583333333333,北方
天津,2024-08-31,42.49583333333333,65.40416666666667,北方
天津,2024-09-01,40.916666666666664,59.82916666666667,北方
天津,2024-09-02,27.020833333333332,38.77916666666667,北方
天津,2024-09-03,44.2125,64.02499999999999,北方
天津,2024-09-04,48.22083333333333,71.88333333333334,北方
天津,2024-09-05,53.30416666666667,76.65416666666667,北方
天津,2024-09-06,38.699999999999996,55.612500000000004,北方
天津,2024-09-07,45.12916666666666,66.30416666666666,北方
天津,2024-09-08,48.09583333333333,71.49166666666666,北方
天津,2024-09-09,60.0625,88.46249999999999,北方
天津,2024-09-10,30.34166666666667,44.612500000000004,北方
天津,2024-09-11,29.8125,43.25,北方
天津,2024-09-12,42.641666666666666,61.05833333333334,北方
天津,2024-09-13,51.699999999999996,74.68333333333332,北方
天津,2024-09-14,32.52916666666667,47.73333333333333,北方
天津,2024-09-15,34.729166666666664,49.762499999999996,北方
天津,2024-09-16,55.125,78.87083333333334,北方
天津,2024-09-17,82.05,119.34583333333335,北方
天津,2024-09-18,38.291666666666664,57.62916666666666,北方
天津,2024-09-19,48.07083333333333,72.40833333333333,北方
天津,2024-09-20,23.554166666666664,33.862500000000004,北方
天津,2024-09-21,12.637500000000001,18.075,北方
天津,2024-09-22,37.329166666666666,53.887499999999996,北方
天津,2024-09-23,44.666666666666664,63.99166666666667,北方
天津,2024-09-24,51.90833333333333,75.64999999999999,北方
天津,2024-09-25,73.47916666666667,107.80416666666667,北方
天津,2024-09-26,39.94166666666667,61.55833333333334,北方
天津,2024-09-27,26.916666666666668,45.333333333333336,北方
天津,2024-09-28,42.416666666666664,65.67916666666666,北方
天津,2024-09-29,46.5625,74.50833333333334,北方
天津,2024-09-30,25.962500000000002,37.295833333333334,北方
天津,2024-10-01,24.962500000000002,37.37083333333333,北方
天津,2024-10-02,25.016666666666666,37.954166666666666,北方
天津,2024-10-03,35.1,51.30416666666667,北方
天津,2024-10-04,47.0625,67.39999999999999,北方
天津,2024-10-05,73.25833333333334,105.05416666666667,北方
天津,2024-10-06,74.875,108.95833333333333,北方
天津,2024-10-07,35.354166666666664,51.30833333333334,北方
天津,2024-10-08,49.10833333333333,70.925,北方
天津,2024-10-09,76.4875,112.38333333333333,北方
天津,2024-10-10,43.53333333333333,75.62916666666666,北方
天津,2024-10-11,49.47083333333333,81.2,北方
天津,2024-10-12,71.85833333333333,115.25416666666666,北方
天津,2024-10-13,88.15416666666665,138.61249999999998,北方
天津,2024-10-14,120.3625,187.9333333333333,北方
天津,2024-10-15,58.74583333333334,88.87083333333334,北方
天津,2024-10-16,41.104166666666664,65.88333333333334,北方
天津,2024-10-17,78.69583333333334,126.27916666666665,北方
天津,2024-10-18,28.241666666666664,43.5625,北方
天津,2024-10-19,18.599999999999998,26.554166666666664,北方
天津,2024-10-20,23.683333333333334,34.766666666666666,北方
天津,2024-10-21,52.00416666666666,75.65416666666667,北方
天津,2024-10-22,36.387499999999996,60.42083333333333,北方
天津,2024-10-23,45.19166666666666,68.09166666666667,北方
天津,2024-10-24,94.375,138.02916666666667,北方
天津,2024-10-25,96.425,139.32083333333333,北方
天津,2024-10-26,103.15416666666665,162.44166666666666,北方
天津,2024-10-27,69.74583333333334,106.27083333333333,北方
天津,2024-10-28,47.95416666666667,71.85416666666667,北方
天津,2024-10-29,94.76666666666667,143.15,北方
天津,2024-10-30,62.79583333333334,97.58333333333333,北方
天津,2024-10-31,100.57083333333333,153.98749999999998,北方
天津,2024-11-01,148.58333333333334,216.85833333333335,北方
天津,2024-11-02,121.52499999999999,183.01250000000002,北方
天津,2024-11-03,45.37083333333333,67.625,北方
天津,2024-11-04,34.479166666666664,53.63333333333333,北方
天津,2024-11-05,46.94583333333333,72.3125,北方
天津,2024-11-06,69.66250000000001,104.67916666666667,北方
天津,2024-11-07,89.88333333333333,131.27083333333334,北方
天津,2024-11-08,92.10833333333333,138.0375,北方
天津,2024-11-09,64.24166666666666,97.77916666666665,北方
天津,2024-11-10,77.94583333333334,116.43333333333334,北方
天津,2024-11-11,75.45833333333333,115.58333333333333,北方
天津,2024-11-12,86.83749999999999,125.675,北方
天津,2024-11-13,96.79166666666667,100.35833333333333,北方
天津,2024-11-14,91.14999999999999,92.25416666666666,北方
天津,2024-11-15,125.27083333333333,127.04166666666667,北方
天津,2024-11-16,48.949999999999996,69.37083333333334,北方
天津,2024-11-17,51.65,58.10833333333333,北方
天津,2024-11-18,66.99583333333334,72.06666666666666,北方
天津,2024-11-19,56.375,60.95416666666667,北方
天津,2024-11-20,98.38333333333333,116.2,北方
天津,2024-11-21,79.8,90.28750000000001,北方
天津,2024-11-22,35.56666666666667,36.670833333333334,北方
天津,2024-11-23,43.78333333333333,45.987500000000004,北方
天津,2024-11-24,82.24166666666666,84.875,北方
天津,2024-11-25,50.10833333333333,56.09166666666667,北方
天津,2024-11-26,32.725,53.770833333333336,北方
天津,2024-11-27,28.320833333333336,29.21666666666667,北方
天津,2024-11-28,35.645833333333336,36.225,北方
天津,2024-11-29,58.76666666666667,62.97083333333333,北方
天津,2024-11-30,122.57916666666667,128.31666666666666,北方
天津,2024-12-01,147.61666666666667,152.02916666666667,北方
天津,2024-12-02,55.70416666666666,57.458333333333336,北方
天津,2024-12-03,100.54583333333333,105.28750000000001,北方
天津,2024-12-04,120.60833333333333,124.32916666666667,北方
天津,2024-12-05,73.79166666666667,76.8625,北方
天津,2024-12-06,78.625,83.575,北方
天津,2024-12-07,27.208333333333332,27.8,北方
天津,2024-12-08,78.77916666666667,79.9375,北方
天津,2024-12-09,121.24166666666667,124.0,北方
天津,2024-12-10,130.52083333333334,135.975,北方
天津,2024-12-11,72.87083333333334,74.95,北方
天津,2024-12-12,93.97916666666667,98.09583333333335,北方
天津,2024-12-13,52.125,55.5625,北方
天津,2024-12-14,63.99583333333334,70.25,北方
天津,2024-12-15,73.8,89.79166666666667,北方
天津,2024-12-16,99.14166666666667,107.6125,北方
天津,2024-12-17,60.137499999999996,62.09166666666667,北方
天津,2024-12-18,75.5125,75.99166666666666,北方
天津,2024-12-19,96.56666666666666,98.56666666666666,北方
天津,2024-12-20,74.42083333333333,85.5625,北方
天津,2024-12-21,32.704166666666666,34.02916666666667,北方
天津,2024-12-22,69.10833333333333,70.38333333333334,北方
天津,2024-12-23,124.87916666666666,126.45416666666667,北方
天津,2024-12-24,149.63750000000002,152.04166666666666,北方
天津,2024-12-25,97.23333333333333,103.25833333333333,北方
天津,2024-12-26,47.229166666666664,58.7875,北方
天津,2024-12-27,41.43333333333333,48.199999999999996,北方
天津,2024-12-28,71.39166666666667,73.925,北方
天津,2024-12-29,111.37916666666666,113.82916666666667,北方
天津,2024-12-30,83.54583333333333,94.20833333333333,北方
天津,2024-12-31,95.0,104.10416666666667,北方
太原,2022-08-04,34.10625,48.90625,北方
太原,2022-08-05,30.804166666666664,44.0875,北方
太原,2022-08-06,41.63333333333333,59.65833333333333,北方
太原,2022-08-07,35.0,50.5375,北方
太原,2022-08-08,21.295833333333334,30.570833333333336,北方
太原,2022-08-09,8.633333333333333,12.379166666666668,北方
太原,2022-08-10,15.1875,21.712500000000002,北方
太原,2022-08-11,19.504166666666666,27.883333333333336,北方
太原,2022-08-12,41.324999999999996,59.175000000000004,北方
太原,2022-08-13,35.862500000000004,51.40416666666667,北方
太原,2022-08-14,23.837500000000002,34.775,北方
太原,2022-08-15,23.9875,54.708333333333336,北方
太原,2022-08-16,36.125,58.01666666666667,北方
太原,2022-08-17,47.51666666666667,70.64583333333333,北方
太原,2022-08-18,33.762499999999996,48.3375,北方
太原,2022-08-19,21.879166666666666,38.975,北方
太原,2022-08-20,33.675000000000004,51.479166666666664,北方
太原,2022-08-21,38.94583333333333,56.612500000000004,北方
太原,2022-08-22,17.108333333333334,27.158333333333335,北方
太原,2022-08-23,18.454166666666666,26.916666666666668,北方
太原,2022-08-24,33.041666666666664,47.75416666666666,北方
太原,2022-08-25,24.1125,43.22083333333333,北方
太原,2022-08-26,28.733333333333334,44.86666666666667,北方
太原,2022-08-27,25.962500000000002,38.25416666666667,北方
太原,2022-08-28,22.662499999999998,32.954166666666666,北方
太原,2022-08-29,22.983333333333334,42.67916666666667,北方
太原,2022-08-30,22.420833333333334,43.42083333333333,北方
太原,2022-08-31,23.208333333333332,36.44583333333333,北方
太原,2022-09-01,21.383333333333336,31.349999999999998,北方
太原,2022-09-02,41.44166666666667,59.300000000000004,北方
太原,2022-09-03,40.40416666666667,59.4625,北方
太原,2022-09-04,25.46666666666667,44.15416666666667,北方
太原,2022-09-05,19.1875,42.28333333333333,北方
太原,2022-09-06,16.529166666666665,33.291666666666664,北方
太原,2022-09-07,27.47083333333333,40.3125,北方
太原,2022-09-08,41.833333333333336,60.291666666666664,北方
太原,2022-09-09,37.800000000000004,54.17083333333333,北方
太原,2022-09-10,50.625,72.8,北方
太原,2022-09-11,43.925000000000004,62.9125,北方
太原,2022-09-12,36.2125,51.824999999999996,北方
太原,2022-09-13,41.199999999999996,59.050000000000004,北方
太原,2022-09-14,31.1375,45.32083333333333,北方
太原,2022-09-15,35.300000000000004,51.37083333333334,北方
太原,2022-09-16,36.854166666666664,53.083333333333336,北方
太原,2022-09-17,36.300000000000004,52.475,北方
太原,2022-09-18,49.5,72.57083333333334,北方
太原,2022-09-19,37.612500000000004,54.987500000000004,北方
太原,2022-09-20,16.55,24.104166666666668,北方
太原,2022-09-21,30.9875,46.55416666666667,北方
太原,2022-09-22,13.9375,25.358333333333334,北方
太原,2022-09-23,19.095833333333335,35.0875,北方
太原,2022-09-24,35.93333333333333,52.84166666666667,北方
太原,2022-09-25,31.954166666666666,46.92916666666667,北方
太原,2022-09-26,35.895833333333336,52.07083333333333,北方
太原,2022-09-27,45.824999999999996,65.72916666666667,北方
太原,2022-09-28,35.59583333333333,51.32083333333333,北方
太原,2022-09-29,36.104166666666664,52.854166666666664,北方
太原,2022-09-30,35.42916666666667,50.71666666666667,北方
太原,2022-10-01,43.1875,61.737500000000004,北方
太原,2022-10-02,33.9375,48.520833333333336,北方
太原,2022-10-03,17.287499999999998,24.875,北方
太原,2022-10-04,12.595833333333333,18.05,北方
太原,2022-10-05,33.74166666666667,48.75,北方
太原,2022-10-06,26.25,39.44583333333333,北方
太原,2022-10-07,31.900000000000002,51.18333333333334,北方
太原,2022-10-08,23.133333333333336,45.50416666666666,北方
太原,2022-10-09,5.175,7.791666666666667,北方
太原,2022-10-10,22.287499999999998,36.92916666666667,北方
太原,2022-10-11,39.108333333333334,56.833333333333336,北方
太原,2022-10-12,54.612500000000004,78.09166666666667,北方
太原,2022-10-13,71.44166666666666,102.14583333333333,北方
太原,2022-10-14,40.666666666666664,63.958333333333336,北方
太原,2022-10-15,27.349999999999998,45.06666666666666,北方
太原,2022-10-16,18.804166666666667,31.275000000000002,北方
太原,2022-10-17,17.087500000000002,26.308333333333334,北方
太原,2022-10-18,31.71666666666667,46.89166666666667,北方
太原,2022-10-19,47.0875,68.425,北方
太原,2022-10-20,53.458333333333336,76.74583333333334,北方
太原,2022-10-21,38.708333333333336,55.71666666666667,北方
太原,2022-10-22,24.320833333333336,54.64166666666667,北方
太原,2022-10-23,28.825,51.98333333333333,北方
太原,2022-10-24,43.65,64.44583333333334,北方
太原,2022-10-25,53.77916666666667,78.18333333333334,北方
太原,2022-10-26,58.80833333333334,85.28750000000001,北方
太原,2022-10-27,42.90416666666667,61.762499999999996,北方
太原,2022-10-28,44.387499999999996,64.02083333333333,北方
太原,2022-10-29,29.6875,42.65416666666667,北方
太原,2022-10-30,32.49166666666667,47.612500000000004,北方
太原,2022-10-31,27.195833333333336,46.762499999999996,北方
太原,2022-11-01,42.458333333333336,62.52916666666667,北方
太原,2022-11-02,53.0,75.82083333333334,北方
太原,2022-11-03,34.895833333333336,51.4,北方
太原,2022-11-04,39.112500000000004,57.979166666666664,北方
太原,2022-11-05,52.275,76.375,北方
太原,2022-11-06,49.354166666666664,70.82083333333334,北方
太原,2022-11-07,42.1,61.166666666666664,北方
太原,2022-11-08,73.675,105.80833333333334,北方
太原,2022-11-09,85.10000000000001,121.70833333333333,北方
太原,2022-11-10,66.23333333333333,94.72083333333335,北方
太原,2022-11-11,36.045833333333334,51.42916666666667,北方
太原,2022-11-12,8.145833333333334,11.691666666666668,北方
太原,2022-11-13,26.491666666666664,38.31666666666667,北方
太原,2022-11-14,28.0,42.40833333333333,北方
太原,2022-11-15,30.704166666666666,48.90833333333333,北方
太原,2022-11-16,44.76666666666667,65.99166666666666,北方
太原,2022-11-17,48.979166666666664,70.01666666666667,北方
太原,2022-11-18,75.00416666666666,107.39583333333333,北方
太原,2022-11-19,51.9625,78.23333333333333,北方
太原,2022-11-20,69.50833333333334,100.46249999999999,北方
太原,2022-11-21,42.05416666666667,61.125,北方
太原,2022-11-22,54.333333333333336,78.11666666666666,北方
太原,2022-11-23,34.49166666666667,49.82083333333333,北方
太原,2022-11-24,29.766666666666666,42.608333333333334,北方
太原,2022-11-25,15.716666666666667,24.28333333333333,北方
太原,2022-11-26,34.925000000000004,51.824999999999996,北方
太原,2022-11-27,64.8875,92.74583333333334,北方
太原,2022-11-28,27.116666666666664,43.6,北方
太原,2022-11-29,15.395833333333334,29.829166666666666,北方
太原,2022-11-30,10.991666666666667,17.966666666666665,北方
太原,2022-12-01,20.516666666666666,30.15833333333333,北方
太原,2022-12-02,43.762499999999996,72.82083333333334,北方
太原,2022-12-03,40.729166666666664,68.61666666666666,北方
太原,2022-12-04,33.3375,49.23333333333333,北方
太原,2022-12-05,32.854166666666664,47.68333333333334,北方
太原,2022-12-06,34.083333333333336,49.050000000000004,北方
太原,2022-12-07,55.958333333333336,80.30416666666666,北方
太原,2022-12-08,50.1,72.56666666666666,北方
太原,2022-12-09,38.975,56.30833333333334,北方
太原,2022-12-10,15.366666666666667,22.629166666666666,北方
太原,2022-12-11,32.079166666666666,46.12083333333334,北方
太原,2022-12-12,10.083333333333334,22.2375,北方
太原,2022-12-13,8.65,22.233333333333334,北方
太原,2022-12-14,0.7291666666666666,1.0458333333333332,北方
太原,2022-12-15,0.7708333333333334,1.1,北方
太原,2022-12-16,6.3500000000000005,11.566666666666668,北方
太原,2022-12-17,9.216666666666667,22.354166666666668,北方
太原,2022-12-18,20.129166666666666,40.55,北方
太原,2022-12-19,43.19583333333333,63.7875,北方
太原,2022-12-20,15.15,27.291666666666668,北方
太原,2022-12-21,11.391666666666666,23.0625,北方
太原,2022-12-22,15.3375,28.758333333333336,北方
太原,2022-12-23,29.1875,42.666666666666664,北方
太原,2022-12-24,41.47083333333333,59.78333333333333,北方
太原,2022-12-25,46.041666666666664,67.24583333333334,北方
太原,2022-12-26,23.90416666666667,35.4375,北方
太原,2022-12-27,16.329166666666666,26.2,北方
太原,2022-12-28,21.65416666666667,32.0375,北方
太原,2022-12-29,33.12916666666667,47.875,北方
太原,2022-12-30,39.737500000000004,56.96666666666667,北方
太原,2022-12-31,35.324999999999996,51.63333333333333,北方
太原,2023-01-01,49.8125,71.9875,北方
太原,2023-01-02,53.24166666666667,77.31666666666666,北方
太原,2023-01-03,44.225,64.39166666666667,北方
太原,2023-01-04,42.975,62.833333333333336,北方
太原,2023-01-05,39.43333333333333,57.00833333333333,北方
太原,2023-01-06,20.283333333333335,42.050000000000004,北方
太原,2023-01-07,51.854166666666664,77.57916666666667,北方
太原,2023-01-08,55.95416666666667,83.3,北方
太原,2023-01-09,63.56666666666666,93.53750000000001,北方
太原,2023-01-10,83.33333333333333,120.58333333333333,北方
太原,2023-01-11,97.05833333333334,139.20000000000002,北方
太原,2023-01-12,106.64999999999999,152.85,北方
太原,2023-01-13,97.42083333333333,139.8125,北方
太原,2023-01-14,13.237499999999999,19.308333333333334,北方
太原,2023-01-15,16.3,25.429166666666664,北方
太原,2023-01-16,25.212500000000002,44.333333333333336,北方
太原,2023-01-17,21.733333333333334,75.42083333333333,北方
太原,2023-01-18,30.170833333333334,56.208333333333336,北方
太原,2023-01-19,20.120833333333334,70.15416666666667,北方
太原,2023-01-20,32.80833333333333,63.975,北方
太原,2023-01-21,45.612500000000004,78.52083333333333,北方
太原,2023-01-22,37.80833333333333,72.97083333333333,北方
太原,2023-01-23,12.641666666666666,47.4625,北方
太原,2023-01-24,23.479166666666668,38.229166666666664,北方
太原,2023-01-25,52.354166666666664,77.40416666666667,北方
太原,2023-01-26,25.483333333333334,53.78333333333333,北方
太原,2023-01-27,16.670833333333334,29.733333333333334,北方
太原,2023-01-28,22.383333333333336,52.99166666666667,北方
太原,2023-01-29,32.358333333333334,58.275,北方
太原,2023-01-30,45.4375,73.88333333333334,北方
太原,2023-01-31,41.104166666666664,66.22083333333333,北方
太原,2023-02-01,21.766666666666666,37.920833333333334,北方
太原,2023-02-02,64.10833333333333,93.35833333333333,北方
太原,2023-02-03,69.7,113.08333333333333,北方
太原,2023-02-04,50.90833333333333,82.05,北方
太原,2023-02-05,77.62916666666666,113.02083333333333,北方
太原,2023-02-06,59.791666666666664,87.825,北方
太原,2023-02-07,84.625,125.11666666666667,北方
太原,2023-02-08,52.40833333333333,77.8125,北方
太原,2023-02-09,41.78333333333333,61.916666666666664,北方
太原,2023-02-10,43.854166666666664,66.05,北方
太原,2023-02-11,73.51666666666667,108.62083333333334,北方
太原,2023-02-12,26.204166666666666,37.666666666666664,北方
太原,2023-02-13,33.516666666666666,48.44583333333333,北方
太原,2023-02-14,50.708333333333336,72.99166666666666,北方
太原,2023-02-15,74.21249999999999,107.77499999999999,北方
太原,2023-02-16,60.137499999999996,87.96666666666665,北方
太原,2023-02-17,75.62083333333334,110.25416666666666,北方
太原,2023-02-18,51.01666666666667,79.30833333333332,北方
太原,2023-02-19,19.341666666666665,43.94583333333333,北方
太原,2023-02-20,37.824999999999996,60.34166666666667,北方
太原,2023-02-21,40.324999999999996,59.487500000000004,北方
太原,2023-02-22,42.15416666666666,61.125,北方
太原,2023-02-23,55.73333333333333,81.22500000000001,北方
太原,2023-02-24,49.49583333333334,73.79583333333333,北方
太原,2023-02-25,60.520833333333336,88.61666666666667,北方
太原,2023-02-26,82.14583333333333,119.70833333333333,北方
太原,2023-02-27,67.90416666666667,98.64999999999999,北方
太原,2023-02-28,27.291666666666668,48.5375,北方
太原,2023-03-01,20.516666666666666,35.69166666666667,北方
太原,2023-03-02,28.066666666666666,44.98333333333333,北方
太原,2023-03-03,25.4875,46.6875,北方
太原,2023-03-04,32.858333333333334,52.47083333333333,北方
太原,2023-03-05,37.300000000000004,56.85,北方
太原,2023-03-06,26.241666666666664,41.762499999999996,北方
太原,2023-03-07,28.3125,43.62916666666666,北方
太原,2023-03-08,19.7,38.979166666666664,北方
太原,2023-03-09,21.316666666666666,34.608333333333334,北方
太原,2023-03-10,26.9875,50.17083333333333,北方
太原,2023-03-11,24.462500000000002,56.4375,北方
太原,2023-03-12,14.291666666666666,29.28333333333333,北方
太原,2023-03-13,25.420833333333334,39.020833333333336,北方
太原,2023-03-14,23.1875,38.65,北方
太原,2023-03-15,17.3125,35.016666666666666,北方
太原,2023-03-16,36.3375,57.833333333333336,北方
太原,2023-03-17,37.112500000000004,57.57916666666667,北方
太原,2023-03-18,45.90416666666667,73.20833333333333,北方
太原,2023-03-19,50.7125,75.25833333333334,北方
太原,2023-03-20,51.05416666666667,73.40833333333333,北方
太原,2023-03-21,41.57083333333333,65.05,北方
太原,2023-03-22,26.379166666666666,76.14166666666667,北方
太原,2023-03-23,37.420833333333334,70.5125,北方
太原,2023-03-24,45.97083333333333,74.41666666666667,北方
太原,2023-03-25,34.262499999999996,52.24583333333334,北方
太原,2023-03-26,31.650000000000002,50.50416666666666,北方
太原,2023-03-27,25.008333333333336,42.25,北方
太原,2023-03-28,36.387499999999996,53.975,北方
太原,2023-03-29,31.708333333333332,47.00833333333333,北方
太原,2023-03-30,42.31666666666667,61.137499999999996,北方
太原,2023-03-31,44.21666666666667,64.17083333333333,北方
太原,2023-04-01,40.49583333333333,59.262499999999996,北方
太原,2023-04-02,43.449999999999996,62.416666666666664,北方
太原,2023-04-03,21.47083333333333,30.733333333333334,北方
太原,2023-04-04,12.466666666666667,17.925,北方
太原,2023-04-05,28.09583333333333,40.458333333333336,北方
太原,2023-04-06,13.841666666666667,25.1875,北方
太原,2023-04-07,27.8625,55.67916666666667,北方
太原,2023-04-08,29.65416666666667,49.824999999999996,北方
太原,2023-04-09,33.512499999999996,61.22083333333333,北方
太原,2023-04-10,31.90833333333333,59.4125,北方
太原,2023-04-11,21.4875,58.21666666666667,北方
太原,2023-04-12,37.19166666666667,60.22083333333333,北方
太原,2023-04-13,27.650000000000002,50.5625,北方
太原,2023-04-14,19.683333333333334,62.02916666666667,北方
太原,2023-04-15,18.608333333333334,44.05416666666667,北方
太原,2023-04-16,28.5625,50.958333333333336,北方
太原,2023-04-17,28.7,51.166666666666664,北方
太原,2023-04-18,27.870833333333334,53.92083333333333,北方
太原,2023-04-19,36.050000000000004,52.6625,北方
太原,2023-04-20,44.20416666666667,70.9375,北方
太原,2023-04-21,41.525,70.56666666666666,北方
太原,2023-04-22,29.479166666666668,44.9125,北方
太原,2023-04-23,30.191666666666666,49.0,北方
太原,2023-04-24,23.704166666666666,36.69583333333333,北方
太原,2023-04-25,26.291666666666668,46.65833333333333,北方
太原,2023-04-26,39.19583333333333,65.15833333333333,北方
太原,2023-04-27,38.57083333333333,77.62083333333334,北方
太原,2023-04-28,19.004166666666666,53.37916666666666,北方
太原,2023-04-29,12.691666666666668,24.775000000000002,北方
太原,2023-04-30,17.2,33.795833333333334,北方
太原,2023-05-01,23.541666666666668,34.85,北方
太原,2023-05-02,30.183333333333334,50.23333333333333,北方
太原,2023-05-03,36.36666666666667,51.98333333333333,北方
太原,2023-05-04,28.316666666666666,40.55833333333333,北方
太原,2023-05-05,28.90416666666667,41.40833333333333,北方
太原,2023-05-06,21.0625,30.166666666666668,北方
太原,2023-05-07,34.395833333333336,49.729166666666664,北方
太原,2023-05-08,49.26666666666667,70.69583333333334,北方
太原,2023-05-09,44.19166666666666,63.199999999999996,北方
太原,2023-05-10,49.40833333333333,70.94583333333334,北方
太原,2023-05-11,30.945833333333336,48.604166666666664,北方
太原,2023-05-12,15.379166666666668,31.1875,北方
太原,2023-05-13,16.966666666666665,32.9,北方
太原,2023-05-14,19.508333333333333,39.975,北方
太原,2023-05-15,22.541666666666668,39.708333333333336,北方
太原,2023-05-16,25.375,37.137499999999996,北方
太原,2023-05-17,19.391666666666666,40.975,北方
太原,2023-05-18,23.95,40.9125,北方
太原,2023-05-19,32.141666666666666,48.34583333333333,北方
太原,2023-05-20,20.083333333333332,39.016666666666666,北方
太原,2023-05-21,15.254166666666668,35.07083333333333,北方
太原,2023-05-22,16.941666666666666,29.120833333333334,北方
太原,2023-05-23,29.875,43.21666666666667,北方
太原,2023-05-24,24.291666666666668,37.80833333333333,北方
太原,2023-05-25,20.333333333333332,45.645833333333336,北方
太原,2023-05-26,28.604166666666668,50.770833333333336,北方
太原,2023-05-27,26.441666666666666,39.05416666666667,北方
太原,2023-05-28,22.491666666666664,32.083333333333336,北方
太原,2023-05-29,34.68333333333333,50.137499999999996,北方
太原,2023-05-30,35.387499999999996,51.32083333333333,北方
太原,2023-05-31,39.9625,60.854166666666664,北方
太原,2023-06-01,18.2625,34.88333333333333,北方
太原,2023-06-02,14.9,23.75,北方
太原,2023-06-03,32.25833333333333,47.25833333333333,北方
太原,2023-06-04,23.03333333333333,37.92916666666667,北方
太原,2023-06-05,19.633333333333333,31.954166666666666,北方
太原,2023-06-06,15.4375,30.016666666666666,北方
太原,2023-06-07,19.983333333333334,34.0875,北方
太原,2023-06-08,12.804166666666667,26.433333333333334,北方
太原,2023-06-09,13.679166666666667,29.008333333333336,北方
太原,2023-06-10,13.595833333333333,22.15416666666667,北方
太原,2023-06-11,22.516666666666666,33.987500000000004,北方
太原,2023-06-12,31.28333333333333,45.38333333333333,北方
太原,2023-06-13,16.479166666666668,23.55,北方
太原,2023-06-14,22.333333333333332,31.925,北方
太原,2023-06-15,28.7625,41.145833333333336,北方
太原,2023-06-16,30.537499999999998,43.63333333333333,北方
太原,2023-06-17,37.387499999999996,53.50833333333333,北方
太原,2023-06-18,44.025,63.012499999999996,北方
太原,2023-06-19,32.94166666666667,48.14166666666667,北方
太原,2023-06-20,23.400000000000002,38.4625,北方
太原,2023-06-21,18.845833333333335,27.09583333333333,北方
太原,2023-06-22,34.19583333333333,48.9,北方
太原,2023-06-23,30.09166666666667,42.99166666666667,北方
太原,2023-06-24,26.72083333333333,38.2125,北方
太原,2023-06-25,41.425000000000004,59.65,北方
太原,2023-06-26,48.800000000000004,71.1375,北方
太原,2023-06-27,31.349999999999998,45.75,北方
太原,2023-06-28,25.275000000000002,36.56666666666667,北方
太原,2023-06-29,25.2,43.17916666666667,北方
太原,2023-06-30,23.833333333333332,44.270833333333336,北方
太原,2023-07-01,44.42083333333333,67.05416666666666,北方
太原,2023-07-02,50.24583333333334,75.14583333333333,北方
太原,2023-07-03,46.14166666666667,66.28333333333333,北方
太原,2023-07-04,14.354166666666666,39.545833333333334,北方
太原,2023-07-05,17.229166666666668,33.266666666666666,北方
太原,2023-07-06,22.095833333333335,35.74166666666667,北方
太原,2023-07-07,13.116666666666667,31.729166666666668,北方
太原,2023-07-08,12.179166666666667,25.041666666666668,北方
太原,2023-07-09,13.691666666666668,24.545833333333334,北方
太原,2023-07-10,20.704166666666666,34.262499999999996,北方
太原,2023-07-11,35.324999999999996,53.24583333333334,北方
太原,2023-07-12,29.900000000000002,43.51666666666667,北方
太原,2023-07-13,19.241666666666667,30.270833333333332,北方
太原,2023-07-14,15.066666666666668,32.895833333333336,北方
太原,2023-07-15,9.966666666666667,19.599999999999998,北方
太原,2023-07-16,15.004166666666668,22.025000000000002,北方
太原,2023-07-17,19.804166666666667,28.6875,北方
太原,2023-07-18,28.712500000000002,41.145833333333336,北方
太原,2023-07-19,36.24166666666667,52.21666666666667,北方
太原,2023-07-20,40.6875,59.025,北方
太原,2023-07-21,40.96666666666667,70.14166666666667,北方
太原,2023-07-22,21.933333333333334,34.229166666666664,北方
太原,2023-07-23,19.712500000000002,31.72083333333333,北方
太原,2023-07-24,25.829166666666666,41.170833333333334,北方
太原,2023-07-25,35.09583333333333,51.833333333333336,北方
太原,2023-07-26,22.879166666666666,34.43333333333333,北方
太原,2023-07-27,28.483333333333334,43.01666666666667,北方
太原,2023-07-28,42.37916666666667,62.4625,北方
太原,2023-07-29,28.416666666666668,41.487500000000004,北方
太原,2023-07-30,4.8,6.841666666666666,北方
太原,2023-07-31,14.9125,21.291666666666668,北方
太原,2023-08-01,22.25,31.808333333333334,北方
太原,2023-08-02,32.608333333333334,46.61666666666667,北方
太原,2023-08-03,42.09583333333333,60.270833333333336,北方
太原,2023-08-04,28.45,40.833333333333336,北方
太原,2023-08-05,16.508333333333333,26.03333333333333,北方
太原,2023-08-06,32.574999999999996,52.395833333333336,北方
太原,2023-08-07,62.94583333333333,95.86666666666667,北方
太原,2023-08-08,45.9625,71.41250000000001,北方
太原,2023-08-09,42.89166666666667,68.52916666666667,北方
太原,2023-08-10,49.24583333333334,77.75833333333334,北方
太原,2023-08-11,36.50416666666667,54.09166666666667,北方
太原,2023-08-12,14.424999999999999,26.958333333333332,北方
太原,2023-08-13,14.887500000000001,21.691666666666666,北方
太原,2023-08-14,38.375,56.68333333333334,北方
太原,2023-08-15,41.40416666666667,61.699999999999996,北方
太原,2023-08-16,35.5875,58.362500000000004,北方
太原,2023-08-17,31.233333333333334,51.916666666666664,北方
太原,2023-08-18,33.0,56.395833333333336,北方
太原,2023-08-19,34.012499999999996,58.00416666666666,北方
太原,2023-08-20,31.604166666666668,48.99166666666667,北方
太原,2023-08-21,23.1875,43.12916666666666,北方
太原,2023-08-22,18.366666666666667,32.50416666666667,北方
太原,2023-08-23,23.775000000000002,41.96666666666667,北方
太原,2023-08-24,21.6375,35.708333333333336,北方
太原,2023-08-25,26.820833333333336,44.375,北方
太原,2023-08-26,17.45,25.504166666666666,北方
太原,2023-08-27,15.237499999999999,21.704166666666666,北方
太原,2023-08-28,18.895833333333332,27.275000000000002,北方
太原,2023-08-29,24.395833333333332,38.391666666666666,北方
太原,2023-08-30,25.162499999999998,39.112500000000004,北方
太原,2023-08-31,31.891666666666666,47.020833333333336,北方
太原,2023-09-01,39.1875,57.5625,北方
太原,2023-09-02,39.84166666666667,58.30416666666667,北方
太原,2023-09-03,30.166666666666668,46.42916666666667,北方
太原,2023-09-04,28.95,46.9625,北方
太原,2023-09-05,35.525,55.15,北方
太原,2023-09-06,40.80416666666667,61.4625,北方
太原,2023-09-07,45.387499999999996,68.33749999999999,北方
太原,2023-09-08,57.15,84.74166666666666,北方
太原,2023-09-09,38.975,56.237500000000004,北方
太原,2023-09-10,22.962500000000002,32.99583333333333,北方
太原,2023-09-11,32.82083333333333,53.44166666666666,北方
太原,2023-09-12,20.383333333333333,38.475,北方
太原,2023-09-13,41.12916666666667,67.14166666666667,北方
太原,2023-09-14,44.0875,68.92916666666666,北方
太原,2023-09-15,38.44583333333333,56.550000000000004,北方
太原,2023-09-16,41.07083333333333,60.90833333333333,北方
太原,2023-09-17,27.754166666666666,42.833333333333336,北方
太原,2023-09-18,16.95,31.212500000000002,北方
太原,2023-09-19,17.55,30.541666666666668,北方
太原,2023-09-20,22.554166666666664,36.420833333333334,北方
太原,2023-09-21,35.208333333333336,54.262499999999996,北方
太原,2023-09-22,31.141666666666666,47.05416666666667,北方
太原,2023-09-23,30.625,45.28333333333333,北方
太原,2023-09-24,24.8625,36.50833333333333,北方
太原,2023-09-25,23.683333333333334,34.05416666666667,北方
太原,2023-09-26,24.875,38.833333333333336,北方
太原,2023-09-27,25.412499999999998,43.12083333333334,北方
太原,2023-09-28,26.395833333333332,43.291666666666664,北方
太原,2023-09-29,25.34583333333333,43.25,北方
太原,2023-09-30,11.891666666666666,21.745833333333334,北方
太原,2023-10-01,26.52916666666667,41.05416666666667,北方
太原,2023-10-02,59.95416666666667,88.60416666666667,北方
太原,2023-10-03,37.69166666666667,57.9375,北方
太原,2023-10-04,17.258333333333333,29.09166666666667,北方
太原,2023-10-05,36.69166666666667,55.59166666666667,北方
太原,2023-10-06,45.770833333333336,67.16666666666667,北方
太原,2023-10-07,45.770833333333336,66.61666666666666,北方
太原,2023-10-08,18.333333333333332,31.258333333333336,北方
太原,2023-10-09,12.941666666666668,22.058333333333334,北方
太原,2023-10-10,30.15833333333333,44.90833333333333,北方
太原,2023-10-11,47.61666666666667,70.27499999999999,北方
太原,2023-10-12,64.425,97.175,北方
太原,2023-10-13,25.179166666666664,39.199999999999996,北方
太原,2023-10-14,11.362499999999999,21.633333333333336,北方
太原,2023-10-15,18.308333333333334,54.53333333333333,北方
太原,2023-10-16,33.300000000000004,58.32916666666667,北方
太原,2023-10-17,57.449999999999996,84.45416666666667,北方
太原,2023-10-18,22.675,35.637499999999996,北方
太原,2023-10-19,13.391666666666666,25.954166666666666,北方
太原,2023-10-20,10.729166666666666,16.8,北方
太原,2023-10-21,17.695833333333333,27.9375,北方
太原,2023-10-22,23.075,34.387499999999996,北方
太原,2023-10-23,30.983333333333334,45.020833333333336,北方
太原,2023-10-24,22.4375,34.57083333333333,北方
太原,2023-10-25,17.0875,28.71666666666667,北方
太原,2023-10-26,14.220833333333333,31.712500000000002,北方
太原,2023-10-27,22.416666666666668,36.82083333333333,北方
太原,2023-10-28,34.454166666666666,51.60833333333333,北方
太原,2023-10-29,27.09166666666667,41.887499999999996,北方
太原,2023-10-30,19.6875,31.733333333333334,北方
太原,2023-10-31,21.679166666666664,34.729166666666664,北方
太原,2023-11-01,31.270833333333332,45.237500000000004,北方
太原,2023-11-02,24.820833333333336,37.225,北方
太原,2023-11-03,19.5625,37.137499999999996,北方
太原,2023-11-04,28.52916666666667,43.42083333333333,北方
太原,2023-11-05,12.5625,25.383333333333336,北方
太原,2023-11-06,14.516666666666666,30.195833333333336,北方
太原,2023-11-07,38.38333333333333,55.050000000000004,北方
太原,2023-11-08,18.45,27.96666666666667,北方
太原,2023-11-09,12.525,22.97083333333333,北方
太原,2023-11-10,28.1125,42.525,北方
太原,2023-11-11,30.608333333333334,47.862500000000004,北方
太原,2023-11-12,18.191666666666666,42.09166666666667,北方
太原,2023-11-13,29.508333333333336,49.88333333333333,北方
太原,2023-11-14,26.570833333333336,39.99583333333333,北方
太原,2023-11-15,25.2,64.91250000000001,北方
太原,2023-11-16,10.933333333333332,45.775,北方
太原,2023-11-17,24.150000000000002,92.85416666666667,北方
太原,2023-11-18,22.5125,36.012499999999996,北方
太原,2023-11-19,32.354166666666664,50.80416666666667,北方
太原,2023-11-20,67.075,97.69166666666666,北方
太原,2023-11-21,49.05833333333334,70.93333333333334,北方
太原,2023-11-22,16.966666666666665,50.82916666666667,北方
太原,2023-11-23,11.658333333333333,19.375,北方
太原,2023-11-24,26.2625,38.0625,北方
太原,2023-11-25,39.49166666666667,58.28333333333333,北方
太原,2023-11-26,27.516666666666666,42.1875,北方
太原,2023-11-27,21.508333333333336,41.62083333333333,北方
太原,2023-11-28,24.2375,37.3375,北方
太原,2023-11-29,10.383333333333335,15.079166666666666,北方
太原,2023-11-30,11.225,17.849999999999998,北方
太原,2023-12-01,15.683333333333332,24.645833333333332,北方
太原,2023-12-02,20.954166666666666,30.758333333333336,北方
太原,2023-12-03,27.633333333333336,40.00416666666667,北方
太原,2023-12-04,26.3875,39.824999999999996,北方
太原,2023-12-05,26.599999999999998,43.89166666666667,北方
太原,2023-12-06,18.912499999999998,43.65833333333333,北方
太原,2023-12-07,32.55416666666667,47.65833333333333,北方
太原,2023-12-08,25.129166666666666,39.19583333333333,北方
太原,2023-12-09,23.795833333333334,36.395833333333336,北方
太原,2023-12-10,14.4625,22.291666666666668,北方
太原,2023-12-11,29.558333333333334,43.9375,北方
太原,2023-12-12,90.52916666666665,131.4,北方
太原,2023-12-13,17.983333333333334,26.59166666666667,北方
太原,2023-12-14,5.8374999999999995,12.141666666666666,北方
太原,2023-12-15,9.237499999999999,12.129166666666665,北方
太原,2023-12-16,10.3375,14.85,北方
太原,2023-12-17,48.22083333333333,68.94166666666666,北方
太原,2023-12-18,63.82916666666667,92.79583333333333,北方
太原,2023-12-19,14.320833333333333,24.72083333333333,北方
太原,2023-12-20,12.141666666666667,17.5125,北方
太原,2023-12-21,12.945833333333333,18.425,北方
太原,2023-12-22,26.77916666666667,38.324999999999996,北方
太原,2023-12-23,23.329166666666666,34.775,北方
太原,2023-12-24,25.491666666666664,37.012499999999996,北方
太原,2023-12-25,46.86666666666667,67.86666666666666,北方
太原,2023-12-26,43.86666666666667,65.44583333333334,北方
太原,2023-12-27,70.27916666666667,104.9875,北方
太原,2023-12-28,50.3125,77.68333333333334,北方
太原,2023-12-29,60.375,93.24166666666667,北方
太原,2023-12-30,28.808333333333334,47.5625,北方
太原,2023-12-31,23.8875,34.5625,北方
太原,2024-01-01,47.762499999999996,69.7375,北方
太原,2024-01-02,22.745833333333334,36.17916666666667,北方
太原,2024-01-03,28.666666666666668,42.483333333333334,北方
太原,2024-01-04,31.241666666666664,47.824999999999996,北方
太原,2024-01-05,23.016666666666666,36.7875,北方
太原,2024-01-06,17.679166666666667,27.212500000000002,北方
太原,2024-01-07,46.90833333333333,67.72916666666667,北方
太原,2024-01-08,59.81666666666666,87.96666666666665,北方
太原,2024-01-09,20.695833333333333,37.35,北方
太原,2024-01-10,35.875,60.40416666666667,北方
太原,2024-01-11,35.645833333333336,55.083333333333336,北方
太原,2024-01-12,50.32083333333333,78.14583333333333,北方
太原,2024-01-13,56.833333333333336,85.01666666666667,北方
太原,2024-01-14,22.474999999999998,38.791666666666664,北方
太原,2024-01-15,52.42916666666667,76.09583333333333,北方
太原,2024-01-16,107.30416666666667,156.50416666666666,北方
太原,2024-01-17,67.375,98.8125,北方
太原,2024-01-18,35.958333333333336,54.30833333333333,北方
太原,2024-01-19,20.0125,31.191666666666666,北方
太原,2024-01-20,23.129166666666666,34.487500000000004,北方
太原,2024-01-21,9.862499999999999,14.591666666666667,北方
太原,2024-01-22,8.325000000000001,11.9,北方
太原,2024-01-23,12.979166666666666,18.679166666666667,北方
太原,2024-01-24,20.545833333333334,29.65416666666667,北方
太原,2024-01-25,18.587500000000002,28.15416666666667,北方
太原,2024-01-26,28.275000000000002,46.487500000000004,北方
太原,2024-01-27,24.295833333333334,39.483333333333334,北方
太原,2024-01-28,29.099999999999998,44.25416666666666,北方
太原,2024-01-29,47.4375,72.0,北方
太原,2024-01-30,80.5625,120.875,北方
太原,2024-01-31,49.166666666666664,77.36666666666666,北方
太原,2024-02-01,34.53333333333333,54.63333333333333,北方
太原,2024-02-02,47.74583333333334,71.65833333333333,北方
太原,2024-02-03,46.17916666666667,69.575,北方
太原,2024-02-04,52.3375,80.52499999999999,北方
太原,2024-02-05,39.079166666666666,57.69166666666666,北方
太原,2024-02-06,15.354166666666666,23.083333333333332,北方
太原,2024-02-07,30.40416666666667,44.9,北方
太原,2024-02-08,27.491666666666664,40.34583333333333,北方
太原,2024-02-09,38.05,63.90833333333333,北方
太原,2024-02-10,31.5625,69.27499999999999,北方
太原,2024-02-11,37.708333333333336,66.52083333333333,北方
太原,2024-02-12,52.145833333333336,82.875,北方
太原,2024-02-13,60.34166666666667,88.90833333333335,北方
太原,2024-02-14,27.983333333333334,52.99583333333334,北方
太原,2024-02-15,20.104166666666668,46.270833333333336,北方
太原,2024-02-16,42.72083333333333,79.54583333333333,北方
太原,2024-02-17,54.675000000000004,86.55833333333334,北方
太原,2024-02-18,40.99166666666667,68.7,北方
太原,2024-02-19,15.6875,30.504166666666666,北方
太原,2024-02-20,19.204166666666666,29.308333333333334,北方
太原,2024-02-21,8.754166666666666,12.674999999999999,北方
太原,2024-02-22,22.254166666666666,32.333333333333336,北方
太原,2024-02-23,29.962500000000002,43.949999999999996,北方
太原,2024-02-24,28.616666666666664,41.7875,北方
太原,2024-02-25,26.370833333333334,42.625,北方
太原,2024-02-26,48.45416666666667,77.98333333333333,北方
太原,2024-02-27,48.050000000000004,72.0625,北方
太原,2024-02-28,50.104166666666664,76.79583333333333,北方
太原,2024-02-29,44.13333333333333,69.52916666666667,北方
太原,2024-03-01,18.45,32.104166666666664,北方
太原,2024-03-02,19.970833333333335,37.86666666666667,北方
太原,2024-03-03,33.329166666666666,51.29583333333333,北方
太原,2024-03-04,46.041666666666664,85.71666666666665,北方
太原,2024-03-05,43.9625,78.42916666666666,北方
太原,2024-03-06,22.96666666666667,40.387499999999996,北方
太原,2024-03-07,24.616666666666664,80.44583333333334,北方
太原,2024-03-08,21.679166666666664,32.291666666666664,北方
太原,2024-03-09,38.737500000000004,66.7625,北方
太原,2024-03-10,40.50416666666667,74.19166666666666,北方
太原,2024-03-11,24.025000000000002,61.9,北方
太原,2024-03-12,26.15416666666667,44.35833333333333,北方
太原,2024-03-13,27.695833333333336,48.07083333333333,北方
太原,2024-03-14,31.837500000000002,63.71666666666667,北方
太原,2024-03-15,58.24166666666667,96.84583333333335,北方
太原,2024-03-16,49.125,181.1916666666667,北方
太原,2024-03-17,21.729166666666668,59.25,北方
太原,2024-03-18,31.21666666666667,112.22916666666667,北方
太原,2024-03-19,18.045833333333334,101.15416666666665,北方
太原,2024-03-20,21.1875,42.70416666666667,北方
太原,2024-03-21,30.641666666666666,48.262499999999996,北方
太原,2024-03-22,24.608333333333334,74.23333333333333,北方
太原,2024-03-23,29.483333333333334,54.775,北方
太原,2024-03-24,16.208333333333332,26.0,北方
太原,2024-03-25,19.383333333333333,50.98333333333333,北方
太原,2024-03-26,38.291666666666664,107.99583333333334,北方
太原,2024-03-27,33.37916666666667,85.35833333333333,北方
太原,2024-03-28,24.616666666666664,87.22083333333335,北方
太原,2024-03-29,25.224999999999998,82.65833333333333,北方
太原,2024-03-30,13.595833333333333,34.53333333333333,北方
太原,2024-03-31,21.724999999999998,45.77916666666667,北方
太原,2024-04-01,41.56666666666667,66.2375,北方
太原,2024-04-02,56.36666666666667,86.83749999999999,北方
太原,2024-04-03,50.97083333333333,89.125,北方
太原,2024-04-04,49.50416666666666,78.74166666666666,北方
太原,2024-04-05,46.59166666666667,77.62083333333332,北方
太原,2024-04-06,26.954166666666666,55.604166666666664,北方
太原,2024-04-07,25.9875,49.85833333333333,北方
太原,2024-04-08,40.208333333333336,73.60000000000001,北方
太原,2024-04-09,58.42083333333333,93.16250000000001,北方
太原,2024-04-10,53.51666666666667,83.49583333333334,北方
太原,2024-04-11,33.71666666666667,57.36666666666667,北方
太原,2024-04-12,27.46666666666667,42.545833333333334,北方
太原,2024-04-13,28.925,42.583333333333336,北方
太原,2024-04-14,30.583333333333332,61.0625,北方
太原,2024-04-15,16.45,33.94166666666667,北方
太原,2024-04-16,18.820833333333333,28.5625,北方
太原,2024-04-17,21.095833333333335,35.108333333333334,北方
太原,2024-04-18,38.4,61.520833333333336,北方
太原,2024-04-19,37.71666666666667,55.612500000000004,北方
太原,2024-04-20,16.716666666666665,24.383333333333336,北方
太原,2024-04-21,28.462500000000002,42.9125,北方
太原,2024-04-22,28.3875,71.875,北方
太原,2024-04-23,12.133333333333333,28.3125,北方
太原,2024-04-24,21.916666666666668,37.737500000000004,北方
太原,2024-04-25,20.479166666666668,42.300000000000004,北方
太原,2024-04-26,25.34583333333333,43.895833333333336,北方
太原,2024-04-27,42.22083333333333,70.70833333333333,北方
太原,2024-04-28,43.69166666666666,64.77083333333333,北方
太原,2024-04-29,28.554166666666664,45.229166666666664,北方
太原,2024-04-30,13.954166666666666,21.6125,北方
太原,2024-05-01,28.15833333333333,43.85,北方
太原,2024-05-02,29.958333333333332,45.04583333333333,北方
太原,2024-05-03,33.21666666666667,48.833333333333336,北方
太原,2024-05-04,24.820833333333336,38.525,北方
太原,2024-05-05,37.354166666666664,55.525,北方
太原,2024-05-06,26.895833333333332,55.05833333333334,北方
太原,2024-05-07,11.416666666666666,18.883333333333333,北方
太原,2024-05-08,33.458333333333336,49.65833333333333,北方
太原,2024-05-09,32.699999999999996,49.475,北方
太原,2024-05-10,23.045833333333334,43.37916666666666,北方
太原,2024-05-11,13.208333333333334,44.4375,北方
太原,2024-05-12,11.0375,29.712500000000002,北方
太原,2024-05-13,18.954166666666666,31.266666666666666,北方
太原,2024-05-14,16.875,26.379166666666666,北方
太原,2024-05-15,10.141666666666667,18.058333333333334,北方
太原,2024-05-16,25.229166666666668,42.525,北方
太原,2024-05-17,21.354166666666668,53.525,北方
太原,2024-05-18,33.61666666666667,56.81666666666666,北方
太原,2024-05-19,45.05833333333334,67.4125,北方
太原,2024-05-20,32.18333333333333,48.30416666666667,北方
太原,2024-05-21,43.49166666666667,71.55833333333334,北方
太原,2024-05-22,39.770833333333336,60.375,北方
太原,2024-05-23,33.55833333333333,52.35833333333333,北方
太原,2024-05-24,45.729166666666664,67.29583333333333,北方
太原,2024-05-25,24.65416666666667,35.6625,北方
太原,2024-05-26,15.424999999999999,28.320833333333336,北方
太原,2024-05-27,13.804166666666667,22.291666666666668,北方
太原,2024-05-28,31.883333333333336,47.84166666666667,北方
太原,2024-05-29,28.21666666666667,41.47083333333333,北方
太原,2024-05-30,18.316666666666666,48.20416666666667,北方
太原,2024-05-31,10.6,26.608333333333334,北方
太原,2024-06-01,20.691666666666666,36.125,北方
太原,2024-06-02,22.979166666666668,42.59166666666667,北方
太原,2024-06-03,27.979166666666668,47.395833333333336,北方
太原,2024-06-04,38.9125,60.520833333333336,北方
太原,2024-06-05,45.25833333333333,68.30416666666666,北方
太原,2024-06-06,41.225,61.050000000000004,北方
太原,2024-06-07,20.733333333333334,31.1875,北方
太原,2024-06-08,14.454166666666666,31.204166666666666,北方
太原,2024-06-09,14.225,29.8875,北方
太原,2024-06-10,27.745833333333334,47.63333333333333,北方
太原,2024-06-11,26.27916666666667,53.49166666666667,北方
太原,2024-06-12,20.645833333333332,45.0,北方
太原,2024-06-13,29.645833333333332,54.99166666666667,北方
太原,2024-06-14,15.133333333333333,36.65,北方
太原,2024-06-15,15.983333333333334,27.120833333333334,北方
太原,2024-06-16,45.19166666666666,72.43333333333334,北方
太原,2024-06-17,52.07916666666667,78.375,北方
太原,2024-06-18,44.0,66.6375,北方
太原,2024-06-19,35.59583333333334,53.50833333333333,北方
太原,2024-06-20,34.987500000000004,52.0375,北方
太原,2024-06-21,30.662499999999998,59.4625,北方
太原,2024-06-22,20.545833333333334,60.175000000000004,北方
太原,2024-06-23,20.224999999999998,64.8875,北方
太原,2024-06-24,12.9125,19.416666666666668,北方
太原,2024-06-25,28.795833333333334,45.90833333333333,北方
太原,2024-06-26,46.15,73.70833333333333,北方
太原,2024-06-27,45.725,70.27083333333333,北方
太原,2024-06-28,40.579166666666666,60.99583333333334,北方
太原,2024-06-29,25.8125,40.270833333333336,北方
太原,2024-06-30,19.183333333333334,50.55833333333334,北方
太原,2024-07-01,34.766666666666666,57.050000000000004,北方
太原,2024-07-02,20.95416666666667,31.120833333333334,北方
太原,2024-07-03,36.6,56.01666666666667,北方
太原,2024-07-04,30.141666666666666,44.5875,北方
太原,2024-07-05,61.729166666666664,89.325,北方
太原,2024-07-06,24.366666666666664,39.37083333333333,北方
太原,2024-07-07,28.45,46.8375,北方
太原,2024-07-08,32.333333333333336,48.20416666666667,北方
太原,2024-07-09,40.00833333333333,58.512499999999996,北方
太原,2024-07-10,36.875,53.84166666666667,北方
太原,2024-07-11,39.68333333333333,58.17916666666667,北方
太原,2024-07-12,37.82083333333333,59.645833333333336,北方
太原,2024-07-13,39.97083333333333,61.354166666666664,北方
太原,2024-07-14,40.40416666666667,60.43333333333334,北方
太原,2024-07-15,79.42916666666666,116.74583333333334,北方
太原,2024-07-16,41.5625,61.645833333333336,北方
太原,2024-07-17,25.25,37.324999999999996,北方
太原,2024-07-18,25.375,39.512499999999996,北方
太原,2024-07-19,32.93333333333333,48.425000000000004,北方
太原,2024-07-20,25.575,37.49583333333333,北方
太原,2024-07-21,27.525000000000002,40.00416666666667,北方
太原,2024-07-22,30.59166666666667,54.22083333333333,北方
太原,2024-07-23,45.85,75.17916666666666,北方
太原,2024-07-24,39.295833333333334,59.29583333333333,北方
太原,2024-07-25,22.979166666666668,34.012499999999996,北方
太原,2024-07-26,28.90833333333333,45.425000000000004,北方
太原,2024-07-27,32.74166666666667,53.395833333333336,北方
太原,2024-07-28,46.550000000000004,72.48333333333333,北方
太原,2024-07-29,36.975,59.78333333333333,北方
太原,2024-07-30,24.425,35.108333333333334,北方
太原,2024-07-31,23.675,35.65416666666667,北方
太原,2024-08-01,21.625,33.920833333333334,北方
太原,2024-08-02,36.8125,54.012499999999996,北方
太原,2024-08-03,33.59583333333333,49.425000000000004,北方
太原,2024-08-04,22.808333333333334,38.395833333333336,北方
太原,2024-08-05,16.9375,33.025,北方
太原,2024-08-06,33.541666666666664,53.13333333333333,北方
太原,2024-08-07,30.304166666666664,44.78333333333333,北方
太原,2024-08-08,17.787499999999998,25.474999999999998,北方
太原,2024-08-09,22.1125,32.975,北方
太原,2024-08-10,17.7375,30.983333333333334,北方
太原,2024-08-11,10.762500000000001,17.3625,北方
太原,2024-08-12,10.445833333333333,15.045833333333334,北方
太原,2024-08-13,23.425,33.475,北方
太原,2024-08-14,26.462500000000002,37.99583333333333,北方
太原,2024-08-15,40.74166666666667,59.3125,北方
太原,2024-08-16,41.6,60.6625,北方
太原,2024-08-17,41.916666666666664,60.74166666666667,北方
太原,2024-08-18,34.9625,51.44166666666666,北方
太原,2024-08-19,17.1875,28.84166666666667,北方
太原,2024-08-20,31.020833333333332,47.15833333333333,北方
太原,2024-08-21,24.758333333333336,38.42916666666667,北方
太原,2024-08-22,23.77916666666667,37.1625,北方
太原,2024-08-23,31.833333333333332,48.4125,北方
太原,2024-08-24,41.56666666666667,61.7125,北方
太原,2024-08-25,39.045833333333334,56.775,北方
太原,2024-08-26,9.566666666666666,13.570833333333333,北方
太原,2024-08-27,12.783333333333333,18.158333333333335,北方
太原,2024-08-28,19.104166666666668,27.308333333333334,北方
太原,2024-08-29,27.233333333333334,38.983333333333334,北方
太原,2024-08-30,23.5125,33.86666666666667,北方
太原,2024-08-31,33.237500000000004,48.14166666666667,北方
太原,2024-09-01,21.3,37.94583333333333,北方
太原,2024-09-02,22.058333333333334,32.93333333333333,北方
太原,2024-09-03,27.183333333333334,39.483333333333334,北方
太原,2024-09-04,28.962500000000002,41.637499999999996,北方
太原,2024-09-05,11.083333333333334,16.579166666666666,北方
太原,2024-09-06,21.691666666666666,31.275000000000002,北方
太原,2024-09-07,30.9875,44.46666666666667,北方
太原,2024-09-08,33.983333333333334,48.84166666666667,北方
太原,2024-09-09,24.599999999999998,35.916666666666664,北方
太原,2024-09-10,20.983333333333334,35.50416666666667,北方
太原,2024-09-11,17.404166666666665,29.270833333333332,北方
太原,2024-09-12,16.337500000000002,23.491666666666664,北方
太原,2024-09-13,23.958333333333332,34.375,北方
太原,2024-09-14,11.991666666666667,17.195833333333333,北方
太原,2024-09-15,22.304166666666664,32.079166666666666,北方
太原,2024-09-16,36.079166666666666,51.6,北方
太原,2024-09-17,46.1,65.9875,北方
太原,2024-09-18,36.645833333333336,52.9625,北方
太原,2024-09-19,28.808333333333334,41.46666666666667,北方
太原,2024-09-20,24.175,34.625,北方
太原,2024-09-21,9.5,13.525,北方
太原,2024-09-22,20.354166666666668,30.358333333333334,北方
太原,2024-09-23,40.983333333333334,59.104166666666664,北方
太原,2024-09-24,40.358333333333334,57.96666666666667,北方
太原,2024-09-25,21.40416666666667,36.62083333333333,北方
太原,2024-09-26,70.8625,104.95833333333333,北方
太原,2024-09-27,66.3,97.5125,北方
太原,2024-09-28,49.0625,72.05416666666666,北方
太原,2024-09-29,23.8125,34.645833333333336,北方
太原,2024-09-30,6.333333333333333,11.924999999999999,北方
太原,2024-10-01,12.304166666666667,32.3375,北方
太原,2024-10-02,15.791666666666666,27.558333333333334,北方
太原,2024-10-03,25.974999999999998,39.637499999999996,北方
太原,2024-10-04,43.1625,61.925000000000004,北方
太原,2024-10-05,49.86666666666667,71.94166666666666,北方
太原,2024-10-06,51.20416666666667,76.70416666666667,北方
太原,2024-10-07,28.483333333333334,48.54583333333333,北方
太原,2024-10-08,24.741666666666664,37.391666666666666,北方
太原,2024-10-09,24.912499999999998,45.3125,北方
太原,2024-10-10,15.383333333333333,26.770833333333332,北方
太原,2024-10-11,27.3875,43.72083333333333,北方
太原,2024-10-12,33.35,51.520833333333336,北方
太原,2024-10-13,59.67083333333333,89.92916666666667,北方
太原,2024-10-14,45.24166666666667,67.39166666666667,北方
太原,2024-10-15,32.354166666666664,52.73333333333333,北方
太原,2024-10-16,49.28333333333333,75.5,北方
太原,2024-10-17,43.262499999999996,63.11666666666667,北方
太原,2024-10-18,10.6,15.266666666666666,北方
太原,2024-10-19,14.058333333333332,20.195833333333333,北方
太原,2024-10-20,25.166666666666668,36.0,北方
太原,2024-10-21,44.70416666666667,65.65833333333333,北方
太原,2024-10-22,11.424999999999999,20.441666666666666,北方
太原,2024-10-23,28.808333333333334,42.57083333333333,北方
太原,2024-10-24,24.733333333333334,35.53333333333333,北方
太原,2024-10-25,43.02916666666667,61.5375,北方
太原,2024-10-26,30.041666666666668,45.0625,北方
太原,2024-10-27,14.670833333333333,23.5125,北方
太原,2024-10-28,23.379166666666666,35.62916666666667,北方
太原,2024-10-29,35.62083333333333,54.25,北方
太原,2024-10-30,56.64166666666667,83.81666666666666,北方
太原,2024-10-31,52.775,76.66250000000001,北方
太原,2024-11-01,35.324999999999996,52.9,北方
太原,2024-11-02,42.74583333333334,62.4,北方
太原,2024-11-03,18.308333333333334,27.641666666666666,北方
太原,2024-11-04,13.504166666666668,21.741666666666664,北方
太原,2024-11-05,15.841666666666667,24.52916666666667,北方
太原,2024-11-06,34.579166666666666,50.95416666666666,北方
太原,2024-11-07,68.84166666666667,99.99583333333334,北方
太原,2024-11-08,61.67083333333333,89.63333333333333,北方
太原,2024-11-09,61.395833333333336,89.06666666666666,北方
太原,2024-11-10,50.17083333333333,74.05,北方
太原,2024-11-11,73.15416666666667,110.15833333333335,北方
太原,2024-11-12,50.64166666666667,71.35000000000001,北方
太原,2024-11-13,56.30416666666667,57.6875,北方
太原,2024-11-14,36.833333333333336,37.25,北方
太原,2024-11-15,52.80416666666667,53.49583333333334,北方
太原,2024-11-16,23.570833333333336,63.395833333333336,北方
太原,2024-11-17,33.375,59.51666666666667,北方
太原,2024-11-18,54.49166666666667,72.41250000000001,北方
太原,2024-11-19,25.5125,26.7375,北方
太原,2024-11-20,26.825,32.67916666666667,北方
太原,2024-11-21,30.400000000000002,36.775,北方
太原,2024-11-22,38.88333333333333,42.13333333333333,北方
太原,2024-11-23,80.59166666666667,84.72916666666667,北方
太原,2024-11-24,105.21666666666665,108.90833333333335,北方
太原,2024-11-25,22.1375,136.82916666666668,北方
太原,2024-11-26,9.9125,30.566666666666666,北方
太原,2024-11-27,9.741666666666667,26.587500000000002,北方
太原,2024-11-28,6.633333333333333,10.716666666666667,北方
太原,2024-11-29,22.820833333333336,47.4,北方
太原,2024-11-30,27.354166666666668,32.1625,北方
太原,2024-12-01,19.495833333333334,28.34166666666667,北方
太原,2024-12-02,28.979166666666668,45.70416666666667,北方
太原,2024-12-03,24.304166666666664,25.254166666666666,北方
太原,2024-12-04,18.4375,21.0,北方
太原,2024-12-05,13.6875,14.475,北方
太原,2024-12-06,18.620833333333334,19.833333333333332,北方
太原,2024-12-07,15.158333333333333,16.095833333333335,北方
太原,2024-12-08,34.708333333333336,35.362500000000004,北方
太原,2024-12-09,45.12916666666666,45.9625,北方
太原,2024-12-10,47.520833333333336,48.7875,北方
太原,2024-12-11,64.04583333333333,65.30833333333334,北方
太原,2024-12-12,33.525,35.5,北方
太原,2024-12-13,15.808333333333332,56.27916666666667,北方
太原,2024-12-14,14.25,15.674999999999999,北方
太原,2024-12-15,16.325,16.854166666666668,北方
太原,2024-12-16,29.708333333333332,30.270833333333332,北方
太原,2024-12-17,16.662499999999998,16.941666666666666,北方
太原,2024-12-18,24.21666666666667,24.8125,北方
太原,2024-12-19,61.475,62.44166666666666,北方
太原,2024-12-20,23.120833333333334,26.041666666666668,北方
太原,2024-12-21,19.129166666666666,21.083333333333332,北方
太原,2024-12-22,41.62083333333333,42.18333333333333,北方
太原,2024-12-23,48.21666666666667,49.012499999999996,北方
太原,2024-12-24,51.94166666666666,53.00833333333333,北方
太原,2024-12-25,27.066666666666666,27.954166666666666,北方
太原,2024-12-26,23.72083333333333,25.104166666666668,北方
太原,2024-12-27,9.225,12.220833333333333,北方
太原,2024-12-28,23.733333333333334,24.087500000000002,北方
太原,2024-12-29,26.295833333333334,26.929166666666664,北方
太原,2024-12-30,21.229166666666668,26.224999999999998,北方
太原,2024-12-31,41.18333333333333,42.99583333333334,北方
广州,2022-08-04,33.26875,47.775,南方
广州,2022-08-05,21.083333333333332,30.679166666666664,南方
广州,2022-08-06,31.40833333333333,46.57916666666667,南方
广州,2022-08-07,45.5375,67.45416666666667,南方
广州,2022-08-08,23.45,34.99583333333333,南方
广州,2022-08-09,18.708333333333332,27.104166666666668,南方
广州,2022-08-10,10.270833333333334,15.295833333333334,南方
广州,2022-08-11,16.195833333333333,23.9875,南方
广州,2022-08-12,27.916666666666668,40.729166666666664,南方
广州,2022-08-13,35.49166666666667,51.800000000000004,南方
广州,2022-08-14,39.96666666666667,57.55833333333334,南方
广州,2022-08-15,48.0,69.10833333333333,南方
广州,2022-08-16,46.729166666666664,68.11666666666666,南方
广州,2022-08-17,37.208333333333336,54.074999999999996,南方
广州,2022-08-18,33.82083333333333,49.387499999999996,南方
广州,2022-08-19,33.170833333333334,48.175000000000004,南方
广州,2022-08-20,15.691666666666668,23.629166666666666,南方
广州,2022-08-21,20.1375,30.291666666666668,南方
广州,2022-08-22,42.25416666666667,62.45416666666667,南方
广州,2022-08-23,47.19583333333333,68.32083333333334,南方
广州,2022-08-24,47.20416666666667,68.10416666666667,南方
广州,2022-08-25,12.920833333333334,20.020833333333332,南方
广州,2022-08-26,21.158333333333335,31.45,南方
广州,2022-08-27,50.0875,73.02083333333333,南方
广州,2022-08-28,63.09583333333333,91.59166666666665,南方
广州,2022-08-29,57.333333333333336,86.20416666666667,南方
广州,2022-08-30,59.00833333333333,86.25833333333333,南方
广州,2022-08-31,39.37083333333333,56.425000000000004,南方
广州,2022-09-01,43.30416666666667,61.80416666666667,南方
广州,2022-09-02,36.22083333333333,51.71666666666667,南方
广州,2022-09-03,33.854166666666664,48.979166666666664,南方
广州,2022-09-04,26.22083333333333,38.35,南方
广州,2022-09-05,52.74583333333334,75.69583333333334,南方
广州,2022-09-06,64.27499999999999,92.35000000000001,南方
广州,2022-09-07,36.28333333333333,53.99583333333334,南方
广州,2022-09-08,36.045833333333334,52.975,南方
广州,2022-09-09,43.4125,62.88333333333333,南方
广州,2022-09-10,70.25833333333334,101.075,南方
广州,2022-09-11,72.175,104.9875,南方
广州,2022-09-12,49.5625,71.33333333333333,南方
广州,2022-09-13,57.90416666666667,83.14166666666667,南方
广州,2022-09-14,56.916666666666664,81.95416666666667,南方
广州,2022-09-15,69.76666666666667,100.30416666666667,南方
广州,2022-09-16,65.79583333333333,94.48333333333333,南方
广州,2022-09-17,62.512499999999996,89.74166666666667,南方
广州,2022-09-18,57.275,82.21666666666667,南方
广州,2022-09-19,57.8125,82.85000000000001,南方
广州,2022-09-20,74.8125,108.91666666666667,南方
广州,2022-09-21,49.18333333333334,76.57916666666667,南方
广州,2022-09-22,67.23333333333333,103.00416666666666,南方
广州,2022-09-23,57.38333333333333,83.14583333333333,南方
广州,2022-09-24,70.72916666666667,102.72916666666667,南方
广州,2022-09-25,86.45833333333333,125.47500000000001,南方
广州,2022-09-26,93.54583333333333,135.22916666666666,南方
广州,2022-09-27,51.479166666666664,75.28333333333333,南方
广州,2022-09-28,36.65833333333333,55.00416666666666,南方
广州,2022-09-29,33.15416666666667,49.82916666666667,南方
广州,2022-09-30,24.295833333333334,36.954166666666666,南方
广州,2022-10-01,24.370833333333334,36.85,南方
广州,2022-10-02,32.3125,49.025,南方
广州,2022-10-03,47.21666666666667,70.35833333333333,南方
广州,2022-10-04,76.96666666666667,112.71666666666665,南方
广州,2022-10-05,61.3125,89.63333333333333,南方
广州,2022-10-06,44.82083333333333,67.82916666666667,南方
广州,2022-10-07,43.64166666666667,63.44583333333333,南方
广州,2022-10-08,34.75833333333333,49.90416666666667,南方
广州,2022-10-09,31.8,45.70416666666667,南方
广州,2022-10-10,23.054166666666664,33.32083333333333,南方
广州,2022-10-11,31.700000000000003,45.32083333333333,南方
广州,2022-10-12,38.733333333333334,55.362500000000004,南方
广州,2022-10-13,33.65833333333333,49.0,南方
广州,2022-10-14,33.56666666666667,49.699999999999996,南方
广州,2022-10-15,32.083333333333336,48.050000000000004,南方
广州,2022-10-16,28.34583333333333,42.35,南方
广州,2022-10-17,22.570833333333336,33.84166666666667,南方
广州,2022-10-18,28.145833333333332,42.99583333333334,南方
广州,2022-10-19,28.870833333333334,41.86666666666667,南方
广州,2022-10-20,47.00833333333333,68.65833333333333,南方
广州,2022-10-21,74.8875,110.90416666666665,南方
广州,2022-10-22,84.84583333333333,123.08749999999999,南方
广州,2022-10-23,74.68333333333334,107.83749999999999,南方
广州,2022-10-24,53.362500000000004,78.47916666666667,南方
广州,2022-10-25,45.583333333333336,73.75833333333334,南方
广州,2022-10-26,45.55833333333334,70.53750000000001,南方
广州,2022-10-27,52.8125,80.46249999999999,南方
广州,2022-10-28,44.020833333333336,64.6375,南方
广州,2022-10-29,22.370833333333334,32.708333333333336,南方
广州,2022-10-30,22.616666666666664,33.75833333333333,南方
广州,2022-10-31,24.608333333333334,36.94166666666667,南方
广州,2022-11-01,17.608333333333334,26.795833333333334,南方
广州,2022-11-02,19.133333333333333,28.22083333333333,南方
广州,2022-11-03,20.008333333333333,28.849999999999998,南方
广州,2022-11-04,24.295833333333334,34.770833333333336,南方
广州,2022-11-05,23.837500000000002,34.324999999999996,南方
广州,2022-11-06,30.958333333333332,44.62916666666666,南方
广州,2022-11-07,36.583333333333336,52.520833333333336,南方
广州,2022-11-08,44.416666666666664,64.0,南方
广州,2022-11-09,60.737500000000004,87.91250000000001,南方
广州,2022-11-10,82.85833333333333,119.46666666666665,南方
广州,2022-11-11,81.91666666666667,118.03750000000001,南方
广州,2022-11-12,76.5125,109.74166666666667,南方
广州,2022-11-13,81.05416666666666,116.01666666666667,南方
广州,2022-11-14,61.229166666666664,87.825,南方
广州,2022-11-15,54.59583333333333,78.97916666666667,南方
广州,2022-11-16,63.362500000000004,92.8,南方
广州,2022-11-17,41.35,61.03333333333333,南方
广州,2022-11-18,41.21666666666667,59.87083333333334,南方
广州,2022-11-19,43.70416666666667,63.56666666666666,南方
广州,2022-11-20,35.40833333333333,50.75,南方
广州,2022-11-21,51.28333333333333,74.37916666666666,南方
广州,2022-11-22,40.204166666666666,60.28333333333333,南方
广州,2022-11-23,21.3875,30.691666666666666,南方
广州,2022-11-24,23.141666666666666,33.06666666666667,南方
广州,2022-11-25,33.78333333333333,48.25833333333333,南方
广州,2022-11-26,35.88333333333333,51.26666666666667,南方
广州,2022-11-27,26.008333333333336,39.40833333333333,南方
广州,2022-11-28,17.954166666666666,26.370833333333334,南方
广州,2022-11-29,30.066666666666666,43.9,南方
广州,2022-11-30,16.183333333333334,23.191666666666666,南方
广州,2022-12-01,14.608333333333334,20.95416666666667,南方
广州,2022-12-02,15.779166666666667,22.575,南方
广州,2022-12-03,22.679166666666664,32.479166666666664,南方
广州,2022-12-04,20.575,29.458333333333332,南方
广州,2022-12-05,17.483333333333334,24.983333333333334,南方
广州,2022-12-06,21.641666666666666,30.920833333333334,南方
广州,2022-12-07,29.645833333333332,42.34583333333333,南方
广州,2022-12-08,35.40833333333333,50.65,南方
广州,2022-12-09,33.516666666666666,47.94166666666666,南方
广州,2022-12-10,31.97083333333333,45.8125,南方
广州,2022-12-11,29.4875,42.295833333333334,南方
广州,2022-12-12,28.958333333333332,41.40416666666667,南方
广州,2022-12-13,31.395833333333332,45.12083333333334,南方
广州,2022-12-14,0.7291666666666666,1.0416666666666667,南方
广州,2022-12-15,0.6416666666666667,0.9333333333333332,南方
广州,2022-12-16,23.8125,34.025,南方
广州,2022-12-17,20.962500000000002,30.099999999999998,南方
广州,2022-12-18,18.954166666666666,27.1125,南方
广州,2022-12-19,42.833333333333336,61.2125,南方
广州,2022-12-20,52.55833333333334,75.29166666666667,南方
广州,2022-12-21,36.22083333333333,51.875,南方
广州,2022-12-22,53.31666666666666,76.59583333333333,南方
广州,2022-12-23,39.545833333333334,56.887499999999996,南方
广州,2022-12-24,37.82083333333333,54.275,南方
广州,2022-12-25,47.770833333333336,68.34166666666667,南方
广州,2022-12-26,112.96666666666665,162.34583333333333,南方
广州,2022-12-27,61.67916666666667,88.28333333333335,南方
广州,2022-12-28,40.583333333333336,58.19166666666666,南方
广州,2022-12-29,31.787499999999998,45.72083333333333,南方
广州,2022-12-30,25.820833333333336,36.93333333333333,南方
广州,2022-12-31,30.633333333333336,43.95416666666667,南方
广州,2023-01-01,40.30416666666667,57.75833333333333,南方
广州,2023-01-02,37.19583333333333,53.42083333333333,南方
广州,2023-01-03,31.358333333333334,44.92083333333333,南方
广州,2023-01-04,42.270833333333336,60.72083333333333,南方
广州,2023-01-05,49.49583333333334,71.07916666666667,南方
广州,2023-01-06,39.90416666666667,57.175000000000004,南方
广州,2023-01-07,66.60000000000001,95.29166666666667,南方
广州,2023-01-08,98.71249999999999,142.68333333333334,南方
广州,2023-01-09,52.60833333333333,76.28333333333333,南方
广州,2023-01-10,35.795833333333334,51.15833333333333,南方
广州,2023-01-11,56.21666666666667,80.375,南方
广州,2023-01-12,61.4375,89.47083333333335,南方
广州,2023-01-13,21.412499999999998,31.212500000000002,南方
广州,2023-01-14,25.825,37.55416666666667,南方
广州,2023-01-15,20.058333333333334,28.704166666666666,南方
广州,2023-01-16,20.020833333333332,28.625,南方
广州,2023-01-17,31.433333333333334,44.94583333333333,南方
广州,2023-01-18,41.550000000000004,59.54583333333333,南方
广州,2023-01-19,50.074999999999996,71.72083333333333,南方
广州,2023-01-20,45.59166666666667,65.44583333333334,南方
广州,2023-01-21,48.8125,71.0,南方
广州,2023-01-22,62.541666666666664,92.65833333333335,南方
广州,2023-01-23,39.483333333333334,56.92083333333333,南方
广州,2023-01-24,20.2625,29.212500000000002,南方
广州,2023-01-25,37.5625,54.0625,南方
广州,2023-01-26,49.324999999999996,71.49583333333334,南方
广州,2023-01-27,36.975,53.199999999999996,南方
广州,2023-01-28,35.35,51.637499999999996,南方
广州,2023-01-29,42.07083333333333,60.4125,南方
广州,2023-01-30,55.737500000000004,79.825,南方
广州,2023-01-31,66.55,98.84583333333332,南方
广州,2023-02-01,51.39166666666667,81.72500000000001,南方
广州,2023-02-02,60.99166666666667,93.78333333333335,南方
广州,2023-02-03,71.19166666666666,106.83333333333333,南方
广州,2023-02-04,70.0,101.67083333333333,南方
广州,2023-02-05,40.80833333333333,58.34166666666667,南方
广州,2023-02-06,59.0625,84.90416666666667,南方
广州,2023-02-07,57.362500000000004,82.51666666666667,南方
广州,2023-02-08,43.199999999999996,63.2125,南方
广州,2023-02-09,48.083333333333336,71.825,南方
广州,2023-02-10,67.71249999999999,97.93333333333334,南方
广州,2023-02-11,44.09583333333333,66.39999999999999,南方
广州,2023-02-12,20.516666666666666,31.59583333333333,南方
广州,2023-02-13,23.458333333333332,34.199999999999996,南方
广州,2023-02-14,24.058333333333334,34.416666666666664,南方
广州,2023-02-15,26.679166666666664,38.25833333333333,南方
广州,2023-02-16,44.7125,64.27499999999999,南方
广州,2023-02-17,93.5,134.76666666666668,南方
广州,2023-02-18,101.32916666666667,150.12083333333334,南方
广州,2023-02-19,64.00416666666666,98.54583333333333,南方
广州,2023-02-20,45.84583333333333,65.7625,南方
广州,2023-02-21,56.29583333333333,81.00416666666666,南方
广州,2023-02-22,67.47083333333333,100.39166666666667,南方
广州,2023-02-23,87.55416666666667,127.925,南方
广州,2023-02-24,59.050000000000004,85.08749999999999,南方
广州,2023-02-25,24.708333333333332,35.34166666666666,南方
广州,2023-02-26,42.30416666666667,60.770833333333336,南方
广州,2023-02-27,64.39583333333333,92.85833333333333,南方
广州,2023-02-28,46.15,69.14999999999999,南方
广州,2023-03-01,85.88333333333333,125.3875,南方
广州,2023-03-02,53.8375,77.47916666666667,南方
广州,2023-03-03,90.0125,133.91666666666666,南方
广州,2023-03-04,81.72500000000001,117.72083333333335,南方
广州,2023-03-05,72.7,105.94166666666666,南方
广州,2023-03-06,47.51666666666667,70.3875,南方
广州,2023-03-07,55.40416666666667,81.91666666666667,南方
广州,2023-03-08,53.69166666666666,81.51666666666667,南方
广州,2023-03-09,79.30833333333334,116.12083333333334,南方
广州,2023-03-10,48.42083333333333,72.60000000000001,南方
广州,2023-03-11,41.71666666666667,67.12083333333334,南方
广州,2023-03-12,49.96666666666667,75.27499999999999,南方
广州,2023-03-13,42.97083333333333,62.645833333333336,南方
广州,2023-03-14,54.49583333333334,80.875,南方
广州,2023-03-15,45.37083333333334,69.58333333333333,南方
广州,2023-03-16,53.64166666666667,79.21666666666667,南方
广州,2023-03-17,45.5625,71.10416666666667,南方
广州,2023-03-18,40.766666666666666,60.74166666666667,南方
广州,2023-03-19,27.420833333333334,45.225,南方
广州,2023-03-20,26.912499999999998,43.770833333333336,南方
广州,2023-03-21,21.712500000000002,33.083333333333336,南方
广州,2023-03-22,17.945833333333333,27.40416666666667,南方
广州,2023-03-23,19.083333333333332,28.545833333333334,南方
广州,2023-03-24,21.804166666666664,32.49166666666667,南方
广州,2023-03-25,27.691666666666666,39.920833333333334,南方
广州,2023-03-26,22.2375,31.745833333333334,南方
广州,2023-03-27,28.6875,40.9875,南方
广州,2023-03-28,35.0,50.00833333333333,南方
广州,2023-03-29,38.77916666666667,55.43333333333334,南方
广州,2023-03-30,35.987500000000004,51.395833333333336,南方
广州,2023-03-31,37.824999999999996,54.0875,南方
广州,2023-04-01,34.045833333333334,48.824999999999996,南方
广州,2023-04-02,30.22083333333333,44.86666666666667,南方
广州,2023-04-03,27.741666666666664,44.708333333333336,南方
广州,2023-04-04,18.412499999999998,28.583333333333332,南方
广州,2023-04-05,28.087500000000002,40.97083333333333,南方
广州,2023-04-06,30.412499999999998,43.65,南方
广州,2023-04-07,29.974999999999998,42.8375,南方
广州,2023-04-08,53.875,77.40416666666667,南方
广州,2023-04-09,97.58333333333333,140.48333333333332,南方
广州,2023-04-10,81.69583333333334,122.4875,南方
广州,2023-04-11,38.90416666666667,62.70416666666667,南方
广州,2023-04-12,71.58333333333333,106.90416666666665,南方
广州,2023-04-13,41.387499999999996,65.2375,南方
广州,2023-04-14,60.475,92.22916666666667,南方
广州,2023-04-15,50.94166666666666,73.7625,南方
广州,2023-04-16,53.666666666666664,76.79583333333333,南方
广州,2023-04-17,45.32916666666667,67.29583333333333,南方
广州,2023-04-18,25.695833333333336,38.75,南方
广州,2023-04-19,28.691666666666666,41.829166666666666,南方
广州,2023-04-20,49.208333333333336,70.74583333333332,南方
广州,2023-04-21,24.337500000000002,35.020833333333336,南方
广州,2023-04-22,26.208333333333332,40.17916666666667,南方
广州,2023-04-23,25.0125,38.25416666666667,南方
广州,2023-04-24,33.0375,48.69166666666666,南方
广州,2023-04-25,24.0625,34.375,南方
广州,2023-04-26,33.641666666666666,48.0875,南方
广州,2023-04-27,51.67083333333333,77.53333333333333,南方
广州,2023-04-28,41.045833333333334,67.51666666666667,南方
广州,2023-04-29,35.475,54.05416666666667,南方
广州,2023-04-30,44.07916666666667,62.9,南方
广州,2023-05-01,64.09166666666667,92.7625,南方
广州,2023-05-02,34.604166666666664,56.025,南方
广州,2023-05-03,27.412499999999998,43.67916666666667,南方
广州,2023-05-04,17.995833333333334,27.662499999999998,南方
广州,2023-05-05,17.85,27.520833333333332,南方
广州,2023-05-06,16.304166666666667,25.045833333333334,南方
广州,2023-05-07,21.8875,31.670833333333334,南方
广州,2023-05-08,39.104166666666664,55.916666666666664,南方
广州,2023-05-09,51.25,73.52499999999999,南方
广州,2023-05-10,48.98333333333333,74.31666666666666,南方
广州,2023-05-11,38.983333333333334,57.574999999999996,南方
广州,2023-05-12,38.71666666666667,55.3125,南方
广州,2023-05-13,58.96666666666667,84.25833333333334,南方
广州,2023-05-14,55.5875,79.82083333333334,南方
广州,2023-05-15,65.65416666666667,94.04166666666667,南方
广州,2023-05-16,37.87083333333333,55.9625,南方
广州,2023-05-17,24.09583333333333,36.47083333333333,南方
广州,2023-05-18,52.1,76.8,南方
广州,2023-05-19,50.449999999999996,73.07916666666667,南方
广州,2023-05-20,32.8125,48.512499999999996,南方
广州,2023-05-21,24.183333333333334,36.875,南方
广州,2023-05-22,30.504166666666666,45.21666666666667,南方
广州,2023-05-23,27.52916666666667,39.37916666666667,南方
广州,2023-05-24,28.1125,41.795833333333334,南方
广州,2023-05-25,26.1125,38.99166666666667,南方
广州,2023-05-26,21.962500000000002,33.12083333333333,南方
广州,2023-05-27,27.375,42.725,南方
广州,2023-05-28,35.11666666666667,54.00833333333333,南方
广州,2023-05-29,59.44583333333333,88.37916666666666,南方
广州,2023-05-30,60.15,87.24583333333334,南方
广州,2023-05-31,41.35,59.583333333333336,南方
广州,2023-06-01,81.05416666666666,116.27083333333333,南方
广州,2023-06-02,72.60000000000001,104.2,南方
广州,2023-06-03,40.40833333333333,58.583333333333336,南方
广州,2023-06-04,31.579166666666666,46.59166666666667,南方
广州,2023-06-05,29.133333333333336,44.30416666666667,南方
广州,2023-06-06,29.02916666666667,42.729166666666664,南方
广州,2023-06-07,21.224999999999998,31.258333333333336,南方
广州,2023-06-08,22.804166666666664,33.69583333333333,南方
广州,2023-06-09,25.808333333333334,37.4125,南方
广州,2023-06-10,27.683333333333334,39.7125,南方
广州,2023-06-11,45.87916666666666,65.68333333333334,南方
广州,2023-06-12,48.90833333333333,70.07916666666667,南方
广州,2023-06-13,49.64166666666667,71.23333333333333,南方
广州,2023-06-14,35.75416666666667,51.300000000000004,南方
广州,2023-06-15,41.68333333333333,59.574999999999996,南方
广州,2023-06-16,34.358333333333334,49.175000000000004,南方
广州,2023-06-17,20.304166666666667,30.083333333333332,南方
广州,2023-06-18,18.1875,27.204166666666666,南方
广州,2023-06-19,22.28333333333333,33.72083333333333,南方
广州,2023-06-20,25.233333333333334,38.75,南方
广州,2023-06-21,25.8,38.541666666666664,南方
广州,2023-06-22,28.5125,42.925000000000004,南方
广州,2023-06-23,21.3,30.920833333333334,南方
广州,2023-06-24,22.866666666666664,33.74166666666667,南方
广州,2023-06-25,20.483333333333334,30.445833333333336,南方
广州,2023-06-26,29.474999999999998,43.07916666666667,南方
广州,2023-06-27,30.8875,45.208333333333336,南方
广州,2023-06-28,25.316666666666666,37.329166666666666,南方
广州,2023-06-29,34.375,50.824999999999996,南方
广州,2023-06-30,35.916666666666664,54.03333333333333,南方
广州,2023-07-01,25.84166666666667,39.69583333333333,南方
广州,2023-07-02,26.34583333333333,39.07083333333333,南方
广州,2023-07-03,21.5125,31.804166666666664,南方
广州,2023-07-04,24.625,36.06666666666667,南方
广州,2023-07-05,22.916666666666668,35.03333333333333,南方
广州,2023-07-06,16.583333333333332,25.433333333333334,南方
广州,2023-07-07,15.158333333333333,23.370833333333334,南方
广州,2023-07-08,19.104166666666668,28.808333333333334,南方
广州,2023-07-09,22.349999999999998,33.52916666666667,南方
广州,2023-07-10,21.837500000000002,31.962500000000002,南方
广州,2023-07-11,21.391666666666666,32.12916666666667,南方
广州,2023-07-12,22.400000000000002,34.329166666666666,南方
广州,2023-07-13,29.245833333333334,44.48333333333333,南方
广州,2023-07-14,41.329166666666666,62.30833333333334,南方
广州,2023-07-15,55.4,80.925,南方
广州,2023-07-16,39.608333333333334,57.85833333333333,南方
广州,2023-07-17,11.095833333333333,16.570833333333333,南方
广州,2023-07-18,17.716666666666665,26.458333333333332,南方
广州,2023-07-19,23.245833333333334,34.512499999999996,南方
广州,2023-07-20,30.65833333333333,47.458333333333336,南方
广州,2023-07-21,48.862500000000004,72.37916666666666,南方
广州,2023-07-22,39.733333333333334,58.800000000000004,南方
广州,2023-07-23,35.0,53.166666666666664,南方
广州,2023-07-24,38.512499999999996,56.86666666666667,南方
广州,2023-07-25,50.362500000000004,73.40416666666667,南方
广州,2023-07-26,36.416666666666664,52.44583333333333,南方
广州,2023-07-27,23.645833333333332,34.175000000000004,南方
广州,2023-07-28,26.741666666666664,38.920833333333334,南方
广州,2023-07-29,40.737500000000004,58.987500000000004,南方
广州,2023-07-30,28.745833333333334,43.05416666666667,南方
广州,2023-07-31,34.166666666666664,53.137499999999996,南方
广州,2023-08-01,39.47083333333333,58.9375,南方
广州,2023-08-02,62.52916666666667,91.55833333333334,南方
广州,2023-08-03,64.5625,95.4375,南方
广州,2023-08-04,32.733333333333334,48.65,南方
广州,2023-08-05,32.604166666666664,47.40833333333333,南方
广州,2023-08-06,34.13333333333333,50.35833333333333,南方
广州,2023-08-07,37.199999999999996,54.81666666666666,南方
广州,2023-08-08,39.550000000000004,58.55416666666667,南方
广州,2023-08-09,40.270833333333336,59.22083333333333,南方
广州,2023-08-10,48.166666666666664,69.42083333333333,南方
广州,2023-08-11,56.53333333333333,80.89583333333333,南方
广州,2023-08-12,55.95416666666667,80.1375,南方
广州,2023-08-13,37.766666666666666,54.67083333333333,南方
广州,2023-08-14,39.74166666666667,57.42916666666667,南方
广州,2023-08-15,47.887499999999996,69.85000000000001,南方
广州,2023-08-16,49.6,71.77083333333333,南方
广州,2023-08-17,42.87916666666666,61.525,南方
广州,2023-08-18,52.49166666666667,75.37083333333334,南方
广州,2023-08-19,61.70416666666667,88.27916666666665,南方
广州,2023-08-20,39.7875,57.416666666666664,南方
广州,2023-08-21,35.36666666666667,51.90416666666667,南方
广州,2023-08-22,38.32083333333333,56.8125,南方
广州,2023-08-23,28.104166666666668,40.704166666666666,南方
广州,2023-08-24,27.754166666666666,39.96666666666667,南方
广州,2023-08-25,34.49166666666667,49.762499999999996,南方
广州,2023-08-26,36.824999999999996,53.333333333333336,南方
广州,2023-08-27,29.708333333333332,43.65416666666667,南方
广州,2023-08-28,34.891666666666666,50.85833333333333,南方
广州,2023-08-29,20.245833333333334,28.983333333333334,南方
广州,2023-08-30,25.708333333333332,36.791666666666664,南方
广州,2023-08-31,22.599999999999998,32.72083333333334,南方
广州,2023-09-01,16.179166666666667,23.379166666666666,南方
广州,2023-09-02,21.108333333333334,30.712500000000002,南方
广州,2023-09-03,28.666666666666668,42.5625,南方
广州,2023-09-04,29.3,43.0875,南方
广州,2023-09-05,36.074999999999996,52.916666666666664,南方
广州,2023-09-06,28.587500000000002,41.21666666666667,南方
广州,2023-09-07,29.025000000000002,41.449999999999996,南方
广州,2023-09-08,15.520833333333334,22.270833333333332,南方
广州,2023-09-09,28.7,41.637499999999996,南方
广州,2023-09-10,20.820833333333333,30.27916666666667,南方
广州,2023-09-11,20.325,29.516666666666666,南方
广州,2023-09-12,26.462500000000002,38.47083333333334,南方
广州,2023-09-13,26.59583333333333,38.525,南方
广州,2023-09-14,21.129166666666666,30.46666666666667,南方
广州,2023-09-15,25.925,37.15833333333333,南方
广州,2023-09-16,27.34166666666667,39.475,南方
广州,2023-09-17,38.725,56.43333333333334,南方
广州,2023-09-18,50.24166666666667,73.225,南方
广州,2023-09-19,74.19166666666666,107.11666666666667,南方
广州,2023-09-20,58.520833333333336,84.35416666666667,南方
广州,2023-09-21,65.3625,94.30416666666667,南方
广州,2023-09-22,45.26666666666667,64.94166666666666,南方
广州,2023-09-23,35.108333333333334,50.43333333333334,南方
广州,2023-09-24,31.366666666666664,45.62083333333334,南方
广州,2023-09-25,30.120833333333334,43.72083333333333,南方
广州,2023-09-26,45.387499999999996,66.40416666666667,南方
广州,2023-09-27,51.458333333333336,74.84583333333333,南方
广州,2023-09-28,35.1875,51.03333333333333,南方
广州,2023-09-29,35.6625,52.17916666666667,南方
广州,2023-09-30,57.49166666666667,82.91666666666667,南方
广州,2023-10-01,38.9125,55.70416666666667,南方
广州,2023-10-02,37.6625,54.762499999999996,南方
广州,2023-10-03,67.85416666666667,98.175,南方
广州,2023-10-04,30.45,43.8125,南方
广州,2023-10-05,25.2375,36.358333333333334,南方
广州,2023-10-06,22.8,34.3375,南方
广州,2023-10-07,15.833333333333334,23.599999999999998,南方
广州,2023-10-08,13.5,19.566666666666666,南方
广州,2023-10-09,12.054166666666667,17.349999999999998,南方
广州,2023-10-10,16.6375,23.912499999999998,南方
广州,2023-10-11,23.525000000000002,34.00833333333333,南方
广州,2023-10-12,30.462500000000002,44.06666666666666,南方
广州,2023-10-13,33.920833333333334,50.2125,南方
广州,2023-10-14,41.75833333333333,62.64166666666667,南方
广州,2023-10-15,43.07916666666667,63.86666666666667,南方
广州,2023-10-16,38.770833333333336,56.333333333333336,南方
广州,2023-10-17,42.5875,61.895833333333336,南方
广州,2023-10-18,33.5875,51.60833333333333,南方
广州,2023-10-19,34.0875,51.21666666666667,南方
广州,2023-10-20,16.974999999999998,24.483333333333334,南方
广州,2023-10-21,20.962500000000002,30.724999999999998,南方
广州,2023-10-22,33.625,48.80416666666667,南方
广州,2023-10-23,43.72083333333333,63.291666666666664,南方
广州,2023-10-24,62.479166666666664,89.91250000000001,南方
广州,2023-10-25,102.97083333333335,148.04166666666666,南方
广州,2023-10-26,83.96666666666667,121.69583333333334,南方
广州,2023-10-27,78.35416666666667,113.9375,南方
广州,2023-10-28,39.59583333333333,56.895833333333336,南方
广州,2023-10-29,50.51666666666667,73.03333333333333,南方
广州,2023-10-30,44.05416666666667,63.94583333333333,南方
广州,2023-10-31,43.20416666666667,63.09583333333333,南方
广州,2023-11-01,73.89999999999999,106.89583333333333,南方
广州,2023-11-02,95.17083333333333,137.79999999999998,南方
广州,2023-11-03,112.05,161.98333333333332,南方
广州,2023-11-04,90.26666666666667,130.17916666666667,南方
广州,2023-11-05,55.175000000000004,80.75416666666666,南方
广州,2023-11-06,39.170833333333334,56.74583333333334,南方
广州,2023-11-07,30.8125,44.4125,南方
广州,2023-11-08,46.93333333333334,70.3125,南方
广州,2023-11-09,43.979166666666664,69.31666666666666,南方
广州,2023-11-10,41.858333333333334,62.675000000000004,南方
广州,2023-11-11,17.854166666666668,25.683333333333334,南方
广州,2023-11-12,13.429166666666667,19.295833333333334,南方
广州,2023-11-13,13.9125,20.041666666666668,南方
广州,2023-11-14,24.21666666666667,35.15,南方
广州,2023-11-15,38.137499999999996,55.00416666666666,南方
广州,2023-11-16,23.75,34.862500000000004,南方
广州,2023-11-17,23.2,34.5,南方
广州,2023-11-18,27.808333333333334,40.225,南方
广州,2023-11-19,53.09583333333333,76.17083333333333,南方
广州,2023-11-20,81.34583333333333,116.41250000000001,南方
广州,2023-11-21,94.54583333333333,135.3375,南方
广州,2023-11-22,100.875,146.0875,南方
广州,2023-11-23,108.51666666666667,156.33333333333334,南方
广州,2023-11-24,53.80833333333334,77.30833333333334,南方
广州,2023-11-25,72.64999999999999,109.925,南方
广州,2023-11-26,81.23333333333333,118.53333333333335,南方
广州,2023-11-27,56.57083333333333,82.29166666666667,南方
广州,2023-11-28,61.262499999999996,88.40833333333335,南方
广州,2023-11-29,74.82916666666667,109.46249999999999,南方
广州,2023-11-30,38.391666666666666,56.349999999999994,南方
广州,2023-12-01,27.458333333333332,40.5625,南方
广州,2023-12-02,29.745833333333334,43.54583333333333,南方
广州,2023-12-03,28.983333333333334,41.862500000000004,南方
广州,2023-12-04,29.291666666666668,42.17916666666667,南方
广州,2023-12-05,34.13333333333333,48.82916666666667,南方
广州,2023-12-06,45.4125,65.08333333333333,南方
广州,2023-12-07,58.47083333333333,83.9875,南方
广州,2023-12-08,86.64166666666667,124.5,南方
广州,2023-12-09,64.35833333333333,99.06666666666666,南方
广州,2023-12-10,40.475,60.53333333333333,南方
广州,2023-12-11,72.64166666666667,105.4375,南方
广州,2023-12-12,30.4875,43.7875,南方
广州,2023-12-13,47.80416666666667,70.92083333333333,南方
广州,2023-12-14,38.199999999999996,89.98333333333333,南方
广州,2023-12-15,45.737500000000004,96.97083333333335,南方
广州,2023-12-16,12.041666666666666,17.3,南方
广州,2023-12-17,18.4375,26.570833333333336,南方
广州,2023-12-18,22.383333333333336,32.324999999999996,南方
广州,2023-12-19,12.483333333333334,17.879166666666666,南方
广州,2023-12-20,13.541666666666666,19.358333333333334,南方
广州,2023-12-21,22.3,33.425000000000004,南方
广州,2023-12-22,21.491666666666664,31.379166666666666,南方
广州,2023-12-23,22.329166666666666,32.145833333333336,南方
广州,2023-12-24,22.329166666666666,32.15,南方
广州,2023-12-25,33.28333333333333,48.35,南方
广州,2023-12-26,53.4125,76.99583333333334,南方
广州,2023-12-27,83.17916666666666,119.62916666666666,南方
广州,2023-12-28,109.92083333333333,157.4375,南方
广州,2023-12-29,96.6125,138.15,南方
广州,2023-12-30,105.34583333333335,151.4,南方
广州,2023-12-31,76.8625,110.28750000000001,南方
广州,2024-01-01,70.9375,102.5125,南方
广州,2024-01-02,70.12083333333334,104.93333333333334,南方
广州,2024-01-03,24.045833333333334,35.050000000000004,南方
广州,2024-01-04,53.42916666666667,78.19166666666666,南方
广州,2024-01-05,98.66250000000001,143.59166666666667,南方
广州,2024-01-06,86.6875,125.77916666666665,南方
广州,2024-01-07,44.2125,64.1375,南方
广州,2024-01-08,60.18333333333334,94.62083333333334,南方
广州,2024-01-09,51.64166666666667,79.66666666666667,南方
广州,2024-01-10,27.366666666666664,39.387499999999996,南方
广州,2024-01-11,45.19166666666666,65.85833333333333,南方
广州,2024-01-12,52.27916666666667,75.98333333333333,南方
广州,2024-01-13,93.49583333333334,136.4,南方
广州,2024-01-14,109.825,159.47916666666666,南方
广州,2024-01-15,98.17916666666667,141.94166666666666,南方
广州,2024-01-16,44.512499999999996,66.85000000000001,南方
广州,2024-01-17,57.791666666666664,87.57083333333333,南方
广州,2024-01-18,64.83333333333333,100.06666666666666,南方
广州,2024-01-19,69.21666666666667,101.875,南方
广州,2024-01-20,36.875,53.44166666666667,南方
广州,2024-01-21,16.616666666666667,23.8125,南方
广州,2024-01-22,14.279166666666667,20.708333333333332,南方
广州,2024-01-23,19.2,27.758333333333336,南方
广州,2024-01-24,25.333333333333332,36.541666666666664,南方
广州,2024-01-25,30.53333333333333,44.0,南方
广州,2024-01-26,38.449999999999996,55.6875,南方
广州,2024-01-27,38.49166666666667,55.57083333333333,南方
广州,2024-01-28,40.1,58.12083333333334,南方
广州,2024-01-29,54.25416666666666,78.49166666666666,南方
广州,2024-01-30,79.49583333333334,116.92083333333333,南方
广州,2024-01-31,81.10833333333333,118.825,南方
广州,2024-02-01,40.199999999999996,59.354166666666664,南方
广州,2024-02-02,39.833333333333336,57.9125,南方
广州,2024-02-03,30.849999999999998,46.849999999999994,南方
广州,2024-02-04,32.75833333333333,48.225,南方
广州,2024-02-05,19.408333333333335,27.8125,南方
广州,2024-02-06,30.849999999999998,44.458333333333336,南方
广州,2024-02-07,12.75,18.241666666666667,南方
广州,2024-02-08,12.379166666666668,17.945833333333333,南方
广州,2024-02-09,27.075,39.949999999999996,南方
广州,2024-02-10,42.65416666666667,63.61666666666667,南方
广州,2024-02-11,44.71666666666667,64.8875,南方
广州,2024-02-12,58.31666666666666,84.64999999999999,南方
广州,2024-02-13,48.520833333333336,78.77916666666667,南方
广州,2024-02-14,52.583333333333336,82.99583333333334,南方
广州,2024-02-15,54.9,83.90416666666667,南方
广州,2024-02-16,36.891666666666666,53.56666666666666,南方
广州,2024-02-17,31.133333333333336,50.2875,南方
广州,2024-02-18,20.45,32.920833333333334,南方
广州,2024-02-19,23.02916666666667,34.65,南方
广州,2024-02-20,17.541666666666668,26.129166666666666,南方
广州,2024-02-21,19.808333333333334,30.016666666666666,南方
广州,2024-02-22,21.679166666666664,31.670833333333334,南方
广州,2024-02-23,15.783333333333333,22.858333333333334,南方
广州,2024-02-24,15.387500000000001,22.275000000000002,南方
广州,2024-02-25,14.579166666666666,20.908333333333335,南方
广州,2024-02-26,20.3625,29.224999999999998,南方
广州,2024-02-27,15.045833333333333,21.495833333333334,南方
广州,2024-02-28,18.650000000000002,27.070833333333336,南方
广州,2024-02-29,17.666666666666668,25.525000000000002,南方
广州,2024-03-01,17.404166666666665,25.349999999999998,南方
广州,2024-03-02,29.508333333333336,42.46666666666667,南方
广州,2024-03-03,50.175000000000004,72.70833333333333,南方
广州,2024-03-04,23.4375,37.19166666666667,南方
广州,2024-03-05,22.1875,33.62916666666667,南方
广州,2024-03-06,21.866666666666664,31.45,南方
广州,2024-03-07,26.058333333333334,38.25833333333333,南方
广州,2024-03-08,50.39166666666667,76.175,南方
广州,2024-03-09,75.06666666666668,111.05,南方
广州,2024-03-10,34.583333333333336,49.19166666666666,南方
广州,2024-03-11,32.9,46.99166666666667,南方
广州,2024-03-12,43.94166666666666,63.05833333333334,南方
广州,2024-03-13,60.84583333333333,97.81666666666666,南方
广州,2024-03-14,70.03333333333333,115.40416666666665,南方
广州,2024-03-15,50.70416666666667,75.9875,南方
广州,2024-03-16,41.041666666666664,62.225,南方
广州,2024-03-17,56.9625,84.47916666666667,南方
广州,2024-03-18,61.00416666666666,89.22916666666667,南方
广州,2024-03-19,20.5875,30.016666666666666,南方
广州,2024-03-20,41.579166666666666,65.78333333333333,南方
广州,2024-03-21,50.71666666666667,80.05416666666666,南方
广州,2024-03-22,35.0875,58.6875,南方
广州,2024-03-23,26.2,41.145833333333336,南方
广州,2024-03-24,22.833333333333332,34.645833333333336,南方
广州,2024-03-25,36.5875,53.737500000000004,南方
广州,2024-03-26,43.49583333333334,62.5,南方
广州,2024-03-27,35.9625,54.81666666666666,南方
广州,2024-03-28,37.699999999999996,58.550000000000004,南方
广州,2024-03-29,50.979166666666664,74.425,南方
广州,2024-03-30,45.541666666666664,66.38333333333334,南方
广州,2024-03-31,30.120833333333334,44.01666666666667,南方
广州,2024-04-01,23.0625,34.550000000000004,南方
广州,2024-04-02,22.245833333333334,35.86666666666667,南方
广州,2024-04-03,17.120833333333334,27.099999999999998,南方
广州,2024-04-04,23.4875,35.99583333333333,南方
广州,2024-04-05,25.05,36.666666666666664,南方
广州,2024-04-06,24.766666666666666,36.5,南方
广州,2024-04-07,20.779166666666665,29.983333333333334,南方
广州,2024-04-08,22.8875,32.791666666666664,南方
广州,2024-04-09,36.86666666666667,53.4125,南方
广州,2024-04-10,62.612500000000004,91.53750000000001,南方
广州,2024-04-11,62.03333333333333,98.21249999999999,南方
广州,2024-04-12,45.67916666666667,69.57083333333334,南方
广州,2024-04-13,41.275,61.25833333333333,南方
广州,2024-04-14,29.775000000000002,45.69583333333333,南方
广州,2024-04-15,30.84166666666667,46.67083333333333,南方
广州,2024-04-16,22.179166666666664,33.800000000000004,南方
广州,2024-04-17,21.52916666666667,32.27916666666667,南方
广州,2024-04-18,31.587500000000002,46.19166666666666,南方
广州,2024-04-19,20.491666666666667,32.574999999999996,南方
广州,2024-04-20,22.354166666666668,34.983333333333334,南方
广州,2024-04-21,25.916666666666668,39.512499999999996,南方
广州,2024-04-22,40.5625,60.57916666666667,南方
广州,2024-04-23,30.495833333333334,44.5375,南方
广州,2024-04-24,50.30416666666667,72.95833333333333,南方
广州,2024-04-25,30.820833333333336,45.25,南方
广州,2024-04-26,27.575,40.25416666666667,南方
广州,2024-04-27,26.370833333333334,38.65,南方
广州,2024-04-28,20.154166666666665,29.912499999999998,南方
广州,2024-04-29,17.891666666666666,27.579166666666666,南方
广州,2024-04-30,28.645833333333332,43.54583333333333,南方
广州,2024-05-01,25.445833333333336,36.916666666666664,南方
广州,2024-05-02,30.375,44.18333333333334,南方
广州,2024-05-03,33.041666666666664,49.88333333333333,南方
广州,2024-05-04,25.587500000000002,38.574999999999996,南方
广州,2024-05-05,32.90833333333333,48.0875,南方
广州,2024-05-06,51.449999999999996,74.78333333333333,南方
广州,2024-05-07,40.858333333333334,59.4125,南方
广州,2024-05-08,53.98333333333334,78.75833333333334,南方
广州,2024-05-09,78.46249999999999,116.21249999999999,南方
广州,2024-05-10,55.30833333333334,86.13333333333333,南方
广州,2024-05-11,39.5625,64.28333333333333,南方
广州,2024-05-12,31.883333333333336,47.199999999999996,南方
广州,2024-05-13,32.13333333333333,49.10833333333333,南方
广州,2024-05-14,38.958333333333336,56.699999999999996,南方
广州,2024-05-15,55.9375,83.63333333333334,南方
广州,2024-05-16,66.89999999999999,97.87916666666666,南方
广州,2024-05-17,58.28333333333333,91.74166666666667,南方
广州,2024-05-18,64.71249999999999,97.25,南方
广州,2024-05-19,41.795833333333334,62.333333333333336,南方
广州,2024-05-20,25.441666666666666,36.475,南方
广州,2024-05-21,20.775000000000002,29.670833333333334,南方
广州,2024-05-22,30.270833333333332,43.27916666666667,南方
广州,2024-05-23,43.34583333333333,62.104166666666664,南方
广州,2024-05-24,23.920833333333334,34.449999999999996,南方
广州,2024-05-25,34.37083333333333,49.4125,南方
广州,2024-05-26,27.516666666666666,40.05833333333333,南方
广州,2024-05-27,23.420833333333334,33.954166666666666,南方
广州,2024-05-28,35.30833333333333,50.525,南方
广州,2024-05-29,30.3,45.800000000000004,南方
广州,2024-05-30,35.05416666666667,53.48333333333333,南方
广州,2024-05-31,18.1125,26.791666666666668,南方
广州,2024-06-01,15.716666666666667,22.858333333333334,南方
广州,2024-06-02,34.045833333333334,48.662499999999994,南方
广州,2024-06-03,45.324999999999996,65.45833333333333,南方
广州,2024-06-04,27.333333333333332,41.270833333333336,南方
广州,2024-06-05,26.40833333333333,38.208333333333336,南方
广州,2024-06-06,28.71666666666667,41.12083333333333,南方
广州,2024-06-07,29.15416666666667,41.725,南方
广州,2024-06-08,24.620833333333334,35.608333333333334,南方
广州,2024-06-09,21.9375,31.954166666666666,南方
广州,2024-06-10,24.058333333333334,35.800000000000004,南方
广州,2024-06-11,30.47083333333333,44.94583333333333,南方
广州,2024-06-12,35.7125,51.67916666666667,南方
广州,2024-06-13,31.920833333333334,46.18333333333334,南方
广州,2024-06-14,28.333333333333332,41.020833333333336,南方
广州,2024-06-15,32.275,46.6625,南方
广州,2024-06-16,30.670833333333334,44.82916666666667,南方
广州,2024-06-17,25.583333333333332,38.875,南方
广州,2024-06-18,25.2625,38.791666666666664,南方
广州,2024-06-19,23.945833333333336,37.67916666666667,南方
广州,2024-06-20,21.837500000000002,34.84166666666667,南方
广州,2024-06-21,20.225,31.087500000000002,南方
广州,2024-06-22,23.40416666666667,37.22083333333333,南方
广州,2024-06-23,21.150000000000002,33.4625,南方
广州,2024-06-24,21.1375,32.99583333333333,南方
广州,2024-06-25,22.224999999999998,34.550000000000004,南方
广州,2024-06-26,29.55,44.6625,南方
广州,2024-06-27,32.170833333333334,49.92916666666667,南方
广州,2024-06-28,22.258333333333336,34.25,南方
广州,2024-06-29,18.224999999999998,28.412499999999998,南方
广州,2024-06-30,18.891666666666666,28.775000000000002,南方
广州,2024-07-01,19.412499999999998,29.84583333333333,南方
广州,2024-07-02,23.020833333333332,35.74166666666667,南方
广州,2024-07-03,22.770833333333332,36.079166666666666,南方
广州,2024-07-04,30.5125,45.5875,南方
广州,2024-07-05,39.40416666666667,58.07083333333333,南方
广州,2024-07-06,28.520833333333332,43.65,南方
广州,2024-07-07,22.629166666666666,34.225,南方
广州,2024-07-08,22.858333333333334,36.44166666666667,南方
广州,2024-07-09,24.941666666666666,38.824999999999996,南方
广州,2024-07-10,24.3125,37.65,南方
广州,2024-07-11,22.983333333333334,34.875,南方
广州,2024-07-12,26.791666666666668,40.69583333333333,南方
广州,2024-07-13,24.691666666666666,38.237500000000004,南方
广州,2024-07-14,30.849999999999998,47.300000000000004,南方
广州,2024-07-15,24.758333333333336,38.266666666666666,南方
广州,2024-07-16,21.162499999999998,32.233333333333334,南方
广州,2024-07-17,19.658333333333335,30.833333333333332,南方
广州,2024-07-18,22.854166666666668,35.291666666666664,南方
广州,2024-07-19,25.25,36.725,南方
广州,2024-07-20,26.46666666666667,40.82083333333333,南方
广州,2024-07-21,24.462500000000002,37.987500000000004,南方
广州,2024-07-22,22.729166666666668,35.387499999999996,南方
广州,2024-07-23,31.84166666666667,48.612500000000004,南方
广州,2024-07-24,38.00833333333333,55.75416666666666,南方
广州,2024-07-25,30.241666666666664,44.0,南方
广州,2024-07-26,37.1,53.979166666666664,南方
广州,2024-07-27,37.983333333333334,55.15,南方
广州,2024-07-28,19.766666666666666,29.079166666666666,南方
广州,2024-07-29,17.474999999999998,25.566666666666666,南方
广州,2024-07-30,18.066666666666666,26.3125,南方
广州,2024-07-31,20.508333333333333,29.787499999999998,南方
广州,2024-08-01,24.825,37.454166666666666,南方
广州,2024-08-02,29.583333333333332,45.025,南方
广州,2024-08-03,33.86666666666667,49.8375,南方
广州,2024-08-04,47.49583333333334,69.075,南方
广州,2024-08-05,54.92916666666667,78.80833333333334,南方
广州,2024-08-06,85.23333333333333,122.37916666666666,南方
广州,2024-08-07,78.54583333333333,112.75833333333333,南方
广州,2024-08-08,58.145833333333336,84.04166666666667,南方
广州,2024-08-09,29.4875,43.8375,南方
广州,2024-08-10,31.395833333333332,46.4,南方
广州,2024-08-11,46.979166666666664,68.075,南方
广州,2024-08-12,58.71666666666667,84.29583333333333,南方
广州,2024-08-13,45.32916666666667,64.92083333333333,南方
广州,2024-08-14,49.74166666666667,71.26666666666667,南方
广州,2024-08-15,59.4375,84.95,南方
广州,2024-08-16,44.60833333333333,63.86666666666667,南方
广州,2024-08-17,30.916666666666668,44.229166666666664,南方
广州,2024-08-18,40.395833333333336,57.87916666666666,南方
广州,2024-08-19,36.9125,52.73333333333333,南方
广州,2024-08-20,34.93333333333333,49.958333333333336,南方
广州,2024-08-21,33.170833333333334,47.775,南方
广州,2024-08-22,39.125,57.28333333333333,南方
广州,2024-08-23,54.583333333333336,79.13333333333334,南方
广州,2024-08-24,45.775,66.0,南方
广州,2024-08-25,62.96666666666667,90.10416666666667,南方
广州,2024-08-26,68.77916666666667,98.32916666666667,南方
广州,2024-08-27,48.199999999999996,68.94583333333334,南方
广州,2024-08-28,53.5375,76.64583333333333,南方
广州,2024-08-29,55.23333333333333,79.00833333333334,南方
广州,2024-08-30,52.50416666666666,75.64166666666667,南方
广州,2024-08-31,42.225,62.75,南方
广州,2024-09-01,49.979166666666664,73.2625,南方
广州,2024-09-02,77.65833333333333,112.54166666666667,南方
广州,2024-09-03,53.69166666666666,76.825,南方
广州,2024-09-04,55.18333333333334,79.00416666666666,南方
广州,2024-09-05,43.50416666666666,63.012499999999996,南方
广州,2024-09-06,11.579166666666666,17.270833333333332,南方
广州,2024-09-07,14.5625,21.6875,南方
广州,2024-09-08,23.620833333333334,34.487500000000004,南方
广州,2024-09-09,37.291666666666664,54.42916666666667,南方
广州,2024-09-10,49.699999999999996,71.74583333333334,南方
广州,2024-09-11,80.80416666666666,116.04583333333333,南方
广州,2024-09-12,46.708333333333336,67.28750000000001,南方
广州,2024-09-13,48.32916666666667,69.7375,南方
广州,2024-09-14,41.079166666666666,59.083333333333336,南方
广州,2024-09-15,34.69166666666667,49.94583333333333,南方
广州,2024-09-16,34.104166666666664,49.175000000000004,南方
广州,2024-09-17,32.733333333333334,48.09583333333333,南方
广州,2024-09-18,38.53333333333333,55.583333333333336,南方
广州,2024-09-19,58.4375,84.925,南方
广州,2024-09-20,36.63333333333333,53.17916666666667,南方
广州,2024-09-21,32.295833333333334,46.62916666666666,南方
广州,2024-09-22,14.070833333333333,20.245833333333334,南方
广州,2024-09-23,19.108333333333334,27.875,南方
广州,2024-09-24,25.525000000000002,36.75833333333333,南方
广州,2024-09-25,48.0,69.77499999999999,南方
广州,2024-09-26,82.34166666666667,118.05416666666667,南方
广州,2024-09-27,71.12916666666666,101.9375,南方
广州,2024-09-28,70.50416666666666,100.83333333333333,南方
广州,2024-09-29,57.12916666666666,82.46666666666667,南方
广州,2024-09-30,47.74583333333334,68.60000000000001,南方
广州,2024-10-01,23.379166666666666,34.3125,南方
广州,2024-10-02,20.099999999999998,29.045833333333334,南方
广州,2024-10-03,18.974999999999998,27.395833333333332,南方
广州,2024-10-04,24.508333333333336,35.74583333333333,南方
广州,2024-10-05,40.050000000000004,58.520833333333336,南方
广州,2024-10-06,36.641666666666666,53.725,南方
广州,2024-10-07,34.30416666666667,51.112500000000004,南方
广州,2024-10-08,37.887499999999996,56.020833333333336,南方
广州,2024-10-09,38.72083333333333,56.0875,南方
广州,2024-10-10,38.28333333333333,55.387499999999996,南方
广州,2024-10-11,47.53333333333333,68.52499999999999,南方
广州,2024-10-12,85.32916666666667,123.46666666666665,南方
广州,2024-10-13,91.57083333333333,133.8375,南方
广州,2024-10-14,87.31666666666666,128.01250000000002,南方
广州,2024-10-15,55.824999999999996,81.52499999999999,南方
广州,2024-10-16,36.141666666666666,53.15833333333333,南方
广州,2024-10-17,43.79583333333333,65.8625,南方
广州,2024-10-18,52.137499999999996,78.04166666666667,南方
广州,2024-10-19,45.14166666666667,65.79583333333333,南方
广州,2024-10-20,24.804166666666664,35.775,南方
广州,2024-10-21,26.604166666666668,38.4125,南方
广州,2024-10-22,24.150000000000002,34.891666666666666,南方
广州,2024-10-23,20.4875,29.570833333333336,南方
广州,2024-10-24,20.654166666666665,29.754166666666666,南方
广州,2024-10-25,19.679166666666667,29.329166666666666,南方
广州,2024-10-26,21.941666666666666,33.9125,南方
广州,2024-10-27,17.258333333333333,25.554166666666664,南方
广州,2024-10-28,14.504166666666668,21.025000000000002,南方
广州,2024-10-29,25.516666666666666,38.104166666666664,南方
广州,2024-10-30,39.704166666666666,60.80416666666667,南方
广州,2024-10-31,25.537499999999998,38.208333333333336,南方
广州,2024-11-01,24.679166666666664,36.545833333333334,南方
广州,2024-11-02,32.354166666666664,49.68333333333334,南方
广州,2024-11-03,33.11666666666667,48.9,南方
广州,2024-11-04,30.03333333333333,43.9125,南方
广州,2024-11-05,25.258333333333336,37.97083333333333,南方
广州,2024-11-06,34.90833333333333,55.50833333333333,南方
广州,2024-11-07,22.054166666666664,32.525,南方
广州,2024-11-08,25.170833333333334,36.49166666666667,南方
广州,2024-11-09,25.645833333333332,38.512499999999996,南方
广州,2024-11-10,27.1875,41.487500000000004,南方
广州,2024-11-11,27.65416666666667,40.47083333333334,南方
广州,2024-11-12,36.99583333333333,49.37916666666666,南方
广州,2024-11-13,31.71666666666667,31.8875,南方
广州,2024-11-14,19.895833333333332,20.058333333333334,南方
广州,2024-11-15,38.225,38.65833333333333,南方
广州,2024-11-16,40.958333333333336,41.27916666666666,南方
广州,2024-11-17,35.53333333333333,35.608333333333334,南方
广州,2024-11-18,23.40833333333333,23.458333333333332,南方
广州,2024-11-19,24.53333333333333,24.608333333333334,南方
广州,2024-11-20,29.233333333333334,29.291666666666668,南方
广州,2024-11-21,32.8125,32.858333333333334,南方
广州,2024-11-22,35.90416666666667,35.9125,南方
广州,2024-11-23,51.63333333333333,51.699999999999996,南方
广州,2024-11-24,66.53750000000001,66.76666666666667,南方
广州,2024-11-25,64.50416666666666,65.21666666666667,南方
广州,2024-11-26,14.762500000000001,14.845833333333333,南方
广州,2024-11-27,20.366666666666667,21.158333333333335,南方
广州,2024-11-28,24.304166666666664,24.670833333333334,南方
广州,2024-11-29,36.145833333333336,36.80833333333333,南方
广州,2024-11-30,70.90833333333333,72.15833333333333,南方
广州,2024-12-01,117.29583333333333,119.48333333333333,南方
广州,2024-12-02,138.8375,140.73333333333332,南方
广州,2024-12-03,140.64583333333334,142.61249999999998,南方
广州,2024-12-04,132.85833333333332,134.67083333333332,南方
广州,2024-12-05,97.8625,98.47083333333335,南方
广州,2024-12-06,55.7125,55.824999999999996,南方
广州,2024-12-07,38.983333333333334,39.09166666666667,南方
广州,2024-12-08,31.666666666666668,31.808333333333334,南方
广州,2024-12-09,72.61666666666666,72.82083333333334,南方
广州,2024-12-10,79.80833333333334,80.04583333333333,南方
广州,2024-12-11,69.75833333333334,70.77499999999999,南方
广州,2024-12-12,30.066666666666666,30.083333333333332,南方
广州,2024-12-13,27.45,27.4875,南方
广州,2024-12-14,50.262499999999996,50.7125,南方
广州,2024-12-15,31.224999999999998,31.454166666666666,南方
广州,2024-12-16,55.37083333333334,55.862500000000004,南方
广州,2024-12-17,80.44166666666666,81.42916666666666,南方
广州,2024-12-18,25.416666666666668,25.545833333333334,南方
广州,2024-12-19,48.637499999999996,48.699999999999996,南方
广州,2024-12-20,53.0375,53.75833333333333,南方
广州,2024-12-21,48.362500000000004,49.00416666666666,南方
广州,2024-12-22,45.199999999999996,45.4125,南方
广州,2024-12-23,56.52916666666667,57.020833333333336,南方
广州,2024-12-24,47.729166666666664,48.041666666666664,南方
广州,2024-12-25,53.7125,54.020833333333336,南方
广州,2024-12-26,63.225,63.675000000000004,南方
广州,2024-12-27,60.84166666666667,61.050000000000004,南方
广州,2024-12-28,58.93333333333334,59.4,南方
广州,2024-12-29,78.25416666666666,78.83749999999999,南方
广州,2024-12-30,122.22916666666667,122.54583333333333,南方
广州,2024-12-31,71.55416666666666,71.77083333333333,南方
成都,2022-08-04,48.81875,69.7625,南方
成都,2022-08-05,56.11666666666667,80.20833333333333,南方
成都,2022-08-06,62.775,89.7375,南方
成都,2022-08-07,81.53750000000001,116.45416666666667,南方
成都,2022-08-08,83.41250000000001,119.16666666666667,南方
成都,2022-08-09,79.875,114.15416666666665,南方
成都,2022-08-10,66.7625,95.42916666666667,南方
成都,2022-08-11,104.95833333333333,150.15416666666667,南方
成都,2022-08-12,89.46666666666665,128.04999999999998,南方
成都,2022-08-13,92.16250000000001,131.8375,南方
成都,2022-08-14,84.40416666666667,120.66250000000001,南方
成都,2022-08-15,52.35833333333333,76.17916666666666,南方
成都,2022-08-16,63.0625,91.52083333333333,南方
成都,2022-08-17,67.96249999999999,97.16250000000001,南方
成都,2022-08-18,79.7,113.90416666666665,南方
成都,2022-08-19,69.02499999999999,98.79583333333333,南方
成都,2022-08-20,72.68333333333334,103.95833333333333,南方
成都,2022-08-21,70.1375,100.22916666666667,南方
成都,2022-08-22,73.75416666666666,105.47083333333335,南方
成都,2022-08-23,70.77083333333333,101.16666666666667,南方
成都,2022-08-24,64.09166666666667,91.65416666666665,南方
成都,2022-08-25,39.208333333333336,56.074999999999996,南方
成都,2022-08-26,42.27916666666667,60.458333333333336,南方
成都,2022-08-27,50.208333333333336,71.76666666666667,南方
成都,2022-08-28,28.141666666666666,40.19166666666667,南方
成都,2022-08-29,23.620833333333334,34.145833333333336,南方
成都,2022-08-30,32.69583333333333,47.4125,南方
成都,2022-08-31,29.804166666666664,43.104166666666664,南方
成都,2022-09-01,55.137499999999996,81.00833333333334,南方
成都,2022-09-02,76.2375,111.18333333333334,南方
成都,2022-09-03,31.195833333333336,44.637499999999996,南方
成都,2022-09-04,51.699999999999996,75.3,南方
成都,2022-09-05,56.27916666666667,88.75,南方
成都,2022-09-06,94.96666666666665,144.24583333333334,南方
成都,2022-09-07,77.875,116.4875,南方
成都,2022-09-08,52.475,76.47916666666667,南方
成都,2022-09-09,67.44583333333334,97.97083333333335,南方
成都,2022-09-10,62.24583333333334,89.7,南方
成都,2022-09-11,105.82083333333333,151.87083333333334,南方
成都,2022-09-12,113.46249999999999,162.59166666666667,南方
成都,2022-09-13,62.81666666666666,89.89583333333333,南方
成都,2022-09-14,30.429166666666664,43.449999999999996,南方
成都,2022-09-15,42.90833333333333,61.35,南方
成都,2022-09-16,67.58333333333333,96.69583333333333,南方
成都,2022-09-17,69.45416666666667,99.35833333333333,南方
成都,2022-09-18,61.958333333333336,88.55416666666667,南方
成都,2022-09-19,44.14166666666667,63.05416666666667,南方
成都,2022-09-20,33.65416666666667,48.074999999999996,南方
成都,2022-09-21,44.02916666666667,62.98333333333333,南方
成都,2022-09-22,54.375,78.52916666666667,南方
成都,2022-09-23,35.704166666666666,53.92916666666667,南方
成都,2022-09-24,48.30416666666667,71.61666666666666,南方
成都,2022-09-25,60.98333333333333,87.3125,南方
成都,2022-09-26,69.06666666666666,98.69583333333333,南方
成都,2022-09-27,43.92916666666667,62.77916666666667,南方
成都,2022-09-28,44.94583333333333,64.37083333333334,南方
成都,2022-09-29,64.14999999999999,91.64583333333333,南方
成都,2022-09-30,69.00833333333334,98.69166666666666,南方
成都,2022-10-01,70.08749999999999,100.21666666666665,南方
成都,2022-10-02,84.60833333333333,120.94583333333333,南方
成都,2022-10-03,30.895833333333332,44.44583333333333,南方
成都,2022-10-04,41.90416666666667,60.63333333333333,南方
成都,2022-10-05,28.245833333333334,40.233333333333334,南方
成都,2022-10-06,30.025000000000002,42.82083333333333,南方
成都,2022-10-07,34.34583333333333,49.2125,南方
成都,2022-10-08,27.979166666666668,39.975,南方
成都,2022-10-09,31.72083333333333,54.75416666666666,南方
成都,2022-10-10,36.175000000000004,60.208333333333336,南方
成都,2022-10-11,58.112500000000004,89.2625,南方
成都,2022-10-12,58.76666666666667,87.44166666666666,南方
成都,2022-10-13,63.6875,92.04583333333333,南方
成都,2022-10-14,49.4625,71.35833333333333,南方
成都,2022-10-15,66.54583333333333,98.125,南方
成都,2022-10-16,49.34166666666667,72.97916666666667,南方
成都,2022-10-17,66.24583333333334,97.99583333333334,南方
成都,2022-10-18,86.19166666666666,125.58333333333333,南方
成都,2022-10-19,99.16250000000001,143.87916666666666,南方
成都,2022-10-20,65.59166666666667,94.30416666666667,南方
成都,2022-10-21,66.875,95.7375,南方
成都,2022-10-22,78.97083333333333,112.99583333333334,南方
成都,2022-10-23,70.70833333333333,101.17916666666667,南方
成都,2022-10-24,60.24583333333334,86.21249999999999,南方
成都,2022-10-25,55.71666666666667,79.79583333333333,南方
成都,2022-10-26,65.19166666666666,93.14999999999999,南方
成都,2022-10-27,73.625,105.2,南方
成都,2022-10-28,31.645833333333332,45.17083333333333,南方
成都,2022-10-29,35.6625,50.93333333333334,南方
成都,2022-10-30,40.31666666666667,57.62916666666666,南方
成都,2022-10-31,50.020833333333336,71.66250000000001,南方
成都,2022-11-01,72.37083333333334,103.46249999999999,南方
成都,2022-11-02,57.00833333333333,81.47083333333333,南方
成都,2022-11-03,51.10833333333333,73.41666666666667,南方
成都,2022-11-04,55.020833333333336,79.04166666666667,南方
成都,2022-11-05,63.104166666666664,90.19583333333333,南方
成都,2022-11-06,55.06666666666666,78.60416666666667,南方
成都,2022-11-07,69.25833333333334,99.00833333333333,南方
成都,2022-11-08,74.925,107.17083333333333,南方
成都,2022-11-09,67.17916666666666,96.02916666666665,南方
成都,2022-11-10,58.95416666666667,84.29583333333333,南方
成都,2022-11-11,71.19166666666666,101.875,南方
成都,2022-11-12,34.025,50.40833333333333,南方
成都,2022-11-13,44.55833333333334,64.8875,南方
成都,2022-11-14,57.574999999999996,83.64999999999999,南方
成都,2022-11-15,60.09583333333333,86.48333333333333,南方
成都,2022-11-16,59.19583333333333,84.625,南方
成都,2022-11-17,69.79166666666667,99.72500000000001,南方
成都,2022-11-18,61.19583333333333,87.47083333333335,南方
成都,2022-11-19,70.92916666666666,101.95,南方
成都,2022-11-20,70.25833333333334,100.55833333333334,南方
成都,2022-11-21,51.833333333333336,74.99166666666666,南方
成都,2022-11-22,70.07083333333334,101.58749999999999,南方
成都,2022-11-23,68.12916666666666,97.81666666666666,南方
成都,2022-11-24,82.7,118.45416666666667,南方
成都,2022-11-25,65.075,93.07916666666667,南方
成都,2022-11-26,66.8125,95.5,南方
成都,2022-11-27,57.9625,82.82083333333334,南方
成都,2022-11-28,46.44166666666666,66.72083333333333,南方
成都,2022-11-29,32.612500000000004,47.625,南方
成都,2022-11-30,33.025,50.94583333333333,南方
成都,2022-12-01,35.516666666666666,55.475,南方
成都,2022-12-02,53.025,77.17083333333333,南方
成都,2022-12-03,24.9375,35.675,南方
成都,2022-12-04,45.75833333333333,66.43333333333334,南方
成都,2022-12-05,72.49583333333332,105.075,南方
成都,2022-12-06,37.82083333333333,54.4375,南方
成都,2022-12-07,34.824999999999996,49.770833333333336,南方
成都,2022-12-08,37.920833333333334,54.2125,南方
成都,2022-12-09,42.4375,60.80833333333334,南方
成都,2022-12-10,51.025,73.28750000000001,南方
成都,2022-12-11,58.47083333333333,84.72083333333333,南方
成都,2022-12-12,38.770833333333336,60.13333333333333,南方
成都,2022-12-13,41.9125,61.87083333333334,南方
成都,2022-12-14,0.7958333333333334,1.125,南方
成都,2022-12-15,0.7291666666666666,1.0375,南方
成都,2022-12-16,22.758333333333336,35.00416666666667,南方
成都,2022-12-17,31.40416666666667,46.020833333333336,南方
成都,2022-12-18,55.270833333333336,79.52916666666667,南方
成都,2022-12-19,67.33749999999999,96.34583333333335,南方
成都,2022-12-20,44.525,65.53750000000001,南方
成都,2022-12-21,88.97500000000001,130.82500000000002,南方
成都,2022-12-22,105.15416666666665,151.48749999999998,南方
成都,2022-12-23,117.44583333333333,168.26250000000002,南方
成都,2022-12-24,105.77499999999999,151.35,南方
成都,2022-12-25,40.46666666666667,58.94583333333333,南方
成都,2022-12-26,43.60833333333333,63.45416666666667,南方
成都,2022-12-27,44.8375,64.72500000000001,南方
成都,2022-12-28,57.40833333333333,83.47500000000001,南方
成都,2022-12-29,45.56666666666666,65.5125,南方
成都,2022-12-30,38.762499999999996,55.35833333333333,南方
成都,2022-12-31,42.09166666666667,60.12916666666666,南方
成都,2023-01-01,58.50416666666666,83.575,南方
成都,2023-01-02,50.50833333333333,72.16250000000001,南方
成都,2023-01-03,66.32916666666667,94.87083333333334,南方
成都,2023-01-04,44.25416666666666,63.237500000000004,南方
成都,2023-01-05,56.71666666666667,81.00833333333334,南方
成都,2023-01-06,77.6125,110.85833333333333,南方
成都,2023-01-07,114.60833333333333,163.775,南方
成都,2023-01-08,105.33333333333333,150.49583333333334,南方
成都,2023-01-09,115.52499999999999,165.11249999999998,南方
成都,2023-01-10,99.89583333333333,142.72916666666666,南方
成都,2023-01-11,92.13333333333333,131.69583333333333,南方
成都,2023-01-12,77.46666666666667,110.72500000000001,南方
成都,2023-01-13,61.17916666666667,88.075,南方
成都,2023-01-14,36.012499999999996,53.375,南方
成都,2023-01-15,33.94583333333333,49.94166666666666,南方
成都,2023-01-16,44.17916666666667,63.9125,南方
成都,2023-01-17,52.3125,75.96666666666667,南方
成都,2023-01-18,61.520833333333336,88.95,南方
成都,2023-01-19,75.97083333333333,109.57083333333333,南方
成都,2023-01-20,81.07916666666667,116.27499999999999,南方
成都,2023-01-21,51.4,73.62083333333334,南方
成都,2023-01-22,56.89166666666667,81.42083333333333,南方
成都,2023-01-23,50.92916666666667,73.75833333333334,南方
成都,2023-01-24,36.199999999999996,55.0625,南方
成都,2023-01-25,61.25416666666666,90.2625,南方
成都,2023-01-26,55.4,82.4875,南方
成都,2023-01-27,46.208333333333336,73.82083333333334,南方
成都,2023-01-28,73.01666666666667,110.32083333333333,南方
成都,2023-01-29,95.59583333333335,140.70416666666668,南方
成都,2023-01-30,95.9375,138.62083333333334,南方
成都,2023-01-31,117.12916666666666,168.4625,南方
成都,2023-02-01,90.28333333333335,129.36249999999998,南方
成都,2023-02-02,106.81666666666666,153.4375,南方
成都,2023-02-03,105.0,150.84166666666667,南方
成都,2023-02-04,89.22083333333335,128.35,南方
成都,2023-02-05,90.78750000000001,130.24166666666667,南方
成都,2023-02-06,91.85416666666667,131.55833333333334,南方
成都,2023-02-07,74.89999999999999,107.19166666666666,南方
成都,2023-02-08,82.24583333333334,117.76666666666667,南方
成都,2023-02-09,50.666666666666664,72.44583333333334,南方
成都,2023-02-10,62.416666666666664,89.22500000000001,南方
成都,2023-02-11,68.62083333333334,98.07916666666667,南方
成都,2023-02-12,48.06666666666666,69.04583333333333,南方
成都,2023-02-13,37.608333333333334,54.416666666666664,南方
成都,2023-02-14,41.00416666666667,59.05833333333334,南方
成都,2023-02-15,50.85,72.7625,南方
成都,2023-02-16,54.9,78.48333333333333,南方
成都,2023-02-17,59.725,85.36666666666667,南方
成都,2023-02-18,44.52916666666667,63.88333333333333,南方
成都,2023-02-19,65.37083333333334,95.55,南方
成都,2023-02-20,82.38333333333334,119.27083333333333,南方
成都,2023-02-21,46.362500000000004,66.2625,南方
成都,2023-02-22,29.229166666666668,41.733333333333334,南方
成都,2023-02-23,51.36666666666667,73.40416666666667,南方
成都,2023-02-24,60.27916666666667,87.44583333333333,南方
成都,2023-02-25,72.35416666666667,104.85000000000001,南方
成都,2023-02-26,77.37916666666666,111.85416666666667,南方
成都,2023-02-27,70.40416666666667,100.89166666666667,南方
成都,2023-02-28,83.92083333333333,127.20833333333333,南方
成都,2023-03-01,61.65833333333333,104.5,南方
成都,2023-03-02,88.80833333333334,140.0375,南方
成都,2023-03-03,68.67916666666666,101.07083333333333,南方
成都,2023-03-04,79.75833333333334,115.25833333333333,南方
成都,2023-03-05,85.29166666666667,122.54583333333333,南方
成都,2023-03-06,83.8125,120.24583333333334,南方
成都,2023-03-07,97.25833333333333,139.32083333333333,南方
成都,2023-03-08,61.7875,88.51666666666667,南方
成都,2023-03-09,70.62916666666666,101.79583333333333,南方
成都,2023-03-10,65.06666666666666,93.20416666666667,南方
成都,2023-03-11,64.98333333333333,95.64583333333333,南方
成都,2023-03-12,28.037499999999998,49.99166666666667,南方
成都,2023-03-13,37.00416666666667,60.612500000000004,南方
成都,2023-03-14,49.4625,70.78750000000001,南方
成都,2023-03-15,91.77916666666665,131.47083333333333,南方
成都,2023-03-16,57.770833333333336,82.89999999999999,南方
成都,2023-03-17,38.858333333333334,55.80833333333334,南方
成都,2023-03-18,49.362500000000004,71.0625,南方
成都,2023-03-19,55.725,79.81666666666666,南方
成都,2023-03-20,53.4625,76.37916666666666,南方
成都,2023-03-21,68.1875,97.40416666666665,南方
成都,2023-03-22,50.85,77.60416666666667,南方
成都,2023-03-23,30.941666666666666,45.199999999999996,南方
成都,2023-03-24,27.129166666666666,39.55,南方
成都,2023-03-25,40.28333333333333,59.8125,南方
成都,2023-03-26,49.93333333333334,72.55833333333332,南方
成都,2023-03-27,40.525,59.99166666666667,南方
成都,2023-03-28,58.675000000000004,86.28750000000001,南方
成都,2023-03-29,58.416666666666664,84.02916666666667,南方
成都,2023-03-30,94.02916666666665,134.97083333333333,南方
成都,2023-03-31,77.76666666666667,111.33333333333333,南方
成都,2023-04-01,85.1125,121.73333333333333,南方
成都,2023-04-02,61.00416666666666,87.3,南方
成都,2023-04-03,23.516666666666666,34.4125,南方
成都,2023-04-04,43.958333333333336,64.8125,南方
成都,2023-04-05,41.579166666666666,59.7125,南方
成都,2023-04-06,30.816666666666666,49.39166666666667,南方
成都,2023-04-07,79.95416666666667,121.14166666666667,南方
成都,2023-04-08,62.354166666666664,92.90833333333335,南方
成都,2023-04-09,65.22083333333333,94.74583333333334,南方
成都,2023-04-10,58.56666666666666,83.97500000000001,南方
成都,2023-04-11,80.89583333333333,116.30416666666667,南方
成都,2023-04-12,71.67083333333333,103.62916666666666,南方
成都,2023-04-13,51.87083333333334,74.0625,南方
成都,2023-04-14,48.775,78.425,南方
成都,2023-04-15,69.34166666666667,106.47500000000001,南方
成都,2023-04-16,73.30416666666666,105.37916666666666,南方
成都,2023-04-17,57.64166666666667,82.46249999999999,南方
成都,2023-04-18,50.60833333333333,73.56666666666666,南方
成都,2023-04-19,70.35000000000001,101.54166666666667,南方
成都,2023-04-20,48.949999999999996,70.42083333333333,南方
成都,2023-04-21,40.1875,55.416666666666664,南方
成都,2023-04-22,21.8625,31.020833333333332,南方
成都,2023-04-23,22.27916666666667,31.849999999999998,南方
成都,2023-04-24,32.041666666666664,45.8125,南方
成都,2023-04-25,36.15833333333333,52.55416666666667,南方
成都,2023-04-26,48.512499999999996,70.9375,南方
成都,2023-04-27,67.25,97.82916666666667,南方
成都,2023-04-28,60.35833333333333,87.89999999999999,南方
成都,2023-04-29,20.266666666666666,32.204166666666666,南方
成都,2023-04-30,56.725,84.29583333333333,南方
成都,2023-05-01,73.94583333333334,106.33749999999999,南方
成都,2023-05-02,74.82083333333334,106.92916666666667,南方
成都,2023-05-03,86.2375,123.17916666666667,南方
成都,2023-05-04,49.125,70.69166666666666,南方
成都,2023-05-05,47.67916666666667,80.09166666666667,南方
成都,2023-05-06,40.204166666666666,57.737500000000004,南方
成都,2023-05-07,35.96666666666667,51.3375,南方
成都,2023-05-08,23.09166666666667,32.9625,南方
成都,2023-05-09,28.708333333333332,41.00416666666667,南方
成都,2023-05-10,38.25416666666667,55.074999999999996,南方
成都,2023-05-11,34.833333333333336,59.416666666666664,南方
成都,2023-05-12,36.8125,59.74583333333334,南方
成都,2023-05-13,40.62916666666667,60.12083333333334,南方
成都,2023-05-14,77.27499999999999,112.25416666666666,南方
成都,2023-05-15,98.41666666666667,141.87083333333334,南方
成都,2023-05-16,113.22916666666667,163.3125,南方
成都,2023-05-17,103.89166666666667,149.52083333333334,南方
成都,2023-05-18,50.166666666666664,72.925,南方
成都,2023-05-19,57.4125,82.41666666666667,南方
成都,2023-05-20,57.9625,82.90416666666667,南方
成都,2023-05-21,54.29583333333333,78.5375,南方
成都,2023-05-22,40.30416666666667,62.34166666666667,南方
成都,2023-05-23,57.875,87.77499999999999,南方
成都,2023-05-24,72.71666666666667,104.77499999999999,南方
成都,2023-05-25,58.625,85.02499999999999,南方
成都,2023-05-26,65.14999999999999,98.25416666666666,南方
成都,2023-05-27,64.60000000000001,94.1125,南方
成都,2023-05-28,64.28333333333333,92.25,南方
成都,2023-05-29,63.90833333333333,91.39583333333333,南方
成都,2023-05-30,77.37083333333334,110.51666666666667,南方
成都,2023-05-31,52.38333333333333,74.59166666666667,南方
成都,2023-06-01,41.32083333333333,58.86666666666667,南方
成都,2023-06-02,44.729166666666664,63.7875,南方
成都,2023-06-03,35.37916666666667,50.72083333333333,南方
成都,2023-06-04,49.05416666666667,69.95,南方
成都,2023-06-05,41.270833333333336,59.42916666666667,南方
成都,2023-06-06,68.32916666666667,98.66250000000001,南方
成都,2023-06-07,73.575,106.16666666666667,南方
成都,2023-06-08,48.30833333333334,70.93333333333334,南方
成都,2023-06-09,63.975,95.84583333333335,南方
成都,2023-06-10,54.96666666666667,80.65416666666667,南方
成都,2023-06-11,30.991666666666664,46.25416666666666,南方
成都,2023-06-12,42.15,62.06666666666666,南方
成都,2023-06-13,57.85,85.62083333333334,南方
成都,2023-06-14,44.20416666666667,64.60416666666667,南方
成都,2023-06-15,45.19583333333333,66.00833333333334,南方
成都,2023-06-16,45.375,64.84583333333333,南方
成都,2023-06-17,64.21249999999999,91.77916666666665,南方
成都,2023-06-18,63.79583333333333,91.16250000000001,南方
成都,2023-06-19,54.17083333333333,79.85833333333333,南方
成都,2023-06-20,54.083333333333336,81.02499999999999,南方
成都,2023-06-21,40.608333333333334,59.44583333333333,南方
成都,2023-06-22,52.39166666666667,75.675,南方
成都,2023-06-23,59.72083333333333,86.21666666666665,南方
成都,2023-06-24,80.34166666666667,116.48333333333333,南方
成都,2023-06-25,80.04583333333333,116.03333333333335,南方
成都,2023-06-26,100.4875,144.40416666666667,南方
成都,2023-06-27,83.41666666666667,120.42916666666667,南方
成都,2023-06-28,37.00416666666667,60.895833333333336,南方
成都,2023-06-29,44.05416666666667,73.5,南方
成都,2023-06-30,39.458333333333336,61.475,南方
成都,2023-07-01,51.637499999999996,76.87916666666666,南方
成都,2023-07-02,70.57916666666667,101.75416666666666,南方
成都,2023-07-03,76.27916666666667,109.75416666666666,南方
成都,2023-07-04,21.724999999999998,32.108333333333334,南方
成都,2023-07-05,31.47083333333333,51.49166666666667,南方
成都,2023-07-06,48.916666666666664,76.22083333333333,南方
成都,2023-07-07,54.94583333333333,83.17916666666666,南方
成都,2023-07-08,40.75,59.333333333333336,南方
成都,2023-07-09,51.05416666666667,75.0,南方
成都,2023-07-10,62.98333333333333,93.02083333333333,南方
成都,2023-07-11,50.01666666666667,71.83749999999999,南方
成都,2023-07-12,37.13333333333333,52.975,南方
成都,2023-07-13,28.462500000000002,40.19583333333333,南方
成都,2023-07-14,22.9875,39.13333333333333,南方
成都,2023-07-15,58.458333333333336,105.3875,南方
成都,2023-07-16,71.1375,113.83749999999999,南方
成都,2023-07-17,74.08333333333333,109.84166666666665,南方
成都,2023-07-18,107.21249999999999,156.775,南方
成都,2023-07-19,62.59166666666667,90.78750000000001,南方
成都,2023-07-20,31.016666666666666,44.47083333333333,南方
成都,2023-07-21,71.96249999999999,103.32083333333333,南方
成都,2023-07-22,43.729166666666664,65.14166666666667,南方
成都,2023-07-23,68.67916666666666,100.89166666666667,南方
成都,2023-07-24,64.07916666666667,92.99583333333334,南方
成都,2023-07-25,71.075,102.25833333333333,南方
成都,2023-07-26,53.15416666666667,75.92916666666666,南方
成都,2023-07-27,30.400000000000002,43.40833333333333,南方
成都,2023-07-28,38.516666666666666,55.137499999999996,南方
成都,2023-07-29,75.97916666666667,110.05416666666667,南方
成都,2023-07-30,98.34583333333335,142.72916666666666,南方
成都,2023-07-31,101.64583333333333,146.61666666666665,南方
成都,2023-08-01,63.95416666666667,91.55,南方
成都,2023-08-02,60.199999999999996,86.07916666666667,南方
成都,2023-08-03,35.291666666666664,50.395833333333336,南方
成都,2023-08-04,45.225,64.60416666666667,南方
成都,2023-08-05,52.291666666666664,74.71666666666667,南方
成都,2023-08-06,52.237500000000004,74.71666666666667,南方
成都,2023-08-07,51.583333333333336,73.69583333333334,南方
成都,2023-08-08,36.55416666666667,52.32083333333333,南方
成都,2023-08-09,41.949999999999996,60.05833333333334,南方
成都,2023-08-10,31.25,44.69166666666666,南方
成都,2023-08-11,37.545833333333334,53.645833333333336,南方
成都,2023-08-12,25.84583333333333,36.71666666666667,南方
成都,2023-08-13,55.05833333333334,80.37916666666666,南方
成都,2023-08-14,78.55,115.78750000000001,南方
成都,2023-08-15,83.60416666666667,121.21666666666665,南方
成都,2023-08-16,83.46249999999999,120.75833333333333,南方
成都,2023-08-17,73.34583333333333,109.48333333333333,南方
成都,2023-08-18,65.47083333333333,101.21249999999999,南方
成都,2023-08-19,59.49166666666667,92.52916666666665,南方
成都,2023-08-20,51.5875,74.7375,南方
成都,2023-08-21,49.07916666666667,69.83749999999999,南方
成都,2023-08-22,61.99583333333334,90.44583333333333,南方
成都,2023-08-23,69.8875,104.40416666666665,南方
成都,2023-08-24,42.15416666666667,65.26666666666667,南方
成都,2023-08-25,55.425000000000004,81.73333333333333,南方
成都,2023-08-26,35.21666666666667,50.54583333333333,南方
成都,2023-08-27,27.391666666666666,40.449999999999996,南方
成都,2023-08-28,56.449999999999996,81.87083333333334,南方
成都,2023-08-29,73.64166666666667,105.96666666666665,南方
成都,2023-08-30,69.45833333333333,100.55,南方
成都,2023-08-31,62.041666666666664,89.4875,南方
成都,2023-09-01,59.10833333333333,84.5125,南方
成都,2023-09-02,80.1375,114.69583333333333,南方
成都,2023-09-03,70.16666666666667,102.86666666666667,南方
成都,2023-09-04,96.53333333333335,142.02916666666667,南方
成都,2023-09-05,93.09583333333335,135.25833333333333,南方
成都,2023-09-06,88.05416666666667,127.11666666666667,南方
成都,2023-09-07,71.425,103.10416666666667,南方
成都,2023-09-08,62.43333333333334,90.18333333333334,南方
成都,2023-09-09,58.56666666666666,84.24166666666666,南方
成都,2023-09-10,53.63333333333333,76.80833333333334,南方
成都,2023-09-11,39.775,56.699999999999996,南方
成都,2023-09-12,27.366666666666664,39.641666666666666,南方
成都,2023-09-13,46.39166666666667,68.34166666666667,南方
成都,2023-09-14,72.55833333333334,104.80416666666667,南方
成都,2023-09-15,58.512499999999996,84.43333333333334,南方
成都,2023-09-16,60.12916666666666,87.6125,南方
成都,2023-09-17,72.3,105.83333333333333,南方
成都,2023-09-18,50.81666666666666,73.85416666666667,南方
成都,2023-09-19,40.49583333333333,57.84166666666667,南方
成都,2023-09-20,30.5125,43.78333333333333,南方
成都,2023-09-21,28.675,40.979166666666664,南方
成都,2023-09-22,30.870833333333334,44.00833333333333,南方
成都,2023-09-23,30.474999999999998,43.53333333333333,南方
成都,2023-09-24,31.108333333333334,44.46666666666667,南方
成都,2023-09-25,41.94166666666667,59.987500000000004,南方
成都,2023-09-26,49.6625,71.19583333333334,南方
成都,2023-09-27,49.4375,70.98333333333333,南方
成都,2023-09-28,52.20416666666667,75.13333333333334,南方
成都,2023-09-29,50.24583333333334,72.02499999999999,南方
成都,2023-09-30,58.3125,83.68333333333334,南方
成都,2023-10-01,48.26666666666667,69.875,南方
成都,2023-10-02,33.512499999999996,48.112500000000004,南方
成都,2023-10-03,36.52916666666667,52.19166666666666,南方
成都,2023-10-04,38.15833333333333,54.541666666666664,南方
成都,2023-10-05,22.662499999999998,32.425000000000004,南方
成都,2023-10-06,21.870833333333334,31.2,南方
成都,2023-10-07,31.787499999999998,45.40416666666667,南方
成都,2023-10-08,48.225,68.98333333333333,南方
成都,2023-10-09,32.49166666666667,48.10833333333333,南方
成都,2023-10-10,37.52916666666667,54.770833333333336,南方
成都,2023-10-11,37.708333333333336,54.125,南方
成都,2023-10-12,34.3375,49.14166666666667,南方
成都,2023-10-13,42.25,60.75416666666666,南方
成都,2023-10-14,35.645833333333336,51.3125,南方
成都,2023-10-15,54.300000000000004,78.69583333333334,南方
成都,2023-10-16,60.15,87.25416666666666,南方
成都,2023-10-17,48.416666666666664,70.12916666666666,南方
成都,2023-10-18,30.40833333333333,43.55416666666667,南方
成都,2023-10-19,25.666666666666668,37.358333333333334,南方
成都,2023-10-20,32.52916666666667,50.3125,南方
成都,2023-10-21,61.22083333333333,96.32083333333333,南方
成都,2023-10-22,77.47500000000001,119.35416666666667,南方
成都,2023-10-23,79.075,118.08749999999999,南方
成都,2023-10-24,73.0,106.94166666666666,南方
成都,2023-10-25,68.99166666666666,100.19583333333333,南方
成都,2023-10-26,47.074999999999996,69.85416666666667,南方
成都,2023-10-27,33.1875,48.82083333333333,南方
成都,2023-10-28,48.73333333333333,70.46666666666667,南方
成都,2023-10-29,56.75416666666666,82.16666666666667,南方
成都,2023-10-30,54.166666666666664,77.99166666666666,南方
成都,2023-10-31,50.34583333333333,72.32916666666667,南方
成都,2023-11-01,51.93333333333334,74.56666666666666,南方
成都,2023-11-02,60.92916666666667,87.125,南方
成都,2023-11-03,49.387499999999996,75.55,南方
成都,2023-11-04,38.920833333333334,58.89166666666667,南方
成都,2023-11-05,30.020833333333332,44.09583333333333,南方
成都,2023-11-06,33.275,48.725,南方
成都,2023-11-07,41.03333333333334,58.800000000000004,南方
成都,2023-11-08,45.208333333333336,64.9375,南方
成都,2023-11-09,67.75,97.57916666666667,南方
成都,2023-11-10,44.800000000000004,64.2375,南方
成都,2023-11-11,27.90833333333333,39.99166666666667,南方
成都,2023-11-12,28.40416666666667,43.7125,南方
成都,2023-11-13,33.4125,50.73333333333333,南方
成都,2023-11-14,25.704166666666666,36.88333333333333,南方
成都,2023-11-15,30.758333333333336,44.875,南方
成都,2023-11-16,42.73333333333333,68.925,南方
成都,2023-11-17,63.020833333333336,95.33749999999999,南方
成都,2023-11-18,64.90416666666667,95.82083333333333,南方
成都,2023-11-19,66.21249999999999,97.24583333333334,南方
成都,2023-11-20,75.1125,108.49166666666667,南方
成都,2023-11-21,57.112500000000004,81.90416666666667,南方
成都,2023-11-22,47.0,67.875,南方
成都,2023-11-23,75.32083333333334,109.37916666666666,南方
成都,2023-11-24,96.4375,139.50416666666666,南方
成都,2023-11-25,60.39166666666667,87.32083333333333,南方
成都,2023-11-26,48.82916666666667,72.37083333333334,南方
成都,2023-11-27,50.18333333333334,72.40416666666667,南方
成都,2023-11-28,51.71666666666667,74.51666666666667,南方
成都,2023-11-29,55.458333333333336,80.12916666666666,南方
成都,2023-11-30,35.17916666666667,51.67916666666667,南方
成都,2023-12-01,47.362500000000004,69.3875,南方
成都,2023-12-02,38.71666666666667,56.0375,南方
成都,2023-12-03,62.93333333333334,90.55416666666667,南方
成都,2023-12-04,63.35833333333333,90.6375,南方
成都,2023-12-05,73.8625,105.73333333333333,南方
成都,2023-12-06,73.12083333333334,106.75416666666666,南方
成都,2023-12-07,113.80833333333334,165.48749999999998,南方
成都,2023-12-08,86.925,125.3125,南方
成都,2023-12-09,81.88333333333334,118.04166666666667,南方
成都,2023-12-10,85.64166666666667,123.32916666666667,南方
成都,2023-12-11,73.64166666666667,106.39999999999999,南方
成都,2023-12-12,68.17916666666666,100.58749999999999,南方
成都,2023-12-13,49.24583333333334,68.52499999999999,南方
成都,2023-12-14,56.354166666666664,60.10833333333333,南方
成都,2023-12-15,20.733333333333334,29.09583333333333,南方
成都,2023-12-16,39.86666666666667,58.958333333333336,南方
成都,2023-12-17,58.020833333333336,84.46666666666667,南方
成都,2023-12-18,47.8375,68.825,南方
成都,2023-12-19,82.65833333333333,118.875,南方
成都,2023-12-20,69.59166666666667,100.67083333333333,南方
成都,2023-12-21,65.44166666666666,95.32083333333333,南方
成都,2023-12-22,82.14999999999999,119.45833333333333,南方
成都,2023-12-23,69.97083333333333,101.5,南方
成都,2023-12-24,43.012499999999996,61.637499999999996,南方
成都,2023-12-25,94.55416666666667,135.86666666666667,南方
成都,2023-12-26,86.39999999999999,124.63333333333334,南方
成都,2023-12-27,131.45833333333334,189.11666666666667,南方
成都,2023-12-28,93.16666666666667,134.48333333333332,南方
成都,2023-12-29,103.85833333333333,150.48333333333332,南方
成都,2023-12-30,110.5,159.87083333333334,南方
成都,2023-12-31,87.125,125.95833333333333,南方
成都,2024-01-01,85.7625,123.25,南方
成都,2024-01-02,78.99166666666666,113.54166666666667,南方
成都,2024-01-03,97.32916666666667,140.17083333333332,南方
成都,2024-01-04,67.16250000000001,96.84166666666665,南方
成都,2024-01-05,62.4125,90.85416666666667,南方
成都,2024-01-06,86.175,126.50416666666666,南方
成都,2024-01-07,96.39583333333333,140.51666666666668,南方
成都,2024-01-08,94.21249999999999,136.41666666666666,南方
成都,2024-01-09,71.82083333333334,103.92916666666667,南方
成都,2024-01-10,92.56666666666666,134.19166666666666,南方
成都,2024-01-11,90.3125,129.95416666666668,南方
成都,2024-01-12,92.35000000000001,132.65833333333333,南方
成都,2024-01-13,98.32916666666667,141.54166666666666,南方
成都,2024-01-14,61.487500000000004,89.13333333333333,南方
成都,2024-01-15,78.03333333333333,114.39166666666667,南方
成都,2024-01-16,46.94583333333333,68.13333333333334,南方
成都,2024-01-17,48.17916666666667,69.39583333333333,南方
成都,2024-01-18,64.425,94.11666666666667,南方
成都,2024-01-19,48.15,69.96666666666667,南方
成都,2024-01-20,53.574999999999996,79.34166666666667,南方
成都,2024-01-21,29.40833333333333,43.9375,南方
成都,2024-01-22,21.412499999999998,31.787499999999998,南方
成都,2024-01-23,23.016666666666666,33.725,南方
成都,2024-01-24,35.37916666666667,50.987500000000004,南方
成都,2024-01-25,46.89166666666667,67.22083333333333,南方
成都,2024-01-26,53.199999999999996,77.15416666666667,南方
成都,2024-01-27,68.44583333333334,99.9875,南方
成都,2024-01-28,78.06666666666666,114.72083333333335,南方
成都,2024-01-29,98.00833333333333,143.76666666666668,南方
成都,2024-01-30,89.63333333333333,130.73333333333332,南方
成都,2024-01-31,72.94166666666666,105.76666666666667,南方
成都,2024-02-01,51.23333333333333,74.5625,南方
成都,2024-02-02,54.537499999999994,79.625,南方
成都,2024-02-03,22.816666666666666,32.78333333333333,南方
成都,2024-02-04,29.95,42.925000000000004,南方
成都,2024-02-05,46.63333333333333,67.40833333333333,南方
成都,2024-02-06,47.387499999999996,69.04166666666667,南方
成都,2024-02-07,46.95416666666667,68.56666666666666,南方
成都,2024-02-08,49.19166666666666,71.14999999999999,南方
成都,2024-02-09,47.0375,68.37916666666666,南方
成都,2024-02-10,57.762499999999996,83.77916666666667,南方
成都,2024-02-11,87.64583333333333,126.99583333333334,南方
成都,2024-02-12,86.91666666666667,125.63333333333333,南方
成都,2024-02-13,112.55833333333334,162.66666666666666,南方
成都,2024-02-14,77.77083333333333,117.575,南方
成都,2024-02-15,41.90833333333333,69.37916666666666,南方
成都,2024-02-16,59.84583333333333,90.20833333333333,南方
成都,2024-02-17,62.68333333333334,90.94166666666666,南方
成都,2024-02-18,52.112500000000004,75.91666666666667,南方
成都,2024-02-19,45.39166666666667,92.60000000000001,南方
成都,2024-02-20,54.520833333333336,90.175,南方
成都,2024-02-21,14.604166666666666,23.3,南方
成都,2024-02-22,20.266666666666666,31.900000000000002,南方
成都,2024-02-23,16.4875,23.712500000000002,南方
成都,2024-02-24,25.016666666666666,35.99166666666667,南方
成都,2024-02-25,71.4875,104.0,南方
成都,2024-02-26,54.37916666666666,79.52499999999999,南方
成都,2024-02-27,42.475,61.112500000000004,南方
成都,2024-02-28,38.18333333333333,55.15,南方
成都,2024-02-29,51.82083333333333,75.92083333333333,南方
成都,2024-03-01,55.15,80.53750000000001,南方
成都,2024-03-02,50.25,73.40416666666667,南方
成都,2024-03-03,52.0,75.4875,南方
成都,2024-03-04,58.208333333333336,84.8125,南方
成都,2024-03-05,40.775,65.60833333333333,南方
成都,2024-03-06,56.4625,101.77083333333333,南方
成都,2024-03-07,72.67916666666666,127.55,南方
成都,2024-03-08,79.89999999999999,137.2125,南方
成都,2024-03-09,78.72916666666667,124.88333333333334,南方
成都,2024-03-10,74.36666666666666,109.69583333333333,南方
成都,2024-03-11,57.65416666666667,84.22083333333333,南方
成都,2024-03-12,62.041666666666664,92.79166666666667,南方
成都,2024-03-13,48.64166666666667,73.59583333333333,南方
成都,2024-03-14,41.37083333333333,60.666666666666664,南方
成都,2024-03-15,57.14166666666667,82.62916666666666,南方
成都,2024-03-16,64.44583333333334,101.52916666666665,南方
成都,2024-03-17,66.2,131.6625,南方
成都,2024-03-18,58.104166666666664,101.12083333333334,南方
成都,2024-03-19,56.43333333333334,102.80833333333334,南方
成都,2024-03-20,55.8125,100.55,南方
成都,2024-03-21,58.020833333333336,90.03750000000001,南方
成都,2024-03-22,58.22083333333333,85.74583333333334,南方
成都,2024-03-23,58.99583333333334,86.1375,南方
成都,2024-03-24,38.77916666666667,57.57083333333333,南方
成都,2024-03-25,23.025000000000002,36.50833333333333,南方
成都,2024-03-26,57.416666666666664,88.87083333333334,南方
成都,2024-03-27,45.20416666666667,65.72916666666667,南方
成都,2024-03-28,25.27916666666667,41.28333333333334,南方
成都,2024-03-29,42.25833333333333,62.11666666666667,南方
成都,2024-03-30,44.15833333333333,65.49583333333334,南方
成都,2024-03-31,45.425000000000004,65.95,南方
成都,2024-04-01,59.15,85.17083333333333,南方
成都,2024-04-02,58.025,127.05833333333334,南方
成都,2024-04-03,72.21666666666667,152.0375,南方
成都,2024-04-04,53.708333333333336,91.72083333333335,南方
成都,2024-04-05,33.71666666666667,53.17916666666667,南方
成都,2024-04-06,33.90833333333333,50.333333333333336,南方
成都,2024-04-07,39.00833333333333,58.520833333333336,南方
成都,2024-04-08,34.829166666666666,50.550000000000004,南方
成都,2024-04-09,51.449999999999996,75.80416666666666,南方
成都,2024-04-10,43.1875,62.050000000000004,南方
成都,2024-04-11,44.42083333333333,65.47083333333333,南方
成都,2024-04-12,52.824999999999996,76.66250000000001,南方
成都,2024-04-13,56.166666666666664,81.27499999999999,南方
成都,2024-04-14,56.791666666666664,82.64166666666667,南方
成都,2024-04-15,65.45416666666667,97.33749999999999,南方
成都,2024-04-16,49.72083333333333,77.575,南方
成都,2024-04-17,55.737500000000004,84.39999999999999,南方
成都,2024-04-18,57.416666666666664,84.95416666666667,南方
成都,2024-04-19,33.94583333333333,57.61666666666667,南方
成都,2024-04-20,49.6,87.4875,南方
成都,2024-04-21,49.00833333333333,85.48333333333333,南方
成都,2024-04-22,70.92083333333333,109.12916666666666,南方
成都,2024-04-23,48.979166666666664,78.94166666666666,南方
成都,2024-04-24,39.40416666666667,75.35416666666667,南方
成都,2024-04-25,63.225,107.64583333333333,南方
成都,2024-04-26,55.083333333333336,88.53333333333335,南方
成都,2024-04-27,79.88333333333334,124.90416666666665,南方
成都,2024-04-28,54.725,81.675,南方
成都,2024-04-29,34.94166666666667,51.38333333333333,南方
成都,2024-04-30,23.983333333333334,41.266666666666666,南方
成都,2024-05-01,36.5625,57.041666666666664,南方
成都,2024-05-02,35.9125,52.520833333333336,南方
成都,2024-05-03,34.65416666666667,49.92083333333333,南方
成都,2024-05-04,35.30416666666667,58.76666666666667,南方
成都,2024-05-05,45.35,82.38333333333334,南方
成都,2024-05-06,62.125,98.52499999999999,南方
成都,2024-05-07,80.66666666666667,122.54583333333333,南方
成都,2024-05-08,69.625,103.83749999999999,南方
成都,2024-05-09,67.82083333333334,100.53333333333335,南方
成都,2024-05-10,50.4,72.85833333333333,南方
成都,2024-05-11,34.475,53.04583333333333,南方
成都,2024-05-12,29.570833333333336,48.81666666666666,南方
成都,2024-05-13,30.395833333333332,50.041666666666664,南方
成都,2024-05-14,54.137499999999996,80.35000000000001,南方
成都,2024-05-15,62.15416666666667,97.09166666666665,南方
成都,2024-05-16,72.14166666666667,108.54583333333333,南方
成都,2024-05-17,89.41666666666667,130.88750000000002,南方
成都,2024-05-18,59.225,90.89583333333333,南方
成都,2024-05-19,58.26666666666667,86.77916666666665,南方
成都,2024-05-20,50.77916666666667,74.42916666666666,南方
成都,2024-05-21,49.12916666666666,71.91250000000001,南方
成都,2024-05-22,61.96666666666667,90.99583333333334,南方
成都,2024-05-23,65.10833333333333,94.32916666666667,南方
成都,2024-05-24,55.925000000000004,80.53750000000001,南方
成都,2024-05-25,51.56666666666666,74.24583333333334,南方
成都,2024-05-26,52.42916666666667,78.71249999999999,南方
成都,2024-05-27,61.06666666666666,92.32916666666667,南方
成都,2024-05-28,53.225,77.41250000000001,南方
成都,2024-05-29,31.675,45.47083333333333,南方
成都,2024-05-30,22.84583333333333,40.09583333333333,南方
成都,2024-05-31,44.0625,74.03333333333333,南方
成都,2024-06-01,75.30833333333334,128.37916666666666,南方
成都,2024-06-02,54.137499999999996,85.76666666666667,南方
成都,2024-06-03,58.020833333333336,87.20833333333333,南方
成都,2024-06-04,46.85833333333333,68.28333333333333,南方
成都,2024-06-05,59.19166666666666,85.26666666666667,南方
成都,2024-06-06,45.48333333333333,65.62083333333334,南方
成都,2024-06-07,43.11666666666667,62.8125,南方
成都,2024-06-08,46.55833333333334,68.64583333333333,南方
成都,2024-06-09,58.82916666666667,86.19166666666666,南方
成都,2024-06-10,69.65833333333333,102.32916666666667,南方
成都,2024-06-11,44.395833333333336,66.45833333333333,南方
成都,2024-06-12,31.429166666666664,47.05416666666667,南方
成都,2024-06-13,45.96666666666667,68.25416666666666,南方
成都,2024-06-14,52.99583333333334,86.38333333333333,南方
成都,2024-06-15,49.975,85.37083333333334,南方
成都,2024-06-16,57.68333333333334,88.22916666666667,南方
成都,2024-06-17,45.80416666666667,66.47500000000001,南方
成都,2024-06-18,68.38333333333334,98.55,南方
成都,2024-06-19,63.987500000000004,92.01666666666667,南方
成都,2024-06-20,40.93333333333333,58.5,南方
成都,2024-06-21,38.38333333333333,55.10833333333333,南方
成都,2024-06-22,28.245833333333334,50.44166666666666,南方
成都,2024-06-23,51.35833333333333,89.40416666666665,南方
成都,2024-06-24,28.183333333333334,44.47083333333333,南方
成都,2024-06-25,25.266666666666666,37.12916666666667,南方
成都,2024-06-26,30.162499999999998,43.2125,南方
成都,2024-06-27,39.645833333333336,56.362500000000004,南方
成都,2024-06-28,61.05416666666667,86.97916666666667,南方
成都,2024-06-29,36.0375,52.333333333333336,南方
成都,2024-06-30,39.733333333333334,58.21666666666667,南方
成都,2024-07-01,40.270833333333336,61.01666666666667,南方
成都,2024-07-02,34.583333333333336,53.12916666666666,南方
成都,2024-07-03,47.68333333333334,68.85416666666667,南方
成都,2024-07-04,49.487500000000004,70.95416666666667,南方
成都,2024-07-05,68.89583333333333,99.17083333333333,南方
成都,2024-07-06,74.99583333333334,108.48333333333333,南方
成都,2024-07-07,38.175000000000004,54.51666666666667,南方
成都,2024-07-08,31.358333333333334,44.708333333333336,南方
成都,2024-07-09,41.37916666666667,58.90833333333333,南方
成都,2024-07-10,44.9125,63.84583333333333,南方
成都,2024-07-11,37.416666666666664,54.12916666666666,南方
成都,2024-07-12,60.57916666666667,87.10833333333333,南方
成都,2024-07-13,60.449999999999996,86.52916666666665,南方
成都,2024-07-14,35.9375,51.125,南方
成都,2024-07-15,54.8125,78.16666666666667,南方
成都,2024-07-16,37.3125,53.2875,南方
成都,2024-07-17,27.795833333333334,39.65,南方
成都,2024-07-18,45.69583333333333,65.67916666666666,南方
成都,2024-07-19,63.00833333333333,90.49583333333334,南方
成都,2024-07-20,37.00833333333333,52.84166666666667,南方
成都,2024-07-21,33.2125,47.42083333333333,南方
成都,2024-07-22,55.93333333333334,79.92916666666666,南方
成都,2024-07-23,54.05416666666667,77.35416666666667,南方
成都,2024-07-24,40.21666666666667,58.17916666666667,南方
成都,2024-07-25,47.12916666666666,73.8125,南方
成都,2024-07-26,59.7875,98.8875,南方
成都,2024-07-27,61.97083333333333,97.41250000000001,南方
成都,2024-07-28,45.112500000000004,64.65833333333333,南方
成都,2024-07-29,32.9,46.99583333333334,南方
成都,2024-07-30,34.391666666666666,49.74166666666667,南方
成都,2024-07-31,38.8375,56.737500000000004,南方
成都,2024-08-01,56.20416666666667,81.53750000000001,南方
成都,2024-08-02,76.16666666666667,110.28333333333335,南方
成都,2024-08-03,53.42916666666667,77.14166666666667,南方
成都,2024-08-04,49.449999999999996,70.84583333333333,南方
成都,2024-08-05,66.45,95.22500000000001,南方
成都,2024-08-06,52.74166666666667,75.74583333333334,南方
成都,2024-08-07,45.75,65.6375,南方
成都,2024-08-08,33.675000000000004,48.15833333333333,南方
成都,2024-08-09,36.045833333333334,52.20416666666667,南方
成都,2024-08-10,32.02916666666667,49.03333333333333,南方
成都,2024-08-11,45.47083333333333,74.19583333333334,南方
成都,2024-08-12,65.8125,103.12083333333334,南方
成都,2024-08-13,84.3,124.0125,南方
成都,2024-08-14,68.9875,100.15833333333335,南方
成都,2024-08-15,56.333333333333336,81.17083333333333,南方
成都,2024-08-16,64.22500000000001,93.125,南方
成都,2024-08-17,85.425,124.05416666666667,南方
成都,2024-08-18,78.00416666666666,113.83333333333333,南方
成都,2024-08-19,54.708333333333336,79.75,南方
成都,2024-08-20,65.0625,93.71666666666665,南方
成都,2024-08-21,78.53750000000001,113.57916666666667,南方
成都,2024-08-22,90.47916666666667,130.01666666666668,南方
成都,2024-08-23,79.77499999999999,114.82916666666667,南方
成都,2024-08-24,81.86666666666666,117.87083333333334,南方
成都,2024-08-25,101.57916666666667,145.96666666666667,南方
成都,2024-08-26,60.61666666666667,87.05,南方
成都,2024-08-27,61.32916666666667,90.45833333333333,南方
成都,2024-08-28,59.425000000000004,86.37083333333334,南方
成都,2024-08-29,68.02499999999999,97.625,南方
成都,2024-08-30,69.71666666666667,99.85000000000001,南方
成都,2024-08-31,62.75416666666666,89.83749999999999,南方
成都,2024-09-01,90.58749999999999,129.9125,南方
成都,2024-09-02,95.71666666666665,137.00416666666666,南方
成都,2024-09-03,50.57916666666667,72.375,南方
成都,2024-09-04,70.8875,101.31666666666666,南方
成都,2024-09-05,42.92916666666667,61.63333333333333,南方
成都,2024-09-06,52.99166666666667,75.48333333333333,南方
成都,2024-09-07,45.0875,64.2,南方
成都,2024-09-08,38.69583333333333,55.387499999999996,南方
成都,2024-09-09,47.6625,68.28333333333333,南方
成都,2024-09-10,32.24583333333333,46.5625,南方
成都,2024-09-11,59.699999999999996,85.58333333333333,南方
成都,2024-09-12,40.84166666666667,58.40416666666667,南方
成都,2024-09-13,42.574999999999996,61.17083333333333,南方
成都,2024-09-14,48.262499999999996,69.22500000000001,南方
成都,2024-09-15,46.60833333333333,66.70833333333333,南方
成都,2024-09-16,50.975,73.00416666666666,南方
成都,2024-09-17,73.90416666666667,105.76666666666667,南方
成都,2024-09-18,81.8875,117.19583333333333,南方
成都,2024-09-19,92.02916666666665,131.79166666666666,南方
成都,2024-09-20,63.82916666666667,91.64999999999999,南方
成都,2024-09-21,33.1875,47.675000000000004,南方
成都,2024-09-22,36.92916666666667,53.645833333333336,南方
成都,2024-09-23,46.4625,66.89583333333333,南方
成都,2024-09-24,68.44166666666666,98.2625,南方
成都,2024-09-25,86.96249999999999,124.7,南方
成都,2024-09-26,64.78750000000001,92.90416666666665,南方
成都,2024-09-27,83.60833333333333,119.71249999999999,南方
成都,2024-09-28,69.21666666666667,99.17083333333333,南方
成都,2024-09-29,33.829166666666666,48.333333333333336,南方
成都,2024-09-30,17.258333333333333,24.733333333333334,南方
成都,2024-10-01,32.324999999999996,49.324999999999996,南方
成都,2024-10-02,48.175000000000004,72.96666666666667,南方
成都,2024-10-03,44.19583333333333,66.35416666666667,南方
成都,2024-10-04,44.23333333333333,64.1375,南方
成都,2024-10-05,48.63333333333333,70.22500000000001,南方
成都,2024-10-06,46.77916666666667,67.075,南方
成都,2024-10-07,52.94166666666666,77.24583333333334,南方
成都,2024-10-08,60.37083333333334,87.01666666666667,南方
成都,2024-10-09,63.1625,90.38333333333333,南方
成都,2024-10-10,53.145833333333336,83.55416666666666,南方
成都,2024-10-11,42.333333333333336,62.875,南方
成都,2024-10-12,40.47083333333333,58.4125,南方
成都,2024-10-13,51.62916666666666,74.57083333333334,南方
成都,2024-10-14,54.13333333333333,77.75833333333334,南方
成都,2024-10-15,57.800000000000004,83.07916666666667,南方
成都,2024-10-16,65.15833333333333,94.10000000000001,南方
成都,2024-10-17,49.81666666666666,71.29583333333333,南方
成都,2024-10-18,51.40416666666667,73.72083333333333,南方
成都,2024-10-19,48.0875,70.54583333333333,南方
成都,2024-10-20,25.974999999999998,37.141666666666666,南方
成都,2024-10-21,27.3125,39.050000000000004,南方
成都,2024-10-22,31.479166666666668,46.5,南方
成都,2024-10-23,52.63333333333333,76.20416666666667,南方
成都,2024-10-24,41.275,59.14166666666667,南方
成都,2024-10-25,40.520833333333336,58.8125,南方
成都,2024-10-26,39.475,57.24166666666667,南方
成都,2024-10-27,38.550000000000004,55.80833333333334,南方
成都,2024-10-28,53.916666666666664,77.49166666666666,南方
成都,2024-10-29,58.61666666666667,83.97500000000001,南方
成都,2024-10-30,60.03333333333333,87.03750000000001,南方
成都,2024-10-31,51.50833333333333,74.27499999999999,南方
成都,2024-11-01,45.57916666666667,66.03750000000001,南方
成都,2024-11-02,52.00416666666666,74.95,南方
成都,2024-11-03,50.791666666666664,73.17916666666666,南方
成都,2024-11-04,43.54583333333333,68.68333333333334,南方
成都,2024-11-05,53.791666666666664,81.10416666666667,南方
成都,2024-11-06,49.666666666666664,72.09583333333333,南方
成都,2024-11-07,52.47083333333333,75.44166666666666,南方
成都,2024-11-08,53.5625,76.8,南方
成都,2024-11-09,42.612500000000004,61.18333333333334,南方
成都,2024-11-10,41.449999999999996,59.762499999999996,南方
成都,2024-11-11,47.604166666666664,68.41666666666667,南方
成都,2024-11-12,45.3125,62.0,南方
成都,2024-11-13,53.97083333333333,54.12916666666666,南方
成都,2024-11-14,95.54166666666667,95.575,南方
成都,2024-11-15,79.67083333333333,79.6875,南方
成都,2024-11-16,53.86666666666667,57.44166666666666,南方
成都,2024-11-17,41.38333333333333,44.5,南方
成都,2024-11-18,34.858333333333334,35.63333333333333,南方
成都,2024-11-19,55.7875,56.04583333333333,南方
成都,2024-11-20,65.01666666666667,65.26666666666667,南方
成都,2024-11-21,101.53333333333335,102.28750000000001,南方
成都,2024-11-22,110.91666666666667,111.1375,南方
成都,2024-11-23,80.80833333333334,80.97500000000001,南方
成都,2024-11-24,74.5625,74.94166666666666,南方
成都,2024-11-25,36.987500000000004,38.24583333333333,南方
成都,2024-11-26,76.74166666666666,79.79583333333333,南方
成都,2024-11-27,68.2375,70.32916666666667,南方
成都,2024-11-28,98.575,100.25833333333333,南方
成都,2024-11-29,115.09583333333335,116.37916666666666,南方
成都,2024-11-30,99.19166666666666,99.55833333333334,南方
成都,2024-12-01,87.8625,88.08333333333333,南方
成都,2024-12-02,126.17083333333333,126.33333333333333,南方
成都,2024-12-03,95.06666666666666,95.14166666666667,南方
成都,2024-12-04,101.25833333333333,101.97083333333335,南方
成都,2024-12-05,82.72916666666667,84.45416666666667,南方
成都,2024-12-06,70.27083333333333,71.52083333333333,南方
成都,2024-12-07,67.7625,68.6875,南方
成都,2024-12-08,56.237500000000004,56.80416666666667,南方
成都,2024-12-09,62.42916666666667,63.04583333333333,南方
成都,2024-12-10,65.0,65.25833333333334,南方
成都,2024-12-11,93.13333333333333,93.83333333333333,南方
成都,2024-12-12,88.21249999999999,88.84583333333335,南方
成都,2024-12-13,62.833333333333336,64.15833333333333,南方
成都,2024-12-14,73.55833333333334,74.83749999999999,南方
成都,2024-12-15,106.19166666666666,108.01666666666667,南方
成都,2024-12-16,100.02083333333333,100.52499999999999,南方
成都,2024-12-17,125.02499999999999,125.34166666666665,南方
成都,2024-12-18,167.53333333333333,168.30833333333334,南方
成都,2024-12-19,93.03333333333335,93.2375,南方
成都,2024-12-20,109.25,109.58749999999999,南方
成都,2024-12-21,132.84166666666667,133.29166666666666,南方
成都,2024-12-22,75.14583333333333,75.45416666666667,南方
成都,2024-12-23,81.41666666666667,81.93333333333334,南方
成都,2024-12-24,60.64166666666667,60.99583333333334,南方
成都,2024-12-25,87.6125,88.10416666666667,南方
成都,2024-12-26,116.22916666666667,116.81666666666666,南方
成都,2024-12-27,100.95416666666667,102.32083333333333,南方
成都,2024-12-28,89.29583333333333,90.59583333333335,南方
成都,2024-12-29,87.87916666666666,88.6125,南方
成都,2024-12-30,61.25416666666666,63.137499999999996,南方
成都,2024-12-31,134.14583333333334,137.7125,南方
杭州,2022-08-04,35.06875,51.4,南方
杭州,2022-08-05,38.90416666666667,56.76666666666667,南方
杭州,2022-08-06,45.949999999999996,65.9875,南方
杭州,2022-08-07,38.300000000000004,54.854166666666664,南方
杭州,2022-08-08,24.558333333333334,36.11666666666667,南方
杭州,2022-08-09,36.0375,53.166666666666664,南方
杭州,2022-08-10,52.69166666666666,76.22916666666667,南方
杭州,2022-08-11,69.47083333333333,100.24583333333334,南方
杭州,2022-08-12,51.199999999999996,74.875,南方
杭州,2022-08-13,51.449999999999996,74.69166666666666,南方
杭州,2022-08-14,63.88333333333333,92.07916666666667,南方
杭州,2022-08-15,43.979166666666664,63.475,南方
杭州,2022-08-16,46.03333333333333,66.075,南方
杭州,2022-08-17,76.25833333333334,109.46666666666665,南方
杭州,2022-08-18,146.20416666666668,210.4416666666667,南方
杭州,2022-08-19,43.75416666666666,63.525,南方
杭州,2022-08-20,51.59166666666667,74.4375,南方
杭州,2022-08-21,70.16250000000001,101.70416666666667,南方
杭州,2022-08-22,61.0,87.47500000000001,南方
杭州,2022-08-23,51.74583333333334,74.52916666666667,南方
杭州,2022-08-24,35.391666666666666,52.9,南方
杭州,2022-08-25,67.35416666666667,98.4375,南方
杭州,2022-08-26,39.74166666666667,57.145833333333336,南方
杭州,2022-08-27,31.8,45.958333333333336,南方
杭州,2022-08-28,35.770833333333336,55.25,南方
杭州,2022-08-29,35.19166666666667,51.791666666666664,南方
杭州,2022-08-30,21.458333333333332,30.733333333333334,南方
杭州,2022-08-31,27.125,38.97083333333334,南方
杭州,2022-09-01,36.75833333333333,55.854166666666664,南方
杭州,2022-09-02,23.28333333333333,38.395833333333336,南方
杭州,2022-09-03,13.458333333333334,19.970833333333335,南方
杭州,2022-09-04,13.204166666666666,19.583333333333332,南方
杭州,2022-09-05,19.258333333333333,28.866666666666664,南方
杭州,2022-09-06,52.98333333333333,80.72916666666667,南方
杭州,2022-09-07,82.66666666666667,122.26666666666667,南方
杭州,2022-09-08,90.80833333333334,132.62916666666666,南方
杭州,2022-09-09,57.1875,86.3625,南方
杭州,2022-09-10,64.39583333333333,95.34583333333335,南方
杭州,2022-09-11,43.30416666666667,64.53333333333333,南方
杭州,2022-09-12,32.92916666666667,48.824999999999996,南方
杭州,2022-09-13,16.641666666666666,24.520833333333332,南方
杭州,2022-09-14,12.975,18.900000000000002,南方
杭州,2022-09-15,19.329166666666666,27.745833333333334,南方
杭州,2022-09-16,54.1625,77.6375,南方
杭州,2022-09-17,53.97083333333333,77.22916666666667,南方
杭州,2022-09-18,40.34583333333333,58.90833333333333,南方
杭州,2022-09-19,29.662499999999998,44.612500000000004,南方
杭州,2022-09-20,25.337500000000002,41.520833333333336,南方
杭州,2022-09-21,28.954166666666666,44.60833333333333,南方
杭州,2022-09-22,58.57916666666667,86.75,南方
杭州,2022-09-23,64.72500000000001,96.075,南方
杭州,2022-09-24,30.525000000000002,47.30416666666667,南方
杭州,2022-09-25,34.483333333333334,53.4375,南方
杭州,2022-09-26,39.545833333333334,60.512499999999996,南方
杭州,2022-09-27,40.49166666666667,62.34166666666667,南方
杭州,2022-09-28,52.65,79.71249999999999,南方
杭州,2022-09-29,44.45416666666667,65.19583333333334,南方
杭州,2022-09-30,98.87916666666666,142.27916666666667,南方
杭州,2022-10-01,68.15833333333333,98.625,南方
杭州,2022-10-02,30.175,44.15833333333333,南方
杭州,2022-10-03,31.479166666666668,46.37916666666666,南方
杭州,2022-10-04,28.691666666666666,42.295833333333334,南方
杭州,2022-10-05,18.879166666666666,30.1125,南方
杭州,2022-10-06,18.004166666666666,27.212500000000002,南方
杭州,2022-10-07,23.325,34.78333333333333,南方
杭州,2022-10-08,32.050000000000004,50.57083333333333,南方
杭州,2022-10-09,24.566666666666666,36.016666666666666,南方
杭州,2022-10-10,23.099999999999998,33.050000000000004,南方
杭州,2022-10-11,38.80416666666667,56.31666666666666,南方
杭州,2022-10-12,27.420833333333334,41.7875,南方
杭州,2022-10-13,29.8625,46.625,南方
杭州,2022-10-14,29.087500000000002,46.354166666666664,南方
杭州,2022-10-15,31.795833333333334,49.9625,南方
杭州,2022-10-16,30.308333333333334,47.074999999999996,南方
杭州,2022-10-17,27.90416666666667,49.07916666666666,南方
杭州,2022-10-18,22.879166666666666,34.38333333333333,南方
杭州,2022-10-19,27.02916666666667,42.199999999999996,南方
杭州,2022-10-20,37.354166666666664,57.88333333333333,南方
杭州,2022-10-21,47.875,72.49583333333334,南方
杭州,2022-10-22,60.62916666666666,89.53750000000001,南方
杭州,2022-10-23,37.40416666666666,61.012499999999996,南方
杭州,2022-10-24,32.18333333333333,50.166666666666664,南方
杭州,2022-10-25,27.400000000000002,43.32083333333333,南方
杭州,2022-10-26,48.8125,74.92916666666666,南方
杭州,2022-10-27,25.912499999999998,39.137499999999996,南方
杭州,2022-10-28,28.02916666666667,46.387499999999996,南方
杭州,2022-10-29,29.004166666666666,46.74166666666667,南方
杭州,2022-10-30,35.34166666666667,56.01666666666667,南方
杭州,2022-10-31,29.275000000000002,45.32916666666667,南方
杭州,2022-11-01,29.995833333333334,46.37083333333334,南方
杭州,2022-11-02,44.87083333333334,73.625,南方
杭州,2022-11-03,46.520833333333336,72.40416666666667,南方
杭州,2022-11-04,24.545833333333334,41.208333333333336,南方
杭州,2022-11-05,39.0,60.020833333333336,南方
杭州,2022-11-06,53.949999999999996,82.90833333333333,南方
杭州,2022-11-07,49.42083333333333,74.47500000000001,南方
杭州,2022-11-08,49.05416666666667,74.0,南方
杭州,2022-11-09,51.5625,77.12083333333334,南方
杭州,2022-11-10,62.699999999999996,92.0,南方
杭州,2022-11-11,29.183333333333334,42.70416666666667,南方
杭州,2022-11-12,34.704166666666666,49.90416666666667,南方
杭州,2022-11-13,19.900000000000002,28.616666666666664,南方
杭州,2022-11-14,26.7,38.666666666666664,南方
杭州,2022-11-15,45.645833333333336,65.27083333333333,南方
杭州,2022-11-16,79.89583333333333,116.33749999999999,南方
杭州,2022-11-17,46.27916666666667,68.7,南方
杭州,2022-11-18,25.204166666666666,37.958333333333336,南方
杭州,2022-11-19,33.44166666666667,48.85833333333333,南方
杭州,2022-11-20,41.49583333333333,59.387499999999996,南方
杭州,2022-11-21,60.6875,86.875,南方
杭州,2022-11-22,37.3125,53.583333333333336,南方
杭州,2022-11-23,27.429166666666664,40.5875,南方
杭州,2022-11-24,43.612500000000004,66.93333333333334,南方
杭州,2022-11-25,66.42916666666666,98.52916666666665,南方
杭州,2022-11-26,66.92083333333333,96.73333333333333,南方
杭州,2022-11-27,53.604166666666664,79.375,南方
杭州,2022-11-28,51.02916666666667,73.0125,南方
杭州,2022-11-29,15.929166666666667,23.2625,南方
杭州,2022-11-30,19.533333333333335,28.9875,南方
杭州,2022-12-01,26.65416666666667,38.59583333333333,南方
杭州,2022-12-02,38.15833333333333,55.13333333333333,南方
杭州,2022-12-03,41.9,60.2125,南方
杭州,2022-12-04,25.316666666666666,39.38333333333333,南方
杭州,2022-12-05,21.795833333333334,32.8125,南方
杭州,2022-12-06,52.6875,78.23333333333333,南方
杭州,2022-12-07,61.01666666666667,95.04166666666667,南方
杭州,2022-12-08,81.21249999999999,129.88333333333335,南方
杭州,2022-12-09,49.1875,74.68333333333334,南方
杭州,2022-12-10,41.13333333333333,59.56666666666666,南方
杭州,2022-12-11,25.537499999999998,40.104166666666664,南方
杭州,2022-12-12,37.5375,55.583333333333336,南方
杭州,2022-12-13,46.09583333333333,66.83333333333333,南方
杭州,2022-12-14,0.7999999999999999,1.1291666666666667,南方
杭州,2022-12-15,0.7166666666666667,1.0333333333333334,南方
杭州,2022-12-16,19.787499999999998,32.05416666666667,南方
杭州,2022-12-17,23.025000000000002,33.887499999999996,南方
杭州,2022-12-18,42.87083333333334,61.5375,南方
杭州,2022-12-19,67.64583333333333,96.67083333333333,南方
杭州,2022-12-20,74.925,107.93333333333334,南方
杭州,2022-12-21,48.21666666666667,69.76666666666667,南方
杭州,2022-12-22,33.9,49.65833333333333,南方
杭州,2022-12-23,40.233333333333334,57.925000000000004,南方
杭州,2022-12-24,50.25,71.9875,南方
杭州,2022-12-25,58.375,84.00833333333334,南方
杭州,2022-12-26,75.32083333333334,109.10833333333333,南方
杭州,2022-12-27,95.05833333333334,136.82500000000002,南方
杭州,2022-12-28,87.325,125.69166666666666,南方
杭州,2022-12-29,67.71666666666667,100.52083333333333,南方
杭州,2022-12-30,68.52916666666667,100.17916666666667,南方
杭州,2022-12-31,98.04583333333333,141.8375,南方
杭州,2023-01-01,118.55416666666667,172.20833333333334,南方
杭州,2023-01-02,89.7625,134.64583333333334,南方
杭州,2023-01-03,42.050000000000004,65.20833333333333,南方
杭州,2023-01-04,75.625,116.29166666666667,南方
杭州,2023-01-05,72.97500000000001,120.34166666666665,南方
杭州,2023-01-06,70.85833333333333,103.97500000000001,南方
杭州,2023-01-07,88.71249999999999,127.98333333333333,南方
杭州,2023-01-08,100.9875,145.06666666666666,南方
杭州,2023-01-09,77.82916666666667,114.20416666666667,南方
杭州,2023-01-10,36.958333333333336,58.699999999999996,南方
杭州,2023-01-11,63.89166666666667,95.49166666666667,南方
杭州,2023-01-12,66.28333333333333,95.69166666666666,南方
杭州,2023-01-13,100.37916666666666,143.44166666666666,南方
杭州,2023-01-14,21.204166666666666,30.400000000000002,南方
杭州,2023-01-15,21.504166666666666,32.291666666666664,南方
杭州,2023-01-16,44.270833333333336,64.21666666666667,南方
杭州,2023-01-17,61.24583333333334,87.89999999999999,南方
杭州,2023-01-18,67.50416666666666,99.69583333333333,南方
杭州,2023-01-19,98.79583333333333,145.84583333333333,南方
杭州,2023-01-20,67.55833333333334,103.34166666666665,南方
杭州,2023-01-21,34.8125,55.71666666666667,南方
杭州,2023-01-22,36.579166666666666,53.03333333333333,南方
杭州,2023-01-23,22.2375,31.991666666666664,南方
杭州,2023-01-24,17.608333333333334,27.412499999999998,南方
杭州,2023-01-25,43.14166666666667,61.80416666666667,南方
杭州,2023-01-26,63.17083333333333,90.46666666666665,南方
杭州,2023-01-27,43.59166666666667,63.32916666666667,南方
杭州,2023-01-28,56.12916666666666,80.75416666666666,南方
杭州,2023-01-29,63.5375,91.94583333333333,南方
杭州,2023-01-30,66.83333333333333,95.89999999999999,南方
杭州,2023-01-31,76.96249999999999,109.99583333333334,南方
杭州,2023-02-01,78.6125,116.77083333333333,南方
杭州,2023-02-02,25.1375,40.25416666666667,南方
杭州,2023-02-03,27.570833333333336,41.71666666666667,南方
杭州,2023-02-04,47.63333333333333,72.37916666666666,南方
杭州,2023-02-05,35.7125,57.32083333333333,南方
杭州,2023-02-06,51.23333333333333,73.75,南方
杭州,2023-02-07,35.49166666666667,52.25416666666666,南方
杭州,2023-02-08,44.46666666666667,70.05833333333334,南方
杭州,2023-02-09,33.225,49.14166666666667,南方
杭州,2023-02-10,24.21666666666667,34.81666666666667,南方
杭州,2023-02-11,32.90416666666667,47.525,南方
杭州,2023-02-12,33.541666666666664,48.074999999999996,南方
杭州,2023-02-13,18.662499999999998,27.15416666666667,南方
杭州,2023-02-14,25.645833333333332,38.458333333333336,南方
杭州,2023-02-15,45.79583333333333,70.1375,南方
杭州,2023-02-16,58.34583333333333,87.84166666666665,南方
杭州,2023-02-17,68.425,101.95833333333333,南方
杭州,2023-02-18,79.52916666666667,115.27916666666665,南方
杭州,2023-02-19,71.925,103.57916666666667,南方
杭州,2023-02-20,72.1625,104.11666666666667,南方
杭州,2023-02-21,27.77916666666667,44.112500000000004,南方
杭州,2023-02-22,25.945833333333336,41.958333333333336,南方
杭州,2023-02-23,33.8125,50.01666666666667,南方
杭州,2023-02-24,24.979166666666668,36.0875,南方
杭州,2023-02-25,36.02916666666667,54.62916666666666,南方
杭州,2023-02-26,39.604166666666664,58.725,南方
杭州,2023-02-27,59.02916666666667,91.23333333333333,南方
杭州,2023-02-28,65.47916666666667,94.96666666666665,南方
杭州,2023-03-01,81.85833333333333,117.60000000000001,南方
杭州,2023-03-02,63.18333333333334,97.2375,南方
杭州,2023-03-03,57.912499999999994,88.39166666666667,南方
杭州,2023-03-04,90.79583333333333,132.82500000000002,南方
杭州,2023-03-05,112.77083333333333,163.35833333333332,南方
杭州,2023-03-06,77.99583333333332,112.55000000000001,南方
杭州,2023-03-07,75.3,108.05,南方
杭州,2023-03-08,78.54583333333333,112.75416666666666,南方
杭州,2023-03-09,56.324999999999996,81.97500000000001,南方
杭州,2023-03-10,61.637499999999996,88.78333333333335,南方
杭州,2023-03-11,53.5,77.35833333333333,南方
杭州,2023-03-12,41.225,62.81666666666666,南方
杭州,2023-03-13,40.824999999999996,61.20416666666667,南方
杭州,2023-03-14,54.23333333333333,78.37916666666666,南方
杭州,2023-03-15,43.98333333333333,65.37083333333334,南方
杭州,2023-03-16,26.495833333333334,45.958333333333336,南方
杭州,2023-03-17,23.183333333333334,35.9375,南方
杭州,2023-03-18,32.137499999999996,49.1,南方
杭州,2023-03-19,43.19166666666666,67.8125,南方
杭州,2023-03-20,55.4375,80.02083333333333,南方
杭州,2023-03-21,45.38333333333333,64.68333333333334,南方
杭州,2023-03-22,36.199999999999996,51.73333333333333,南方
杭州,2023-03-23,20.566666666666666,30.616666666666664,南方
杭州,2023-03-24,28.554166666666664,45.07083333333333,南方
杭州,2023-03-25,39.02916666666667,58.1,南方
杭州,2023-03-26,53.525,84.00416666666666,南方
杭州,2023-03-27,67.65833333333333,104.25,南方
杭州,2023-03-28,61.67083333333333,91.07083333333333,南方
杭州,2023-03-29,41.487500000000004,61.11666666666667,南方
杭州,2023-03-30,41.5125,62.862500000000004,南方
杭州,2023-03-31,59.43333333333334,88.49583333333334,南方
杭州,2023-04-01,61.40416666666667,90.13333333333333,南方
杭州,2023-04-02,59.61666666666667,87.31666666666666,南方
杭州,2023-04-03,33.37083333333333,49.94166666666666,南方
杭州,2023-04-04,24.645833333333332,36.36666666666667,南方
杭州,2023-04-05,25.02916666666667,35.729166666666664,南方
杭州,2023-04-06,37.979166666666664,54.23333333333333,南方
杭州,2023-04-07,38.604166666666664,55.949999999999996,南方
杭州,2023-04-08,53.00833333333333,78.24166666666666,南方
杭州,2023-04-09,61.9375,89.7625,南方
杭州,2023-04-10,54.550000000000004,78.625,南方
杭州,2023-04-11,55.96666666666667,82.35000000000001,南方
杭州,2023-04-12,40.53333333333333,71.8875,南方
杭州,2023-04-13,61.916666666666664,91.24166666666667,南方
杭州,2023-04-14,47.43333333333334,67.47916666666667,南方
杭州,2023-04-15,58.74166666666667,88.02916666666665,南方
杭州,2023-04-16,49.63333333333333,75.2625,南方
杭州,2023-04-17,58.44166666666666,85.85416666666667,南方
杭州,2023-04-18,54.19166666666666,78.52083333333333,南方
杭州,2023-04-19,30.087500000000002,43.25833333333333,南方
杭州,2023-04-20,28.037499999999998,41.199999999999996,南方
杭州,2023-04-21,32.266666666666666,47.96666666666667,南方
杭州,2023-04-22,34.670833333333334,53.145833333333336,南方
杭州,2023-04-23,25.3125,38.987500000000004,南方
杭州,2023-04-24,32.49166666666667,49.63333333333333,南方
杭州,2023-04-25,40.516666666666666,60.57916666666667,南方
杭州,2023-04-26,44.55833333333334,65.34583333333333,南方
杭州,2023-04-27,54.94583333333333,79.87916666666666,南方
杭州,2023-04-28,59.5875,87.53750000000001,南方
杭州,2023-04-29,57.449999999999996,83.81666666666666,南方
杭州,2023-04-30,52.824999999999996,78.24583333333334,南方
杭州,2023-05-01,51.87083333333334,76.675,南方
杭州,2023-05-02,29.4375,43.050000000000004,南方
杭州,2023-05-03,32.550000000000004,47.1,南方
杭州,2023-05-04,33.2875,48.32916666666667,南方
杭州,2023-05-05,41.729166666666664,59.8125,南方
杭州,2023-05-06,39.0375,55.9375,南方
杭州,2023-05-07,24.241666666666664,35.391666666666666,南方
杭州,2023-05-08,50.94166666666666,74.87083333333334,南方
杭州,2023-05-09,59.574999999999996,86.02499999999999,南方
杭州,2023-05-10,49.5375,71.83333333333333,南方
杭州,2023-05-11,46.050000000000004,66.75833333333334,南方
杭州,2023-05-12,68.96666666666667,98.87916666666666,南方
杭州,2023-05-13,61.550000000000004,88.875,南方
杭州,2023-05-14,45.949999999999996,69.56666666666666,南方
杭州,2023-05-15,41.56666666666667,61.9,南方
杭州,2023-05-16,52.84166666666667,76.84583333333333,南方
杭州,2023-05-17,30.833333333333332,44.42916666666667,南方
杭州,2023-05-18,28.820833333333336,41.57083333333333,南方
杭州,2023-05-19,33.35,48.854166666666664,南方
杭州,2023-05-20,58.887499999999996,85.37083333333334,南方
杭州,2023-05-21,54.762499999999996,78.74166666666666,南方
杭州,2023-05-22,25.575,37.775,南方
杭州,2023-05-23,35.6,51.125,南方
杭州,2023-05-24,52.75,75.72500000000001,南方
杭州,2023-05-25,62.22083333333333,89.51666666666667,南方
杭州,2023-05-26,57.9375,83.95833333333333,南方
杭州,2023-05-27,39.82083333333333,57.35833333333333,南方
杭州,2023-05-28,39.68333333333333,58.51666666666667,南方
杭州,2023-05-29,52.458333333333336,75.42083333333333,南方
杭州,2023-05-30,41.62916666666667,59.737500000000004,南方
杭州,2023-05-31,41.87083333333333,60.208333333333336,南方
杭州,2023-06-01,56.975,82.94166666666666,南方
杭州,2023-06-02,73.40833333333333,105.93333333333334,南方
杭州,2023-06-03,81.66666666666667,119.92083333333333,南方
杭州,2023-06-04,79.41250000000001,117.27916666666665,南方
杭州,2023-06-05,51.97083333333333,75.79166666666667,南方
杭州,2023-06-06,34.1,48.76666666666667,南方
杭州,2023-06-07,58.92083333333333,84.20833333333333,南方
杭州,2023-06-08,47.23333333333333,67.51666666666667,南方
杭州,2023-06-09,52.24166666666667,74.62083333333334,南方
杭州,2023-06-10,66.50833333333334,95.05416666666667,南方
杭州,2023-06-11,54.625,78.45833333333333,南方
杭州,2023-06-12,72.60416666666667,104.82916666666667,南方
杭州,2023-06-13,88.21249999999999,126.8125,南方
杭州,2023-06-14,119.24583333333334,171.29583333333335,南方
杭州,2023-06-15,78.55,112.42916666666667,南方
杭州,2023-06-16,142.65833333333333,204.19583333333333,南方
杭州,2023-06-17,47.09583333333333,67.7625,南方
杭州,2023-06-18,76.66250000000001,109.71249999999999,南方
杭州,2023-06-19,46.50833333333333,66.64166666666667,南方
杭州,2023-06-20,30.0125,42.887499999999996,南方
杭州,2023-06-21,65.83333333333333,95.8125,南方
杭州,2023-06-22,108.72083333333335,156.59583333333333,南方
杭州,2023-06-23,33.833333333333336,48.36666666666667,南方
杭州,2023-06-24,30.84583333333333,44.083333333333336,南方
杭州,2023-06-25,36.416666666666664,52.15833333333333,南方
杭州,2023-06-26,27.554166666666664,39.5625,南方
杭州,2023-06-27,31.7625,46.69583333333333,南方
杭州,2023-06-28,27.954166666666666,41.420833333333334,南方
杭州,2023-06-29,23.704166666666666,34.795833333333334,南方
杭州,2023-06-30,38.65,56.05833333333334,南方
杭州,2023-07-01,31.462500000000002,45.262499999999996,南方
杭州,2023-07-02,52.10833333333333,75.21249999999999,南方
杭州,2023-07-03,43.612500000000004,63.06666666666666,南方
杭州,2023-07-04,26.941666666666666,39.25,南方
杭州,2023-07-05,22.825,32.775,南方
杭州,2023-07-06,23.34583333333333,33.84166666666667,南方
杭州,2023-07-07,24.55,36.375,南方
杭州,2023-07-08,29.708333333333332,43.54583333333333,南方
杭州,2023-07-09,40.49166666666667,58.699999999999996,南方
杭州,2023-07-10,41.17916666666667,59.36666666666667,南方
杭州,2023-07-11,50.90833333333333,74.33749999999999,南方
杭州,2023-07-12,48.074999999999996,69.41250000000001,南方
杭州,2023-07-13,48.32916666666667,70.09166666666667,南方
杭州,2023-07-14,46.762499999999996,68.47500000000001,南方
杭州,2023-07-15,58.54583333333333,85.04166666666667,南方
杭州,2023-07-16,55.84166666666667,82.11666666666666,南方
杭州,2023-07-17,39.50833333333333,58.65,南方
杭州,2023-07-18,58.612500000000004,85.72083333333335,南方
杭州,2023-07-19,96.77916666666665,139.32916666666668,南方
杭州,2023-07-20,55.5375,79.53333333333333,南方
杭州,2023-07-21,53.979166666666664,77.42083333333333,南方
杭州,2023-07-22,34.82083333333333,49.87916666666666,南方
杭州,2023-07-23,30.2,43.354166666666664,南方
杭州,2023-07-24,34.862500000000004,50.050000000000004,南方
杭州,2023-07-25,36.329166666666666,53.62916666666666,南方
杭州,2023-07-26,19.891666666666666,31.858333333333334,南方
杭州,2023-07-27,14.200000000000001,21.34166666666667,南方
杭州,2023-07-28,8.75,12.85,南方
杭州,2023-07-29,11.045833333333334,16.170833333333334,南方
杭州,2023-07-30,21.608333333333334,32.608333333333334,南方
杭州,2023-07-31,27.570833333333336,42.079166666666666,南方
杭州,2023-08-01,16.208333333333332,25.520833333333332,南方
杭州,2023-08-02,24.3125,39.737500000000004,南方
杭州,2023-08-03,25.916666666666668,40.38333333333333,南方
杭州,2023-08-04,28.829166666666666,46.00833333333333,南方
杭州,2023-08-05,39.333333333333336,59.55833333333334,南方
杭州,2023-08-06,65.15833333333333,96.87083333333334,南方
杭州,2023-08-07,51.4,74.40416666666667,南方
杭州,2023-08-08,49.175000000000004,73.29583333333333,南方
杭州,2023-08-09,50.94166666666666,78.46249999999999,南方
杭州,2023-08-10,44.79583333333333,68.25833333333334,南方
杭州,2023-08-11,66.64583333333333,103.69166666666666,南方
杭州,2023-08-12,69.14999999999999,101.5625,南方
杭州,2023-08-13,56.19583333333333,81.57083333333334,南方
杭州,2023-08-14,53.84166666666667,79.05,南方
杭州,2023-08-15,42.44166666666667,63.8125,南方
杭州,2023-08-16,57.80833333333333,86.29166666666667,南方
杭州,2023-08-17,67.95833333333333,100.44166666666666,南方
杭州,2023-08-18,57.137499999999996,84.72083333333333,南方
杭州,2023-08-19,32.40833333333333,47.770833333333336,南方
杭州,2023-08-20,29.291666666666668,43.02916666666667,南方
杭州,2023-08-21,37.19583333333333,53.42083333333333,南方
杭州,2023-08-22,40.833333333333336,58.35833333333333,南方
杭州,2023-08-23,43.083333333333336,67.70416666666667,南方
杭州,2023-08-24,73.425,116.30833333333334,南方
杭州,2023-08-25,88.46249999999999,134.54999999999998,南方
杭州,2023-08-26,55.42083333333333,82.09166666666667,南方
杭州,2023-08-27,31.679166666666664,46.97083333333333,南方
杭州,2023-08-28,35.416666666666664,51.35,南方
杭州,2023-08-29,26.204166666666666,37.475,南方
杭州,2023-08-30,30.516666666666666,45.262499999999996,南方
杭州,2023-08-31,39.21666666666667,61.041666666666664,南方
杭州,2023-09-01,34.50833333333333,56.62083333333334,南方
杭州,2023-09-02,33.03333333333333,54.53333333333333,南方
杭州,2023-09-03,39.75416666666667,61.675000000000004,南方
杭州,2023-09-04,45.725,67.98333333333333,南方
杭州,2023-09-05,37.362500000000004,55.949999999999996,南方
杭州,2023-09-06,39.25833333333333,58.4375,南方
杭州,2023-09-07,52.17083333333333,79.33333333333333,南方
杭州,2023-09-08,84.82916666666667,126.76249999999999,南方
杭州,2023-09-09,83.50416666666666,124.84166666666665,南方
杭州,2023-09-10,57.11666666666667,86.35833333333333,南方
杭州,2023-09-11,64.47916666666667,97.1375,南方
杭州,2023-09-12,56.67083333333333,85.32916666666667,南方
杭州,2023-09-13,26.09166666666667,39.2875,南方
杭州,2023-09-14,20.570833333333333,29.995833333333334,南方
杭州,2023-09-15,26.712500000000002,38.237500000000004,南方
杭州,2023-09-16,32.90833333333333,47.04583333333333,南方
杭州,2023-09-17,49.275,70.74583333333334,南方
杭州,2023-09-18,64.64999999999999,92.96249999999999,南方
杭州,2023-09-19,53.00416666666666,76.86666666666666,南方
杭州,2023-09-20,25.8125,37.61666666666667,南方
杭州,2023-09-21,21.483333333333334,33.025,南方
杭州,2023-09-22,25.325,37.987500000000004,南方
杭州,2023-09-23,28.308333333333334,42.020833333333336,南方
杭州,2023-09-24,36.36666666666667,52.69166666666666,南方
杭州,2023-09-25,52.05833333333334,74.90416666666667,南方
杭州,2023-09-26,65.70833333333333,94.60833333333333,南方
杭州,2023-09-27,78.37083333333334,113.29583333333333,南方
杭州,2023-09-28,77.15416666666667,111.33749999999999,南方
杭州,2023-09-29,65.575,96.075,南方
杭州,2023-09-30,31.0625,44.76666666666667,南方
杭州,2023-10-01,33.24583333333333,53.93333333333334,南方
杭州,2023-10-02,30.45,50.75,南方
杭州,2023-10-03,39.608333333333334,61.34166666666667,南方
杭州,2023-10-04,28.5,46.09166666666667,南方
杭州,2023-10-05,27.40416666666667,46.59166666666667,南方
杭州,2023-10-06,26.391666666666666,43.35833333333333,南方
杭州,2023-10-07,31.962500000000002,51.0,南方
杭州,2023-10-08,23.291666666666668,34.5375,南方
杭州,2023-10-09,42.229166666666664,62.5,南方
杭州,2023-10-10,53.96666666666667,83.93333333333334,南方
杭州,2023-10-11,38.53333333333333,61.895833333333336,南方
杭州,2023-10-12,36.108333333333334,56.76666666666667,南方
杭州,2023-10-13,43.458333333333336,68.61666666666666,南方
杭州,2023-10-14,53.416666666666664,81.9375,南方
杭州,2023-10-15,51.40833333333333,76.75416666666666,南方
杭州,2023-10-16,56.05833333333334,86.3125,南方
杭州,2023-10-17,88.86666666666667,139.20833333333334,南方
杭州,2023-10-18,67.02499999999999,104.79583333333333,南方
杭州,2023-10-19,62.662499999999994,93.925,南方
杭州,2023-10-20,25.849999999999998,39.854166666666664,南方
杭州,2023-10-21,29.46666666666667,43.1,南方
杭州,2023-10-22,44.87083333333334,67.08749999999999,南方
杭州,2023-10-23,51.15416666666667,77.15416666666667,南方
杭州,2023-10-24,50.487500000000004,74.24166666666666,南方
杭州,2023-10-25,66.60833333333333,97.42083333333333,南方
杭州,2023-10-26,92.52499999999999,135.81666666666666,南方
杭州,2023-10-27,81.28333333333333,124.36666666666667,南方
杭州,2023-10-28,29.375,47.68333333333334,南方
杭州,2023-10-29,38.31666666666667,60.4375,南方
杭州,2023-10-30,47.975,76.02916666666667,南方
杭州,2023-10-31,61.25,93.7625,南方
杭州,2023-11-01,47.99166666666667,71.14999999999999,南方
杭州,2023-11-02,36.84583333333333,54.3375,南方
杭州,2023-11-03,45.06666666666666,65.11666666666666,南方
杭州,2023-11-04,52.1875,76.26666666666667,南方
杭州,2023-11-05,36.050000000000004,52.35,南方
杭州,2023-11-06,16.7625,24.058333333333334,南方
杭州,2023-11-07,33.78333333333333,48.25416666666666,南方
杭州,2023-11-08,39.09166666666667,55.9375,南方
杭州,2023-11-09,47.4375,68.0,南方
杭州,2023-11-10,22.358333333333334,37.083333333333336,南方
杭州,2023-11-11,22.575,37.92916666666667,南方
杭州,2023-11-12,20.566666666666666,31.36666666666667,南方
杭州,2023-11-13,30.099999999999998,43.60833333333333,南方
杭州,2023-11-14,49.725,72.41250000000001,南方
杭州,2023-11-15,70.5625,103.92916666666667,南方
杭州,2023-11-16,43.75833333333333,66.88333333333334,南方
杭州,2023-11-17,25.695833333333336,41.449999999999996,南方
杭州,2023-11-18,38.137499999999996,56.104166666666664,南方
杭州,2023-11-19,53.87083333333334,78.07916666666667,南方
杭州,2023-11-20,61.208333333333336,88.11666666666667,南方
杭州,2023-11-21,74.49166666666666,107.23333333333333,南方
杭州,2023-11-22,61.49166666666667,88.3875,南方
杭州,2023-11-23,64.32083333333334,96.85416666666667,南方
杭州,2023-11-24,21.183333333333334,31.45,南方
杭州,2023-11-25,32.9,50.425000000000004,南方
杭州,2023-11-26,66.02083333333333,97.5125,南方
杭州,2023-11-27,67.28750000000001,97.91250000000001,南方
杭州,2023-11-28,52.97083333333333,84.4375,南方
杭州,2023-11-29,52.525,80.71249999999999,南方
杭州,2023-11-30,20.070833333333333,31.566666666666666,南方
杭州,2023-12-01,35.666666666666664,51.300000000000004,南方
杭州,2023-12-02,68.28750000000001,97.77499999999999,南方
杭州,2023-12-03,88.74583333333334,127.09583333333335,南方
杭州,2023-12-04,98.575,141.45833333333334,南方
杭州,2023-12-05,76.92916666666666,110.27499999999999,南方
杭州,2023-12-06,55.42083333333333,81.3875,南方
杭州,2023-12-07,49.237500000000004,73.29166666666667,南方
杭州,2023-12-08,38.550000000000004,56.19166666666666,南方
杭州,2023-12-09,51.262499999999996,73.46249999999999,南方
杭州,2023-12-10,68.05416666666666,98.29583333333333,南方
杭州,2023-12-11,13.737499999999999,19.7625,南方
杭州,2023-12-12,17.8,25.825,南方
杭州,2023-12-13,52.92916666666667,83.73333333333333,南方
杭州,2023-12-14,68.75,108.69583333333333,南方
杭州,2023-12-15,25.7625,36.72083333333334,南方
杭州,2023-12-16,22.866666666666664,32.791666666666664,南方
杭州,2023-12-17,22.474999999999998,32.166666666666664,南方
杭州,2023-12-18,30.833333333333332,44.550000000000004,南方
杭州,2023-12-19,16.650000000000002,23.879166666666666,南方
杭州,2023-12-20,46.9,68.45416666666667,南方
杭州,2023-12-21,35.6375,51.31666666666666,南方
杭州,2023-12-22,52.85,75.68333333333334,南方
杭州,2023-12-23,110.73333333333333,158.36666666666667,南方
杭州,2023-12-24,105.1125,152.6625,南方
杭州,2023-12-25,107.00416666666666,158.3125,南方
杭州,2023-12-26,127.075,186.1625,南方
杭州,2023-12-27,132.1625,192.725,南方
杭州,2023-12-28,117.84583333333335,172.22083333333333,南方
杭州,2023-12-29,116.22916666666667,170.3375,南方
杭州,2023-12-30,122.07083333333333,175.71666666666667,南方
杭州,2023-12-31,93.45,140.80833333333334,南方
杭州,2024-01-01,78.37916666666666,120.0625,南方
杭州,2024-01-02,90.03333333333335,134.12916666666666,南方
杭州,2024-01-03,48.645833333333336,71.64999999999999,南方
杭州,2024-01-04,98.70416666666667,143.09583333333333,南方
杭州,2024-01-05,78.81666666666666,113.15833333333335,南方
杭州,2024-01-06,92.79583333333333,133.49166666666667,南方
杭州,2024-01-07,81.07083333333334,122.39166666666667,南方
杭州,2024-01-08,66.39999999999999,98.6875,南方
杭州,2024-01-09,72.25833333333334,104.20416666666667,南方
杭州,2024-01-10,89.71666666666665,133.42499999999998,南方
杭州,2024-01-11,104.12916666666666,153.5,南方
杭州,2024-01-12,68.71666666666667,100.25416666666666,南方
杭州,2024-01-13,100.10000000000001,146.38750000000002,南方
杭州,2024-01-14,71.63333333333334,104.65833333333335,南方
杭州,2024-01-15,31.375,49.37083333333334,南方
杭州,2024-01-16,41.17916666666667,62.59166666666667,南方
杭州,2024-01-17,46.60833333333333,68.92916666666666,南方
杭州,2024-01-18,28.34166666666667,40.612500000000004,南方
杭州,2024-01-19,26.358333333333334,38.37083333333333,南方
杭州,2024-01-20,11.354166666666666,16.420833333333334,南方
杭州,2024-01-21,22.349999999999998,33.050000000000004,南方
杭州,2024-01-22,16.804166666666667,24.837500000000002,南方
杭州,2024-01-23,23.554166666666664,33.699999999999996,南方
杭州,2024-01-24,33.74583333333333,48.23333333333333,南方
杭州,2024-01-25,62.9,90.04583333333333,南方
杭州,2024-01-26,85.30833333333332,122.8125,南方
杭州,2024-01-27,101.96249999999999,147.65833333333333,南方
杭州,2024-01-28,83.25833333333334,125.125,南方
杭州,2024-01-29,108.75833333333333,165.0375,南方
杭州,2024-01-30,71.7375,104.14583333333333,南方
杭州,2024-01-31,56.475,80.89583333333333,南方
杭州,2024-02-01,17.379166666666666,25.34583333333333,南方
杭州,2024-02-02,21.0125,31.733333333333334,南方
杭州,2024-02-03,18.783333333333335,28.025000000000002,南方
杭州,2024-02-04,14.066666666666668,20.179166666666667,南方
杭州,2024-02-05,11.016666666666666,15.829166666666666,南方
杭州,2024-02-06,25.129166666666666,36.42916666666667,南方
杭州,2024-02-07,59.65,95.32916666666667,南方
杭州,2024-02-08,107.02083333333333,163.525,南方
杭州,2024-02-09,109.83333333333333,164.79999999999998,南方
杭州,2024-02-10,80.71249999999999,121.49166666666667,南方
杭州,2024-02-11,66.3875,104.87083333333334,南方
杭州,2024-02-12,74.38333333333334,110.85416666666667,南方
杭州,2024-02-13,39.358333333333334,60.44166666666666,南方
杭州,2024-02-14,53.24583333333334,78.14999999999999,南方
杭州,2024-02-15,50.762499999999996,73.50416666666666,南方
杭州,2024-02-16,35.358333333333334,54.300000000000004,南方
杭州,2024-02-17,54.199999999999996,78.375,南方
杭州,2024-02-18,40.65,58.958333333333336,南方
杭州,2024-02-19,42.25,61.25833333333333,南方
杭州,2024-02-20,19.954166666666666,29.141666666666666,南方
杭州,2024-02-21,12.295833333333334,17.724999999999998,南方
杭州,2024-02-22,9.475,13.6,南方
杭州,2024-02-23,12.866666666666667,19.1375,南方
杭州,2024-02-24,9.291666666666666,13.379166666666668,南方
杭州,2024-02-25,18.408333333333335,27.120833333333334,南方
杭州,2024-02-26,55.90416666666667,86.90416666666665,南方
杭州,2024-02-27,37.93333333333333,62.574999999999996,南方
杭州,2024-02-28,45.137499999999996,67.77499999999999,南方
杭州,2024-02-29,11.762500000000001,16.895833333333332,南方
杭州,2024-03-01,27.141666666666666,42.87083333333334,南方
杭州,2024-03-02,72.84583333333333,109.46666666666665,南方
杭州,2024-03-03,63.512499999999996,94.075,南方
杭州,2024-03-04,56.81666666666666,83.65833333333333,南方
杭州,2024-03-05,28.46666666666667,40.7125,南方
杭州,2024-03-06,38.80833333333333,65.3625,南方
杭州,2024-03-07,66.25,102.99583333333334,南方
杭州,2024-03-08,53.645833333333336,89.8,南方
杭州,2024-03-09,69.43333333333334,114.45833333333333,南方
杭州,2024-03-10,55.87083333333334,91.58749999999999,南方
杭州,2024-03-11,56.237500000000004,86.27916666666665,南方
杭州,2024-03-12,51.74166666666667,87.01666666666667,南方
杭州,2024-03-13,68.17083333333333,105.57916666666667,南方
杭州,2024-03-14,95.36666666666667,145.55833333333334,南方
杭州,2024-03-15,73.675,114.35416666666667,南方
杭州,2024-03-16,58.1,84.79583333333333,南方
杭州,2024-03-17,61.0875,92.15416666666665,南方
杭州,2024-03-18,42.97083333333333,66.44583333333334,南方
杭州,2024-03-19,43.60833333333333,67.59166666666667,南方
杭州,2024-03-20,43.74166666666667,78.3625,南方
杭州,2024-03-21,52.475,84.44166666666666,南方
杭州,2024-03-22,34.9,53.00833333333333,南方
杭州,2024-03-23,40.925,59.98333333333333,南方
杭州,2024-03-24,33.074999999999996,47.708333333333336,南方
杭州,2024-03-25,27.308333333333334,39.05,南方
杭州,2024-03-26,25.491666666666664,37.333333333333336,南方
杭州,2024-03-27,55.525,82.40416666666667,南方
杭州,2024-03-28,46.15416666666667,66.8625,南方
杭州,2024-03-29,28.491666666666664,44.2875,南方
杭州,2024-03-30,37.65416666666667,55.583333333333336,南方
杭州,2024-03-31,70.88333333333334,105.77499999999999,南方
杭州,2024-04-01,71.72916666666667,108.425,南方
杭州,2024-04-02,33.25833333333333,50.050000000000004,南方
杭州,2024-04-03,18.383333333333333,26.679166666666664,南方
杭州,2024-04-04,41.65,65.8875,南方
杭州,2024-04-05,40.229166666666664,62.324999999999996,南方
杭州,2024-04-06,30.416666666666668,49.32916666666667,南方
杭州,2024-04-07,38.53333333333333,58.762499999999996,南方
杭州,2024-04-08,34.56666666666667,51.92083333333333,南方
杭州,2024-04-09,58.979166666666664,102.4875,南方
杭州,2024-04-10,51.520833333333336,86.47916666666667,南方
杭州,2024-04-11,55.15,91.72500000000001,南方
杭州,2024-04-12,38.300000000000004,56.25,南方
杭州,2024-04-13,32.34583333333333,46.99583333333334,南方
杭州,2024-04-14,26.7375,38.262499999999996,南方
杭州,2024-04-15,44.270833333333336,63.854166666666664,南方
杭州,2024-04-16,64.10833333333333,93.41666666666667,南方
杭州,2024-04-17,20.108333333333334,28.766666666666666,南方
杭州,2024-04-18,44.99166666666667,66.7,南方
杭州,2024-04-19,47.15833333333333,71.31666666666666,南方
杭州,2024-04-20,28.537499999999998,41.52916666666667,南方
杭州,2024-04-21,33.80416666666667,48.70416666666667,南方
杭州,2024-04-22,28.0625,40.18333333333333,南方
杭州,2024-04-23,38.270833333333336,56.70416666666667,南方
杭州,2024-04-24,53.0375,82.99583333333334,南方
杭州,2024-04-25,49.05833333333334,74.07083333333334,南方
杭州,2024-04-26,38.104166666666664,55.95416666666667,南方
杭州,2024-04-27,33.07083333333333,49.4625,南方
杭州,2024-04-28,33.3375,47.6875,南方
杭州,2024-04-29,27.9375,39.92916666666667,南方
杭州,2024-04-30,41.7875,61.24166666666667,南方
杭州,2024-05-01,36.90833333333333,55.13333333333333,南方
杭州,2024-05-02,49.979166666666664,74.64583333333333,南方
杭州,2024-05-03,27.895833333333332,43.47083333333333,南方
杭州,2024-05-04,35.1625,51.824999999999996,南方
杭州,2024-05-05,31.4375,44.90416666666667,南方
杭州,2024-05-06,41.7125,60.137499999999996,南方
杭州,2024-05-07,79.27916666666667,118.74166666666667,南方
杭州,2024-05-08,57.11666666666667,84.05416666666666,南方
杭州,2024-05-09,32.324999999999996,48.01666666666667,南方
杭州,2024-05-10,40.96666666666667,61.387499999999996,南方
杭州,2024-05-11,34.92916666666667,51.17916666666667,南方
杭州,2024-05-12,30.916666666666668,54.7125,南方
杭州,2024-05-13,47.22083333333333,77.98333333333333,南方
杭州,2024-05-14,54.23333333333333,82.66666666666667,南方
杭州,2024-05-15,51.60833333333333,79.78750000000001,南方
杭州,2024-05-16,35.0875,51.10833333333333,南方
杭州,2024-05-17,38.199999999999996,55.824999999999996,南方
杭州,2024-05-18,43.541666666666664,67.00833333333334,南方
杭州,2024-05-19,56.199999999999996,85.46249999999999,南方
杭州,2024-05-20,69.1875,102.26666666666667,南方
杭州,2024-05-21,69.5,100.60000000000001,南方
杭州,2024-05-22,68.91666666666667,101.97916666666667,南方
杭州,2024-05-23,138.54999999999998,199.96666666666667,南方
杭州,2024-05-24,126.02499999999999,181.23333333333335,南方
杭州,2024-05-25,44.01666666666667,63.270833333333336,南方
杭州,2024-05-26,24.05,34.516666666666666,南方
杭州,2024-05-27,36.175000000000004,53.199999999999996,南方
杭州,2024-05-28,33.608333333333334,49.39166666666667,南方
杭州,2024-05-29,32.06666666666667,48.03333333333333,南方
杭州,2024-05-30,37.0875,56.2875,南方
杭州,2024-05-31,64.91666666666667,92.77916666666665,南方
杭州,2024-06-01,64.37083333333334,94.41250000000001,南方
杭州,2024-06-02,44.041666666666664,66.63333333333334,南方
杭州,2024-06-03,64.89166666666667,94.94583333333333,南方
杭州,2024-06-04,52.458333333333336,79.22500000000001,南方
杭州,2024-06-05,70.25,104.02083333333333,南方
杭州,2024-06-06,30.3875,45.300000000000004,南方
杭州,2024-06-07,37.016666666666666,54.775,南方
杭州,2024-06-08,57.025,83.7,南方
杭州,2024-06-09,75.66666666666667,109.90833333333335,南方
杭州,2024-06-10,30.604166666666668,43.94166666666666,南方
杭州,2024-06-11,34.18333333333333,48.86666666666667,南方
杭州,2024-06-12,56.82916666666667,81.77499999999999,南方
杭州,2024-06-13,70.60833333333333,102.15833333333335,南方
杭州,2024-06-14,50.645833333333336,75.58749999999999,南方
杭州,2024-06-15,62.625,95.18333333333334,南方
杭州,2024-06-16,47.833333333333336,71.83333333333333,南方
杭州,2024-06-17,23.208333333333332,34.458333333333336,南方
杭州,2024-06-18,39.55833333333333,57.229166666666664,南方
杭州,2024-06-19,35.34166666666667,50.56666666666667,南方
杭州,2024-06-20,22.695833333333336,32.4375,南方
杭州,2024-06-21,29.962500000000002,43.145833333333336,南方
杭州,2024-06-22,25.566666666666666,37.454166666666666,南方
杭州,2024-06-23,29.900000000000002,42.74583333333334,南方
杭州,2024-06-24,37.762499999999996,54.32083333333333,南方
杭州,2024-06-25,31.679166666666664,44.762499999999996,南方
杭州,2024-06-26,34.891666666666666,49.61666666666667,南方
杭州,2024-06-27,39.02916666666666,55.71666666666667,南方
杭州,2024-06-28,44.449999999999996,63.74583333333334,南方
杭州,2024-06-29,24.05,35.770833333333336,南方
杭州,2024-06-30,39.016666666666666,56.324999999999996,南方
杭州,2024-07-01,49.25416666666666,70.48333333333333,南方
杭州,2024-07-02,25.945833333333336,37.59583333333333,南方
杭州,2024-07-03,36.0875,51.7125,南方
杭州,2024-07-04,30.675,43.94583333333333,南方
杭州,2024-07-05,24.22083333333333,34.833333333333336,南方
杭州,2024-07-06,27.133333333333336,39.479166666666664,南方
杭州,2024-07-07,26.78333333333333,38.625,南方
杭州,2024-07-08,25.895833333333332,37.645833333333336,南方
杭州,2024-07-09,28.270833333333332,41.93333333333333,南方
杭州,2024-07-10,32.525,48.824999999999996,南方
杭州,2024-07-11,36.516666666666666,52.574999999999996,南方
杭州,2024-07-12,60.20416666666667,86.4875,南方
杭州,2024-07-13,52.84166666666667,76.4875,南方
杭州,2024-07-14,54.3125,78.37916666666666,南方
杭州,2024-07-15,70.69166666666666,101.96666666666665,南方
杭州,2024-07-16,35.25416666666667,52.28333333333333,南方
杭州,2024-07-17,39.30833333333333,58.987500000000004,南方
杭州,2024-07-18,25.370833333333334,37.12083333333333,南方
杭州,2024-07-19,30.462500000000002,43.887499999999996,南方
杭州,2024-07-20,36.15,52.90416666666667,南方
杭州,2024-07-21,42.5875,62.0875,南方
杭州,2024-07-22,28.7625,43.09583333333333,南方
杭州,2024-07-23,21.379166666666666,32.958333333333336,南方
杭州,2024-07-24,13.541666666666666,21.9375,南方
杭州,2024-07-25,10.166666666666666,17.083333333333332,南方
杭州,2024-07-26,8.737499999999999,13.479166666666666,南方
杭州,2024-07-27,7.845833333333334,11.716666666666667,南方
杭州,2024-07-28,10.404166666666667,15.941666666666668,南方
杭州,2024-07-29,13.466666666666667,20.525000000000002,南方
杭州,2024-07-30,14.450000000000001,22.875,南方
杭州,2024-07-31,25.087500000000002,37.512499999999996,南方
杭州,2024-08-01,21.45,31.083333333333332,南方
杭州,2024-08-02,27.925,40.266666666666666,南方
杭州,2024-08-03,50.775,73.08333333333333,南方
杭州,2024-08-04,42.65,61.42083333333333,南方
杭州,2024-08-05,45.65833333333333,65.67916666666666,南方
杭州,2024-08-06,44.05416666666667,63.67083333333333,南方
杭州,2024-08-07,39.75,58.57916666666667,南方
杭州,2024-08-08,49.958333333333336,74.39999999999999,南方
杭州,2024-08-09,60.84583333333333,88.51666666666667,南方
杭州,2024-08-10,44.37916666666666,64.04166666666667,南方
杭州,2024-08-11,45.63333333333333,65.55833333333334,南方
杭州,2024-08-12,49.4125,71.04583333333333,南方
杭州,2024-08-13,59.895833333333336,86.17083333333333,南方
杭州,2024-08-14,49.74583333333334,74.0,南方
杭州,2024-08-15,40.00416666666667,60.72083333333333,南方
杭州,2024-08-16,73.5125,108.25833333333333,南方
杭州,2024-08-17,66.74583333333334,98.29166666666667,南方
杭州,2024-08-18,35.104166666666664,52.675000000000004,南方
杭州,2024-08-19,24.358333333333334,36.18333333333333,南方
杭州,2024-08-20,34.42916666666667,50.51666666666667,南方
杭州,2024-08-21,33.90833333333333,48.76666666666667,南方
杭州,2024-08-22,49.65833333333333,71.66666666666667,南方
杭州,2024-08-23,68.37083333333334,98.85833333333333,南方
杭州,2024-08-24,70.47083333333333,102.04583333333333,南方
杭州,2024-08-25,60.97083333333333,88.99583333333334,南方
杭州,2024-08-26,50.00833333333333,73.41666666666667,南方
杭州,2024-08-27,52.30833333333334,75.58333333333333,南方
杭州,2024-08-28,41.09166666666667,59.729166666666664,南方
杭州,2024-08-29,32.329166666666666,50.375,南方
杭州,2024-08-30,79.70416666666667,117.31666666666666,南方
杭州,2024-08-31,117.4375,170.025,南方
杭州,2024-09-01,67.19166666666666,99.49583333333334,南方
杭州,2024-09-02,59.40416666666667,88.50833333333333,南方
杭州,2024-09-03,71.1875,106.14166666666667,南方
杭州,2024-09-04,57.36666666666667,85.6875,南方
杭州,2024-09-05,27.3125,42.50833333333333,南方
杭州,2024-09-06,33.19583333333333,51.26666666666667,南方
杭州,2024-09-07,44.800000000000004,70.57916666666667,南方
杭州,2024-09-08,44.55416666666667,68.22916666666667,南方
杭州,2024-09-09,43.625,65.09166666666667,南方
杭州,2024-09-10,47.67083333333333,72.68333333333334,南方
杭州,2024-09-11,18.875,28.433333333333334,南方
杭州,2024-09-12,39.11666666666667,58.074999999999996,南方
杭州,2024-09-13,24.166666666666668,37.12083333333333,南方
杭州,2024-09-14,34.49583333333333,51.18333333333334,南方
杭州,2024-09-15,19.591666666666665,31.037499999999998,南方
杭州,2024-09-16,16.7,26.175,南方
杭州,2024-09-17,17.675,27.875,南方
杭州,2024-09-18,20.954166666666666,33.362500000000004,南方
杭州,2024-09-19,15.120833333333335,23.558333333333334,南方
杭州,2024-09-20,19.375,28.650000000000002,南方
杭州,2024-09-21,17.504166666666666,25.65416666666667,南方
杭州,2024-09-22,18.087500000000002,30.541666666666668,南方
杭州,2024-09-23,22.608333333333334,38.733333333333334,南方
杭州,2024-09-24,36.733333333333334,60.012499999999996,南方
杭州,2024-09-25,46.75833333333333,70.72083333333333,南方
杭州,2024-09-26,59.36666666666667,88.02916666666665,南方
杭州,2024-09-27,41.19583333333333,64.23333333333333,南方
杭州,2024-09-28,45.19166666666666,72.77083333333333,南方
杭州,2024-09-29,43.449999999999996,70.75416666666666,南方
杭州,2024-09-30,26.90833333333333,43.22083333333333,南方
杭州,2024-10-01,18.849999999999998,29.21666666666667,南方
杭州,2024-10-02,20.575,33.53333333333333,南方
杭州,2024-10-03,20.679166666666667,33.34583333333333,南方
杭州,2024-10-04,23.379166666666666,38.791666666666664,南方
杭州,2024-10-05,26.162499999999998,43.09166666666667,南方
杭州,2024-10-06,19.620833333333334,29.02916666666667,南方
杭州,2024-10-07,18.933333333333334,27.941666666666666,南方
杭州,2024-10-08,36.675000000000004,55.56666666666666,南方
杭州,2024-10-09,43.67083333333333,65.30416666666666,南方
杭州,2024-10-10,57.98333333333333,86.17916666666667,南方
杭州,2024-10-11,87.16666666666667,132.23749999999998,南方
杭州,2024-10-12,62.083333333333336,98.14166666666667,南方
杭州,2024-10-13,34.44166666666667,57.0375,南方
杭州,2024-10-14,38.545833333333334,59.77916666666667,南方
杭州,2024-10-15,42.50416666666667,61.37916666666666,南方
杭州,2024-10-16,37.75833333333333,55.89166666666666,南方
杭州,2024-10-17,28.295833333333334,44.98333333333333,南方
杭州,2024-10-18,31.7375,46.8125,南方
杭州,2024-10-19,14.466666666666667,22.170833333333334,南方
杭州,2024-10-20,18.104166666666668,30.71666666666667,南方
杭州,2024-10-21,29.766666666666666,46.475,南方
杭州,2024-10-22,24.412499999999998,35.38333333333333,南方
杭州,2024-10-23,36.27916666666667,53.775,南方
杭州,2024-10-24,31.65833333333333,52.40833333333333,南方
杭州,2024-10-25,27.829166666666666,48.0375,南方
杭州,2024-10-26,18.345833333333335,27.195833333333336,南方
杭州,2024-10-27,13.508333333333333,20.504166666666666,南方
杭州,2024-10-28,46.949999999999996,75.49166666666666,南方
杭州,2024-10-29,45.88333333333333,70.3875,南方
杭州,2024-10-30,30.84166666666667,51.75416666666666,南方
杭州,2024-10-31,31.27916666666667,51.24166666666667,南方
杭州,2024-11-01,8.591666666666667,13.070833333333333,南方
杭州,2024-11-02,36.020833333333336,58.03333333333333,南方
杭州,2024-11-03,58.7875,90.30833333333334,南方
杭州,2024-11-04,66.02916666666667,105.62916666666666,南方
杭州,2024-11-05,25.358333333333334,43.362500000000004,南方
杭州,2024-11-06,29.61666666666667,45.54583333333333,南方
杭州,2024-11-07,30.829166666666666,48.708333333333336,南方
杭州,2024-11-08,34.025,53.1875,南方
杭州,2024-11-09,34.30416666666667,55.770833333333336,南方
杭州,2024-11-10,33.525,50.979166666666664,南方
杭州,2024-11-11,42.545833333333334,67.15416666666667,南方
杭州,2024-11-12,51.24166666666667,76.3,南方
杭州,2024-11-13,57.225,59.612500000000004,南方
杭州,2024-11-14,87.57916666666667,88.83333333333333,南方
杭州,2024-11-15,55.94166666666667,56.291666666666664,南方
杭州,2024-11-16,31.6375,31.8625,南方
杭州,2024-11-17,24.866666666666664,26.78333333333333,南方
杭州,2024-11-18,19.4375,21.754166666666666,南方
杭州,2024-11-19,35.0375,37.983333333333334,南方
杭州,2024-11-20,44.74166666666667,46.854166666666664,南方
杭州,2024-11-21,57.887499999999996,58.69166666666666,南方
杭州,2024-11-22,99.78333333333335,105.36666666666667,南方
杭州,2024-11-23,48.166666666666664,51.19166666666666,南方
杭州,2024-11-24,47.104166666666664,48.95416666666666,南方
杭州,2024-11-25,41.675000000000004,44.01666666666667,南方
杭州,2024-11-26,35.37916666666667,44.59583333333333,南方
杭州,2024-11-27,38.9375,46.19583333333333,南方
杭州,2024-11-28,32.81666666666667,39.199999999999996,南方
杭州,2024-11-29,53.59166666666667,55.333333333333336,南方
杭州,2024-11-30,77.075,78.00416666666666,南方
杭州,2024-12-01,84.42916666666666,85.74166666666667,南方
杭州,2024-12-02,79.45833333333333,80.57083333333334,南方
杭州,2024-12-03,95.28333333333335,97.93333333333334,南方
杭州,2024-12-04,66.57083333333334,71.77916666666667,南方
杭州,2024-12-05,88.35833333333333,93.07083333333333,南方
杭州,2024-12-06,132.25416666666666,136.73333333333332,南方
杭州,2024-12-07,136.80833333333334,139.02083333333334,南方
杭州,2024-12-08,42.3125,44.25416666666666,南方
杭州,2024-12-09,77.08333333333333,80.33333333333333,南方
杭州,2024-12-10,69.46666666666667,71.80416666666666,南方
杭州,2024-12-11,44.84583333333333,45.67916666666667,南方
杭州,2024-12-12,82.10416666666667,85.2375,南方
杭州,2024-12-13,81.69583333333334,83.53750000000001,南方
杭州,2024-12-14,67.09583333333333,70.15833333333333,南方
杭州,2024-12-15,102.27499999999999,105.67083333333333,南方
杭州,2024-12-16,117.57083333333333,119.02916666666665,南方
杭州,2024-12-17,103.49166666666667,105.19166666666666,南方
杭州,2024-12-18,84.60000000000001,85.75416666666666,南方
杭州,2024-12-19,48.61666666666667,51.28333333333333,南方
杭州,2024-12-20,121.05,123.8625,南方
杭州,2024-12-21,96.72500000000001,101.26666666666667,南方
杭州,2024-12-22,61.60833333333334,64.49583333333334,南方
杭州,2024-12-23,82.62083333333334,86.52916666666665,南方
杭州,2024-12-24,80.5125,82.67083333333333,南方
杭州,2024-12-25,138.46666666666667,140.825,南方
杭州,2024-12-26,153.34166666666667,154.92499999999998,南方
杭州,2024-12-27,75.175,78.62083333333334,南方
杭州,2024-12-28,86.96666666666665,88.86666666666667,南方
杭州,2024-12-29,123.37083333333334,125.8125,南方
杭州,2024-12-30,124.67083333333333,126.25833333333333,南方
杭州,2024-12-31,102.35000000000001,107.85833333333333,南方
武汉,2022-08-04,55.1625,79.19375,南方
武汉,2022-08-05,42.37083333333333,60.775,南方
武汉,2022-08-06,32.5625,46.79583333333333,南方
武汉,2022-08-07,35.041666666666664,50.35,南方
武汉,2022-08-08,33.74166666666667,48.84583333333333,南方
武汉,2022-08-09,35.479166666666664,51.2875,南方
武汉,2022-08-10,44.34166666666667,63.975,南方
武汉,2022-08-11,33.21666666666667,48.09583333333333,南方
武汉,2022-08-12,35.67916666666667,51.145833333333336,南方
武汉,2022-08-13,36.88333333333333,52.987500000000004,南方
武汉,2022-08-14,36.954166666666666,53.0375,南方
武汉,2022-08-15,50.44166666666666,72.18333333333334,南方
武汉,2022-08-16,55.32916666666667,79.28333333333333,南方
武汉,2022-08-17,50.31666666666666,72.15416666666667,南方
武汉,2022-08-18,48.82916666666667,70.075,南方
武汉,2022-08-19,44.074999999999996,63.416666666666664,南方
武汉,2022-08-20,51.52916666666667,74.27499999999999,南方
武汉,2022-08-21,29.258333333333336,42.32083333333333,南方
武汉,2022-08-22,30.883333333333336,44.40416666666667,南方
武汉,2022-08-23,52.041666666666664,74.5125,南方
武汉,2022-08-24,31.72083333333333,45.6625,南方
武汉,2022-08-25,46.53333333333333,67.825,南方
武汉,2022-08-26,38.699999999999996,56.23333333333333,南方
武汉,2022-08-27,36.483333333333334,52.49166666666667,南方
武汉,2022-08-28,37.645833333333336,54.12083333333334,南方
武汉,2022-08-29,30.941666666666666,44.2875,南方
武汉,2022-08-30,33.270833333333336,47.60833333333333,南方
武汉,2022-08-31,27.233333333333334,38.71666666666667,南方
武汉,2022-09-01,41.395833333333336,59.800000000000004,南方
武汉,2022-09-02,42.9625,62.44166666666666,南方
武汉,2022-09-03,38.175,56.137499999999996,南方
武汉,2022-09-04,51.104166666666664,73.58749999999999,南方
武汉,2022-09-05,73.58333333333333,107.27916666666665,南方
武汉,2022-09-06,123.8125,179.1833333333333,南方
武汉,2022-09-07,80.0125,118.54583333333333,南方
武汉,2022-09-08,79.25416666666666,116.95833333333333,南方
武汉,2022-09-09,85.63333333333333,124.22916666666667,南方
武汉,2022-09-10,65.75,96.1375,南方
武汉,2022-09-11,55.237500000000004,79.8875,南方
武汉,2022-09-12,54.104166666666664,77.75,南方
武汉,2022-09-13,46.6,67.59166666666667,南方
武汉,2022-09-14,30.075,44.01666666666667,南方
武汉,2022-09-15,52.13333333333333,76.34166666666667,南方
武汉,2022-09-16,63.574999999999996,91.49166666666667,南方
武汉,2022-09-17,65.39999999999999,93.76666666666667,南方
武汉,2022-09-18,47.98333333333333,68.80833333333334,南方
武汉,2022-09-19,37.00416666666667,54.333333333333336,南方
武汉,2022-09-20,27.358333333333334,39.99166666666667,南方
武汉,2022-09-21,34.19583333333333,50.01666666666667,南方
武汉,2022-09-22,44.8125,65.1375,南方
武汉,2022-09-23,73.21249999999999,105.96666666666668,南方
武汉,2022-09-24,45.92916666666667,68.05,南方
武汉,2022-09-25,54.30833333333334,79.73333333333333,南方
武汉,2022-09-26,76.60000000000001,110.27083333333333,南方
武汉,2022-09-27,67.12916666666666,97.21666666666665,南方
武汉,2022-09-28,71.6875,103.52083333333333,南方
武汉,2022-09-29,98.375,141.40833333333333,南方
武汉,2022-09-30,106.27916666666665,152.65416666666667,南方
武汉,2022-10-01,51.24166666666667,74.42916666666666,南方
武汉,2022-10-02,32.18333333333333,47.074999999999996,南方
武汉,2022-10-03,29.041666666666668,42.4625,南方
武汉,2022-10-04,17.070833333333333,24.46666666666667,南方
武汉,2022-10-05,19.0625,27.266666666666666,南方
武汉,2022-10-06,19.837500000000002,28.34583333333333,南方
武汉,2022-10-07,29.129166666666666,41.62083333333333,南方
武汉,2022-10-08,51.387499999999996,73.59583333333333,南方
武汉,2022-10-09,39.8125,57.9625,南方
武汉,2022-10-10,52.324999999999996,74.75833333333334,南方
武汉,2022-10-11,91.35000000000001,130.55833333333334,南方
武汉,2022-10-12,65.07916666666667,93.30833333333334,南方
武汉,2022-10-13,86.64999999999999,124.94166666666666,南方
武汉,2022-10-14,53.10833333333333,78.92916666666666,南方
武汉,2022-10-15,53.28333333333333,79.77499999999999,南方
武汉,2022-10-16,56.512499999999996,83.1375,南方
武汉,2022-10-17,55.520833333333336,82.14583333333333,南方
武汉,2022-10-18,41.19166666666667,59.85,南方
武汉,2022-10-19,46.8125,68.28750000000001,南方
武汉,2022-10-20,44.04583333333333,65.59166666666667,南方
武汉,2022-10-21,82.94583333333334,120.72916666666667,南方
武汉,2022-10-22,104.575,150.36666666666667,南方
武汉,2022-10-23,94.4875,137.82916666666668,南方
武汉,2022-10-24,75.35000000000001,114.06666666666666,南方
武汉,2022-10-25,56.041666666666664,83.25416666666666,南方
武汉,2022-10-26,50.262499999999996,74.10833333333333,南方
武汉,2022-10-27,36.63333333333333,52.99583333333334,南方
武汉,2022-10-28,37.229166666666664,53.47083333333333,南方
武汉,2022-10-29,60.61666666666667,90.12916666666666,南方
武汉,2022-10-30,70.77083333333333,104.95,南方
武汉,2022-10-31,51.050000000000004,77.28750000000001,南方
武汉,2022-11-01,55.15416666666667,82.125,南方
武汉,2022-11-02,58.770833333333336,87.47500000000001,南方
武汉,2022-11-03,70.35000000000001,103.61666666666667,南方
武汉,2022-11-04,50.012499999999996,74.49583333333334,南方
武汉,2022-11-05,50.90833333333333,75.79583333333333,南方
武汉,2022-11-06,60.27916666666667,87.97916666666667,南方
武汉,2022-11-07,83.7625,121.54166666666667,南方
武汉,2022-11-08,83.5625,120.59166666666665,南方
武汉,2022-11-09,71.33749999999999,103.07083333333333,南方
武汉,2022-11-10,59.49166666666667,85.67916666666667,南方
武汉,2022-11-11,46.10833333333333,67.34583333333333,南方
武汉,2022-11-12,40.858333333333334,58.96666666666667,南方
武汉,2022-11-13,26.15833333333333,37.387499999999996,南方
武汉,2022-11-14,31.3625,44.9,南方
武汉,2022-11-15,74.34166666666667,106.40416666666665,南方
武汉,2022-11-16,83.0625,118.83333333333333,南方
武汉,2022-11-17,95.11666666666667,136.15416666666667,南方
武汉,2022-11-18,71.3625,102.08749999999999,南方
武汉,2022-11-19,68.48333333333333,97.95833333333333,南方
武汉,2022-11-20,112.10416666666667,160.17916666666667,南方
武汉,2022-11-21,55.46666666666667,79.28750000000001,南方
武汉,2022-11-22,26.4375,37.766666666666666,南方
武汉,2022-11-23,43.1625,61.69166666666666,南方
武汉,2022-11-24,76.75,109.67916666666667,南方
武汉,2022-11-25,141.73749999999998,202.45000000000002,南方
武汉,2022-11-26,124.68333333333334,178.16666666666666,南方
武汉,2022-11-27,50.7125,72.4375,南方
武汉,2022-11-28,39.37083333333333,56.30833333333334,南方
武汉,2022-11-29,34.479166666666664,51.74583333333334,南方
武汉,2022-11-30,32.5875,54.61666666666667,南方
武汉,2022-12-01,34.97083333333333,50.925000000000004,南方
武汉,2022-12-02,59.51666666666667,85.49583333333334,南方
武汉,2022-12-03,81.36666666666666,116.63333333333333,南方
武汉,2022-12-04,38.84583333333333,56.1625,南方
武汉,2022-12-05,52.57916666666667,75.58333333333333,南方
武汉,2022-12-06,117.85416666666667,169.0,南方
武汉,2022-12-07,113.07083333333333,162.55416666666667,南方
武汉,2022-12-08,102.51666666666667,147.025,南方
武汉,2022-12-09,114.2625,164.09583333333333,南方
武汉,2022-12-10,91.87083333333334,131.775,南方
武汉,2022-12-11,52.237500000000004,75.09166666666667,南方
武汉,2022-12-12,88.4875,128.26666666666668,南方
武汉,2022-12-13,133.94583333333333,195.5375,南方
武汉,2022-12-14,0.7999999999999999,1.1291666666666667,南方
武汉,2022-12-15,0.725,1.0208333333333333,南方
武汉,2022-12-16,23.933333333333334,34.84583333333333,南方
武汉,2022-12-17,30.75,44.57916666666667,南方
武汉,2022-12-18,59.6,85.27916666666667,南方
武汉,2022-12-19,67.1125,95.96666666666665,南方
武汉,2022-12-20,77.08333333333333,110.14583333333333,南方
武汉,2022-12-21,72.83749999999999,104.67916666666667,南方
武汉,2022-12-22,47.63333333333333,69.15416666666667,南方
武汉,2022-12-23,74.0,106.82083333333333,南方
武汉,2022-12-24,89.03333333333332,128.02083333333334,南方
武汉,2022-12-25,61.0625,87.37083333333334,南方
武汉,2022-12-26,85.66666666666667,122.71249999999999,南方
武汉,2022-12-27,84.69166666666666,121.32916666666667,南方
武汉,2022-12-28,106.42083333333333,153.225,南方
武汉,2022-12-29,191.29999999999998,274.75416666666666,南方
武汉,2022-12-30,219.775,314.80833333333334,南方
武汉,2022-12-31,182.3166666666667,261.50416666666666,南方
武汉,2023-01-01,204.63333333333333,292.72083333333336,南方
武汉,2023-01-02,119.60000000000001,171.5875,南方
武汉,2023-01-03,210.07500000000002,301.96250000000003,南方
武汉,2023-01-04,83.86666666666666,121.50416666666666,南方
武汉,2023-01-05,105.41666666666667,151.775,南方
武汉,2023-01-06,111.44583333333333,160.32916666666668,南方
武汉,2023-01-07,98.00833333333333,141.07916666666668,南方
武汉,2023-01-08,98.925,142.125,南方
武汉,2023-01-09,124.36666666666667,177.74166666666667,南方
武汉,2023-01-10,116.29583333333333,167.9625,南方
武汉,2023-01-11,75.95416666666667,110.38333333333333,南方
武汉,2023-01-12,75.3,108.02499999999999,南方
武汉,2023-01-13,57.041666666666664,81.53333333333333,南方
武汉,2023-01-14,18.2375,26.3875,南方
武汉,2023-01-15,29.608333333333334,43.15416666666667,南方
武汉,2023-01-16,57.5625,85.06666666666666,南方
武汉,2023-01-17,85.3,125.72500000000001,南方
武汉,2023-01-18,125.77499999999999,187.59583333333333,南方
武汉,2023-01-19,164.03333333333333,242.25833333333333,南方
武汉,2023-01-20,130.19583333333333,189.92916666666667,南方
武汉,2023-01-21,82.07083333333334,120.575,南方
武汉,2023-01-22,95.575,138.50833333333333,南方
武汉,2023-01-23,100.27916666666665,145.025,南方
武汉,2023-01-24,28.6375,43.32083333333333,南方
武汉,2023-01-25,42.2625,61.46666666666667,南方
武汉,2023-01-26,90.65416666666665,130.125,南方
武汉,2023-01-27,74.3875,109.14166666666667,南方
武汉,2023-01-28,103.45,152.81666666666666,南方
武汉,2023-01-29,91.4875,134.29583333333332,南方
武汉,2023-01-30,84.49583333333334,121.80833333333334,南方
武汉,2023-01-31,74.66250000000001,106.78750000000001,南方
武汉,2023-02-01,81.50833333333334,116.58333333333333,南方
武汉,2023-02-02,47.800000000000004,70.3875,南方
武汉,2023-02-03,72.2,105.32083333333333,南方
武汉,2023-02-04,119.06666666666666,172.23333333333335,南方
武汉,2023-02-05,137.10416666666666,198.0,南方
武汉,2023-02-06,168.9416666666667,242.95000000000002,南方
武汉,2023-02-07,134.65,193.5583333333333,南方
武汉,2023-02-08,98.75416666666666,141.54583333333332,南方
武汉,2023-02-09,36.94583333333333,52.99166666666667,南方
武汉,2023-02-10,36.28333333333333,51.833333333333336,南方
武汉,2023-02-11,52.99583333333334,75.71666666666667,南方
武汉,2023-02-12,43.025,61.4625,南方
武汉,2023-02-13,17.279166666666665,24.854166666666668,南方
武汉,2023-02-14,56.6875,82.42916666666666,南方
武汉,2023-02-15,76.25,110.4875,南方
武汉,2023-02-16,133.44166666666666,192.70416666666665,南方
武汉,2023-02-17,111.91250000000001,161.875,南方
武汉,2023-02-18,106.51666666666667,153.50416666666666,南方
武汉,2023-02-19,64.6125,93.47500000000001,南方
武汉,2023-02-20,69.49166666666666,100.16250000000001,南方
武汉,2023-02-21,48.449999999999996,70.69583333333334,南方
武汉,2023-02-22,49.737500000000004,73.1125,南方
武汉,2023-02-23,55.15833333333333,80.39166666666667,南方
武汉,2023-02-24,44.487500000000004,63.87916666666666,南方
武汉,2023-02-25,70.53750000000001,101.36666666666667,南方
武汉,2023-02-26,55.69583333333333,81.09166666666667,南方
武汉,2023-02-27,48.09166666666667,68.9375,南方
武汉,2023-02-28,81.06666666666666,116.575,南方
武汉,2023-03-01,101.45833333333333,145.7875,南方
武汉,2023-03-02,92.39583333333333,135.6625,南方
武汉,2023-03-03,101.88333333333333,149.19583333333333,南方
武汉,2023-03-04,87.75416666666666,127.02499999999999,南方
武汉,2023-03-05,71.74166666666666,103.40833333333335,南方
武汉,2023-03-06,66.71249999999999,95.89583333333333,南方
武汉,2023-03-07,118.03333333333335,168.67083333333332,南方
武汉,2023-03-08,101.69166666666666,145.64166666666668,南方
武汉,2023-03-09,71.11666666666666,101.89999999999999,南方
武汉,2023-03-10,82.76666666666667,120.00833333333333,南方
武汉,2023-03-11,60.52916666666667,86.83749999999999,南方
武汉,2023-03-12,37.1875,58.15416666666667,南方
武汉,2023-03-13,34.34583333333333,49.64166666666667,南方
武汉,2023-03-14,34.2875,49.362500000000004,南方
武汉,2023-03-15,65.2625,93.54583333333333,南方
武汉,2023-03-16,50.0625,74.12916666666666,南方
武汉,2023-03-17,22.71666666666667,32.800000000000004,南方
武汉,2023-03-18,36.86666666666667,52.82916666666667,南方
武汉,2023-03-19,60.354166666666664,86.43333333333334,南方
武汉,2023-03-20,75.47083333333333,107.87083333333334,南方
武汉,2023-03-21,71.08749999999999,101.54166666666667,南方
武汉,2023-03-22,50.625,72.27499999999999,南方
武汉,2023-03-23,51.0375,72.92916666666666,南方
武汉,2023-03-24,37.516666666666666,55.34166666666667,南方
武汉,2023-03-25,54.725,80.79166666666667,南方
武汉,2023-03-26,93.32916666666667,137.99166666666667,南方
武汉,2023-03-27,109.65833333333335,163.82500000000002,南方
武汉,2023-03-28,136.67499999999998,201.0625,南方
武汉,2023-03-29,168.09583333333333,243.46666666666667,南方
武汉,2023-03-30,110.15416666666665,160.0625,南方
武汉,2023-03-31,86.66250000000001,124.5625,南方
武汉,2023-04-01,67.20416666666667,96.32916666666667,南方
武汉,2023-04-02,41.645833333333336,59.75,南方
武汉,2023-04-03,39.550000000000004,56.6,南方
武汉,2023-04-04,24.770833333333332,35.40833333333333,南方
武汉,2023-04-05,28.395833333333332,40.545833333333334,南方
武汉,2023-04-06,53.05416666666667,77.6375,南方
武汉,2023-04-07,111.95,163.88750000000002,南方
武汉,2023-04-08,50.583333333333336,73.40833333333333,南方
武汉,2023-04-09,68.20416666666667,98.125,南方
武汉,2023-04-10,77.66250000000001,111.3125,南方
武汉,2023-04-11,67.22500000000001,97.18333333333334,南方
武汉,2023-04-12,69.02916666666667,100.07916666666667,南方
武汉,2023-04-13,52.63333333333333,75.25416666666666,南方
武汉,2023-04-14,54.9375,80.41250000000001,南方
武汉,2023-04-15,55.11666666666667,92.83749999999999,南方
武汉,2023-04-16,43.362500000000004,63.15833333333333,南方
武汉,2023-04-17,44.012499999999996,63.30416666666667,南方
武汉,2023-04-18,55.512499999999996,79.54166666666667,南方
武汉,2023-04-19,71.34166666666667,102.24583333333334,南方
武汉,2023-04-20,90.5125,129.9625,南方
武汉,2023-04-21,37.75833333333333,54.63333333333333,南方
武汉,2023-04-22,40.4125,60.34166666666667,南方
武汉,2023-04-23,26.4375,38.17916666666667,南方
武汉,2023-04-24,23.304166666666664,33.55833333333333,南方
武汉,2023-04-25,40.50416666666667,58.512499999999996,南方
武汉,2023-04-26,45.0375,65.19583333333334,南方
武汉,2023-04-27,45.262499999999996,66.10416666666667,南方
武汉,2023-04-28,75.00833333333334,108.41250000000001,南方
武汉,2023-04-29,42.78333333333333,64.30833333333334,南方
武汉,2023-04-30,62.44166666666666,90.69166666666666,南方
武汉,2023-05-01,57.48333333333333,83.09166666666667,南方
武汉,2023-05-02,45.979166666666664,65.75416666666666,南方
武汉,2023-05-03,37.449999999999996,54.166666666666664,南方
武汉,2023-05-04,45.04583333333333,65.68333333333334,南方
武汉,2023-05-05,29.629166666666666,42.40833333333333,南方
武汉,2023-05-06,34.46666666666667,49.324999999999996,南方
武汉,2023-05-07,38.354166666666664,55.44583333333333,南方
武汉,2023-05-08,49.7125,71.72500000000001,南方
武汉,2023-05-09,68.23333333333333,98.44583333333333,南方
武汉,2023-05-10,59.06666666666666,84.69166666666666,南方
武汉,2023-05-11,66.91250000000001,95.77916666666665,南方
武汉,2023-05-12,71.4875,102.34583333333335,南方
武汉,2023-05-13,67.45833333333333,97.14999999999999,南方
武汉,2023-05-14,71.9875,105.0125,南方
武汉,2023-05-15,56.9625,83.71666666666667,南方
武汉,2023-05-16,59.949999999999996,86.60416666666667,南方
武汉,2023-05-17,43.425000000000004,62.00833333333333,南方
武汉,2023-05-18,68.925,98.95833333333333,南方
武汉,2023-05-19,67.6125,98.28333333333335,南方
武汉,2023-05-20,59.050000000000004,86.90833333333335,南方
武汉,2023-05-21,48.31666666666666,69.11666666666666,南方
武汉,2023-05-22,44.34583333333333,63.90833333333333,南方
武汉,2023-05-23,62.60833333333333,89.81666666666666,南方
武汉,2023-05-24,62.19166666666666,88.78333333333335,南方
武汉,2023-05-25,78.65833333333333,112.34166666666665,南方
武汉,2023-05-26,61.44166666666666,87.92916666666667,南方
武汉,2023-05-27,42.99166666666667,61.76666666666667,南方
武汉,2023-05-28,40.86666666666667,59.229166666666664,南方
武汉,2023-05-29,44.770833333333336,64.40416666666667,南方
武汉,2023-05-30,36.19166666666667,51.77916666666667,南方
武汉,2023-05-31,48.25416666666666,68.92916666666666,南方
武汉,2023-06-01,52.7125,75.675,南方
武汉,2023-06-02,63.604166666666664,91.7625,南方
武汉,2023-06-03,50.77916666666667,74.51666666666667,南方
武汉,2023-06-04,66.30416666666666,95.62083333333334,南方
武汉,2023-06-05,23.325,33.300000000000004,南方
武汉,2023-06-06,56.25833333333333,80.39166666666667,南方
武汉,2023-06-07,93.63333333333333,133.96666666666667,南方
武汉,2023-06-08,55.67916666666667,79.6875,南方
武汉,2023-06-09,63.375,90.925,南方
武汉,2023-06-10,68.55833333333334,98.32916666666667,南方
武汉,2023-06-11,99.47500000000001,143.13750000000002,南方
武汉,2023-06-12,99.5625,144.25,南方
武汉,2023-06-13,63.52916666666667,91.54583333333333,南方
武汉,2023-06-14,79.2,113.29166666666667,南方
武汉,2023-06-15,100.48333333333333,143.67916666666667,南方
武汉,2023-06-16,56.5875,81.0625,南方
武汉,2023-06-17,42.09583333333333,60.175000000000004,南方
武汉,2023-06-18,52.229166666666664,74.99166666666666,南方
武汉,2023-06-19,44.21666666666667,63.225,南方
武汉,2023-06-20,67.38333333333334,96.34166666666665,南方
武汉,2023-06-21,81.13333333333334,116.54166666666667,南方
武汉,2023-06-22,76.32916666666667,110.34583333333335,南方
武汉,2023-06-23,38.86666666666667,55.69583333333333,南方
武汉,2023-06-24,65.20416666666667,93.21249999999999,南方
武汉,2023-06-25,68.08749999999999,97.27916666666665,南方
武汉,2023-06-26,65.10416666666667,93.15833333333335,南方
武汉,2023-06-27,37.90416666666667,54.31666666666666,南方
武汉,2023-06-28,22.34583333333333,32.512499999999996,南方
武汉,2023-06-29,33.69166666666667,49.19583333333333,南方
武汉,2023-06-30,39.02916666666667,56.46666666666667,南方
武汉,2023-07-01,50.02916666666667,72.16666666666667,南方
武汉,2023-07-02,45.24166666666667,64.97083333333333,南方
武汉,2023-07-03,34.225,49.46666666666667,南方
武汉,2023-07-04,31.704166666666666,44.76666666666667,南方
武汉,2023-07-05,27.287499999999998,41.69583333333333,南方
武汉,2023-07-06,21.079166666666666,30.504166666666666,南方
武汉,2023-07-07,25.825,37.479166666666664,南方
武汉,2023-07-08,31.979166666666668,45.987500000000004,南方
武汉,2023-07-09,33.604166666666664,48.512499999999996,南方
武汉,2023-07-10,26.954166666666666,39.262499999999996,南方
武汉,2023-07-11,26.65416666666667,38.8625,南方
武汉,2023-07-12,26.270833333333332,38.137499999999996,南方
武汉,2023-07-13,30.491666666666664,44.416666666666664,南方
武汉,2023-07-14,44.041666666666664,62.5,南方
武汉,2023-07-15,49.3125,78.15416666666667,南方
武汉,2023-07-16,50.34583333333333,81.20833333333333,南方
武汉,2023-07-17,38.4,58.375,南方
武汉,2023-07-18,36.34583333333333,52.675000000000004,南方
武汉,2023-07-19,67.63333333333334,97.29583333333333,南方
武汉,2023-07-20,53.55833333333334,77.36666666666666,南方
武汉,2023-07-21,42.52916666666667,60.82083333333333,南方
武汉,2023-07-22,38.82083333333333,55.74166666666667,南方
武汉,2023-07-23,45.4625,66.11666666666666,南方
武汉,2023-07-24,54.42916666666667,78.85833333333333,南方
武汉,2023-07-25,85.79583333333333,123.65833333333335,南方
武汉,2023-07-26,58.96666666666667,84.50833333333334,南方
武汉,2023-07-27,27.037499999999998,39.75,南方
武汉,2023-07-28,22.7625,33.420833333333334,南方
武汉,2023-07-29,31.958333333333332,46.0625,南方
武汉,2023-07-30,33.55833333333333,48.2125,南方
武汉,2023-07-31,39.516666666666666,56.6625,南方
武汉,2023-08-01,53.75416666666666,77.1875,南方
武汉,2023-08-02,47.8125,69.52499999999999,南方
武汉,2023-08-03,45.73333333333333,68.14583333333333,南方
武汉,2023-08-04,76.75833333333334,111.97916666666667,南方
武汉,2023-08-05,53.69166666666666,77.42916666666666,南方
武汉,2023-08-06,62.4625,89.8125,南方
武汉,2023-08-07,46.34166666666667,66.62083333333334,南方
武汉,2023-08-08,57.03333333333333,82.0125,南方
武汉,2023-08-09,45.38333333333333,65.81666666666666,南方
武汉,2023-08-10,53.525,79.675,南方
武汉,2023-08-11,75.34166666666667,114.71666666666665,南方
武汉,2023-08-12,72.78750000000001,106.91250000000001,南方
武汉,2023-08-13,57.979166666666664,83.85000000000001,南方
武汉,2023-08-14,61.0625,88.22916666666667,南方
武汉,2023-08-15,69.31666666666666,100.51666666666667,南方
武汉,2023-08-16,80.27083333333333,116.19166666666666,南方
武汉,2023-08-17,78.26666666666667,112.98333333333333,南方
武汉,2023-08-18,89.02499999999999,129.90416666666667,南方
武汉,2023-08-19,60.4375,88.26666666666667,南方
武汉,2023-08-20,56.12083333333334,80.35833333333333,南方
武汉,2023-08-21,71.24583333333334,102.24583333333334,南方
武汉,2023-08-22,56.854166666666664,87.84166666666665,南方
武汉,2023-08-23,58.18333333333334,92.78333333333335,南方
武汉,2023-08-24,59.458333333333336,91.6375,南方
武汉,2023-08-25,60.8125,92.35833333333333,南方
武汉,2023-08-26,64.29166666666667,96.77083333333333,南方
武汉,2023-08-27,38.987500000000004,55.75833333333333,南方
武汉,2023-08-28,26.995833333333334,39.233333333333334,南方
武汉,2023-08-29,42.2125,62.32916666666667,南方
武汉,2023-08-30,44.62916666666666,65.85416666666667,南方
武汉,2023-08-31,62.895833333333336,91.64583333333333,南方
武汉,2023-09-01,44.7125,64.78750000000001,南方
武汉,2023-09-02,40.425000000000004,59.32083333333333,南方
武汉,2023-09-03,58.50416666666666,87.71666666666665,南方
武汉,2023-09-04,56.09583333333333,83.87083333333334,南方
武汉,2023-09-05,31.175,46.770833333333336,南方
武汉,2023-09-06,31.84166666666667,46.395833333333336,南方
武汉,2023-09-07,38.28333333333333,56.2875,南方
武汉,2023-09-08,46.574999999999996,68.33749999999999,南方
武汉,2023-09-09,59.42083333333334,85.55,南方
武汉,2023-09-10,55.43333333333334,81.01666666666667,南方
武汉,2023-09-11,46.270833333333336,67.50416666666666,南方
武汉,2023-09-12,37.44166666666667,53.86666666666667,南方
武汉,2023-09-13,32.550000000000004,46.487500000000004,南方
武汉,2023-09-14,31.479166666666668,45.56666666666666,南方
武汉,2023-09-15,56.46666666666667,81.40416666666667,南方
武汉,2023-09-16,55.0375,79.425,南方
武汉,2023-09-17,57.425000000000004,82.57083333333334,南方
武汉,2023-09-18,45.24583333333334,65.14166666666667,南方
武汉,2023-09-19,40.24583333333333,57.94166666666666,南方
武汉,2023-09-20,24.391666666666666,34.9625,南方
武汉,2023-09-21,21.125,30.1125,南方
武汉,2023-09-22,31.84166666666667,45.68333333333334,南方
武汉,2023-09-23,40.170833333333334,57.80833333333334,南方
武汉,2023-09-24,34.208333333333336,49.02916666666667,南方
武汉,2023-09-25,29.400000000000002,42.03333333333333,南方
武汉,2023-09-26,45.612500000000004,65.27083333333333,南方
武汉,2023-09-27,48.208333333333336,69.07083333333334,南方
武汉,2023-09-28,49.487500000000004,70.84166666666667,南方
武汉,2023-09-29,49.275,70.48333333333333,南方
武汉,2023-09-30,28.854166666666668,41.32083333333333,南方
武汉,2023-10-01,42.7125,64.5625,南方
武汉,2023-10-02,55.09583333333333,85.56666666666666,南方
武汉,2023-10-03,26.6375,38.5375,南方
武汉,2023-10-04,37.875,56.050000000000004,南方
武汉,2023-10-05,36.46666666666667,55.479166666666664,南方
武汉,2023-10-06,20.229166666666668,31.974999999999998,南方
武汉,2023-10-07,22.3125,32.512499999999996,南方
武汉,2023-10-08,29.554166666666664,42.57083333333333,南方
武汉,2023-10-09,41.4375,59.85,南方
武汉,2023-10-10,62.824999999999996,92.325,南方
武汉,2023-10-11,56.67083333333333,88.2375,南方
武汉,2023-10-12,66.57083333333334,104.99166666666667,南方
武汉,2023-10-13,64.05833333333334,95.25416666666666,南方
武汉,2023-10-14,56.20416666666667,82.64583333333333,南方
武汉,2023-10-15,56.6,84.52916666666667,南方
武汉,2023-10-16,55.541666666666664,84.69166666666666,南方
武汉,2023-10-17,52.645833333333336,79.44166666666666,南方
武汉,2023-10-18,55.31666666666666,81.4,南方
武汉,2023-10-19,51.583333333333336,75.12916666666666,南方
武汉,2023-10-20,31.52916666666667,47.229166666666664,南方
武汉,2023-10-21,42.1875,60.987500000000004,南方
武汉,2023-10-22,70.87083333333334,102.675,南方
武汉,2023-10-23,64.91666666666667,93.075,南方
武汉,2023-10-24,70.575,101.71666666666665,南方
武汉,2023-10-25,124.95833333333333,180.20416666666665,南方
武汉,2023-10-26,94.79583333333333,137.31666666666666,南方
武汉,2023-10-27,79.26666666666667,116.11666666666667,南方
武汉,2023-10-28,116.97083333333335,171.60416666666666,南方
武汉,2023-10-29,134.20000000000002,199.92499999999998,南方
武汉,2023-10-30,115.63333333333333,175.24166666666667,南方
武汉,2023-10-31,107.2625,163.34583333333333,南方
武汉,2023-11-01,66.67916666666666,98.08333333333333,南方
武汉,2023-11-02,50.43333333333334,73.01666666666667,南方
武汉,2023-11-03,71.09166666666667,102.875,南方
武汉,2023-11-04,99.94166666666666,148.25833333333333,南方
武汉,2023-11-05,55.199999999999996,78.80833333333334,南方
武汉,2023-11-06,28.945833333333336,42.975,南方
武汉,2023-11-07,44.61666666666667,63.833333333333336,南方
武汉,2023-11-08,44.300000000000004,63.637499999999996,南方
武汉,2023-11-09,40.9,58.612500000000004,南方
武汉,2023-11-10,34.50416666666667,49.979166666666664,南方
武汉,2023-11-11,23.6125,35.458333333333336,南方
武汉,2023-11-12,28.666666666666668,43.458333333333336,南方
武汉,2023-11-13,42.93333333333334,63.44583333333333,南方
武汉,2023-11-14,75.14166666666667,108.64999999999999,南方
武汉,2023-11-15,72.50833333333334,104.80833333333334,南方
武汉,2023-11-16,39.574999999999996,65.05416666666666,南方
武汉,2023-11-17,57.041666666666664,85.21666666666667,南方
武汉,2023-11-18,78.86666666666666,114.61666666666667,南方
武汉,2023-11-19,52.84166666666667,76.09166666666667,南方
武汉,2023-11-20,77.46249999999999,110.95,南方
武汉,2023-11-21,51.95416666666667,74.2625,南方
武汉,2023-11-22,86.75,124.00833333333333,南方
武汉,2023-11-23,72.66250000000001,106.19583333333333,南方
武汉,2023-11-24,31.545833333333334,45.10833333333333,南方
武汉,2023-11-25,36.145833333333336,52.17916666666667,南方
武汉,2023-11-26,57.15,83.77916666666667,南方
武汉,2023-11-27,88.55,128.47916666666666,南方
武汉,2023-11-28,98.02499999999999,141.44583333333333,南方
武汉,2023-11-29,60.18333333333334,89.17916666666667,南方
武汉,2023-11-30,36.34166666666667,52.637499999999996,南方
武汉,2023-12-01,42.76666666666667,61.87083333333334,南方
武汉,2023-12-02,90.60416666666667,129.88750000000002,南方
武汉,2023-12-03,117.425,168.1,南方
武汉,2023-12-04,83.42083333333333,119.88749999999999,南方
武汉,2023-12-05,73.03333333333333,104.55416666666667,南方
武汉,2023-12-06,108.5,159.17916666666667,南方
武汉,2023-12-07,42.55833333333333,62.949999999999996,南方
武汉,2023-12-08,41.045833333333334,58.93333333333334,南方
武汉,2023-12-09,44.050000000000004,63.375,南方
武汉,2023-12-10,47.24166666666667,67.91250000000001,南方
武汉,2023-12-11,19.8875,28.537499999999998,南方
武汉,2023-12-12,31.59583333333333,45.762499999999996,南方
武汉,2023-12-13,54.64166666666667,77.36666666666666,南方
武汉,2023-12-14,48.15,42.775,南方
武汉,2023-12-15,13.766666666666666,22.03333333333333,南方
武汉,2023-12-16,25.925,37.300000000000004,南方
武汉,2023-12-17,33.983333333333334,48.550000000000004,南方
武汉,2023-12-18,33.079166666666666,47.37916666666666,南方
武汉,2023-12-19,45.737500000000004,65.48333333333333,南方
武汉,2023-12-20,67.775,98.74583333333334,南方
武汉,2023-12-21,44.050000000000004,64.32916666666667,南方
武汉,2023-12-22,40.28333333333333,57.76666666666667,南方
武汉,2023-12-23,97.74166666666667,139.90833333333333,南方
武汉,2023-12-24,137.11249999999998,197.84583333333333,南方
武汉,2023-12-25,107.67916666666667,156.58333333333334,南方
武汉,2023-12-26,92.85833333333333,134.1625,南方
武汉,2023-12-27,124.10416666666667,178.8375,南方
武汉,2023-12-28,138.49166666666667,200.02083333333334,南方
武汉,2023-12-29,147.08333333333334,212.5583333333333,南方
武汉,2023-12-30,165.3375,239.3125,南方
武汉,2023-12-31,116.82083333333333,170.48333333333332,南方
武汉,2024-01-01,100.77083333333333,152.68333333333334,南方
武汉,2024-01-02,95.95416666666667,141.20833333333334,南方
武汉,2024-01-03,86.95833333333333,125.46666666666665,南方
武汉,2024-01-04,89.09166666666665,128.15,南方
武汉,2024-01-05,134.15,192.8791666666667,南方
武汉,2024-01-06,127.27083333333333,183.30416666666667,南方
武汉,2024-01-07,101.96249999999999,149.25,南方
武汉,2024-01-08,131.01250000000002,192.475,南方
武汉,2024-01-09,143.69583333333333,209.1833333333333,南方
武汉,2024-01-10,104.44583333333333,155.725,南方
武汉,2024-01-11,106.6125,156.45833333333334,南方
武汉,2024-01-12,100.04166666666667,145.25416666666666,南方
武汉,2024-01-13,82.33333333333333,118.97083333333335,南方
武汉,2024-01-14,110.2375,160.24583333333334,南方
武汉,2024-01-15,68.72500000000001,102.925,南方
武汉,2024-01-16,64.325,94.12916666666666,南方
武汉,2024-01-17,35.8875,51.324999999999996,南方
武汉,2024-01-18,34.07083333333333,48.65833333333333,南方
武汉,2024-01-19,18.720833333333335,26.745833333333334,南方
武汉,2024-01-20,46.87083333333334,71.125,南方
武汉,2024-01-21,43.666666666666664,65.64583333333333,南方
武汉,2024-01-22,30.641666666666666,44.949999999999996,南方
武汉,2024-01-23,29.395833333333332,41.979166666666664,南方
武汉,2024-01-24,62.69583333333333,89.72916666666667,南方
武汉,2024-01-25,91.56666666666666,131.30416666666667,南方
武汉,2024-01-26,125.2625,179.95416666666665,南方
武汉,2024-01-27,146.24166666666667,211.7541666666667,南方
武汉,2024-01-28,122.99583333333334,182.85,南方
武汉,2024-01-29,77.8625,117.56666666666666,南方
武汉,2024-01-30,94.22916666666667,138.55416666666667,南方
武汉,2024-01-31,94.11666666666667,136.82500000000002,南方
武汉,2024-02-01,15.666666666666666,22.429166666666664,南方
武汉,2024-02-02,17.279166666666665,24.90416666666667,南方
武汉,2024-02-03,16.233333333333334,23.275000000000002,南方
武汉,2024-02-04,21.354166666666668,30.679166666666664,南方
武汉,2024-02-05,23.708333333333332,34.25833333333333,南方
武汉,2024-02-06,34.52916666666667,50.04583333333333,南方
武汉,2024-02-07,64.57083333333334,95.14166666666667,南方
武汉,2024-02-08,98.55416666666667,147.28333333333333,南方
武汉,2024-02-09,95.97083333333335,145.42916666666667,南方
武汉,2024-02-10,84.96249999999999,129.37083333333334,南方
武汉,2024-02-11,108.87083333333334,165.67499999999998,南方
武汉,2024-02-12,48.65833333333333,74.42083333333333,南方
武汉,2024-02-13,38.766666666666666,57.24166666666667,南方
武汉,2024-02-14,49.5875,73.40416666666667,南方
武汉,2024-02-15,43.87083333333334,65.39166666666667,南方
武汉,2024-02-16,40.541666666666664,59.25,南方
武汉,2024-02-17,38.4375,55.70416666666667,南方
武汉,2024-02-18,28.045833333333334,40.770833333333336,南方
武汉,2024-02-19,28.53333333333333,40.87083333333333,南方
武汉,2024-02-20,11.933333333333332,16.995833333333334,南方
武汉,2024-02-21,8.329166666666667,11.9125,南方
武汉,2024-02-22,14.3125,21.037499999999998,南方
武汉,2024-02-23,20.054166666666667,30.1875,南方
武汉,2024-02-24,24.425,35.675000000000004,南方
武汉,2024-02-25,61.62083333333334,89.33749999999999,南方
武汉,2024-02-26,100.37916666666666,146.72916666666666,南方
武汉,2024-02-27,96.02083333333333,145.95000000000002,南方
武汉,2024-02-28,105.0,161.27916666666667,南方
武汉,2024-02-29,48.6,75.02916666666667,南方
武汉,2024-03-01,31.008333333333336,45.21666666666667,南方
武汉,2024-03-02,66.65416666666667,99.30416666666667,南方
武汉,2024-03-03,39.225,57.020833333333336,南方
武汉,2024-03-04,51.7125,74.45833333333333,南方
武汉,2024-03-05,45.49583333333334,66.79583333333333,南方
武汉,2024-03-06,32.59166666666667,47.80416666666667,南方
武汉,2024-03-07,64.18333333333334,97.11666666666667,南方
武汉,2024-03-08,73.77499999999999,121.21666666666665,南方
武汉,2024-03-09,62.0625,109.18333333333334,南方
武汉,2024-03-10,81.79166666666667,132.70416666666668,南方
武汉,2024-03-11,70.11666666666666,113.22083333333335,南方
武汉,2024-03-12,68.45416666666667,111.075,南方
武汉,2024-03-13,87.29166666666667,141.20416666666668,南方
武汉,2024-03-14,109.79583333333333,164.12916666666666,南方
武汉,2024-03-15,80.2375,122.25416666666666,南方
武汉,2024-03-16,107.97083333333335,161.07916666666668,南方
武汉,2024-03-17,89.65416666666665,134.49583333333334,南方
武汉,2024-03-18,42.800000000000004,65.55833333333334,南方
武汉,2024-03-19,56.775,96.59583333333335,南方
武汉,2024-03-20,62.19583333333333,120.95416666666667,南方
武汉,2024-03-21,54.625,86.29583333333333,南方
武汉,2024-03-22,44.21666666666667,66.77916666666667,南方
武汉,2024-03-23,34.520833333333336,50.92916666666667,南方
武汉,2024-03-24,33.43333333333333,47.77916666666667,南方
武汉,2024-03-25,23.1875,33.604166666666664,南方
武汉,2024-03-26,50.21666666666667,76.18333333333334,南方
武汉,2024-03-27,58.916666666666664,85.90416666666665,南方
武汉,2024-03-28,59.387499999999996,95.19166666666666,南方
武汉,2024-03-29,27.75,45.4375,南方
武汉,2024-03-30,34.020833333333336,50.27916666666667,南方
武汉,2024-03-31,68.77916666666667,102.03333333333335,南方
武汉,2024-04-01,43.775,63.05416666666667,南方
武汉,2024-04-02,29.729166666666668,42.525,南方
武汉,2024-04-03,52.42916666666667,81.23333333333333,南方
武汉,2024-04-04,43.270833333333336,66.0,南方
武汉,2024-04-05,51.63333333333333,78.25833333333334,南方
武汉,2024-04-06,51.59166666666667,77.3625,南方
武汉,2024-04-07,63.48333333333333,93.64583333333333,南方
武汉,2024-04-08,50.53333333333333,74.45833333333333,南方
武汉,2024-04-09,40.704166666666666,61.48333333333333,南方
武汉,2024-04-10,53.275,79.96249999999999,南方
武汉,2024-04-11,63.17083333333333,91.17083333333333,南方
武汉,2024-04-12,70.64583333333333,102.01666666666667,南方
武汉,2024-04-13,62.67083333333333,91.075,南方
武汉,2024-04-14,53.225,76.57916666666667,南方
武汉,2024-04-15,58.520833333333336,85.52083333333333,南方
武汉,2024-04-16,50.166666666666664,73.25,南方
武汉,2024-04-17,42.275,62.39166666666667,南方
武汉,2024-04-18,40.61666666666667,61.012499999999996,南方
武汉,2024-04-19,45.550000000000004,65.09166666666667,南方
武汉,2024-04-20,55.90416666666667,82.0,南方
武汉,2024-04-21,70.55,106.375,南方
武汉,2024-04-22,55.56666666666666,84.59583333333333,南方
武汉,2024-04-23,69.6375,114.55416666666667,南方
武汉,2024-04-24,60.291666666666664,108.45416666666667,南方
武汉,2024-04-25,83.6125,139.54999999999998,南方
武汉,2024-04-26,91.36666666666667,140.52916666666667,南方
武汉,2024-04-27,62.112500000000004,90.14166666666667,南方
武汉,2024-04-28,39.21666666666667,56.42916666666667,南方
武汉,2024-04-29,25.8625,37.079166666666666,南方
武汉,2024-04-30,35.75,52.69166666666666,南方
武汉,2024-05-01,28.900000000000002,41.88333333333333,南方
武汉,2024-05-02,55.90833333333333,81.90416666666667,南方
武汉,2024-05-03,56.07916666666667,81.35000000000001,南方
武汉,2024-05-04,44.145833333333336,63.275,南方
武汉,2024-05-05,42.583333333333336,61.75416666666666,南方
武汉,2024-05-06,42.75833333333333,63.57916666666667,南方
武汉,2024-05-07,71.5,109.14166666666667,南方
武汉,2024-05-08,57.51666666666667,88.01666666666667,南方
武汉,2024-05-09,70.95,102.62083333333334,南方
武汉,2024-05-10,41.699999999999996,60.67916666666667,南方
武汉,2024-05-11,36.3625,53.6875,南方
武汉,2024-05-12,52.51666666666667,98.44583333333334,南方
武汉,2024-05-13,52.4375,98.15833333333335,南方
武汉,2024-05-14,46.80833333333334,75.99166666666666,南方
武汉,2024-05-15,65.75,99.99583333333334,南方
武汉,2024-05-16,57.74166666666667,90.83333333333333,南方
武汉,2024-05-17,52.395833333333336,80.03750000000001,南方
武汉,2024-05-18,58.12916666666666,85.2625,南方
武汉,2024-05-19,79.10416666666667,115.79583333333333,南方
武汉,2024-05-20,77.4375,113.83749999999999,南方
武汉,2024-05-21,81.97916666666667,121.8125,南方
武汉,2024-05-22,43.083333333333336,61.85,南方
武汉,2024-05-23,53.916666666666664,77.25,南方
武汉,2024-05-24,57.37916666666666,82.47083333333333,南方
武汉,2024-05-25,52.699999999999996,75.73333333333333,南方
武汉,2024-05-26,52.37916666666666,75.20416666666667,南方
武汉,2024-05-27,37.725,55.28333333333333,南方
武汉,2024-05-28,37.6875,54.675000000000004,南方
武汉,2024-05-29,38.854166666666664,55.62916666666666,南方
武汉,2024-05-30,47.64166666666667,68.14166666666667,南方
武汉,2024-05-31,70.52916666666667,101.41666666666667,南方
武汉,2024-06-01,49.59166666666667,73.87916666666666,南方
武汉,2024-06-02,64.25,94.44583333333333,南方
武汉,2024-06-03,46.887499999999996,68.70416666666667,南方
武汉,2024-06-04,53.75416666666666,82.85833333333333,南方
武汉,2024-06-05,67.60000000000001,104.72500000000001,南方
武汉,2024-06-06,69.04166666666667,101.35833333333333,南方
武汉,2024-06-07,59.725,86.85833333333333,南方
武汉,2024-06-08,90.12083333333334,131.47916666666666,南方
武汉,2024-06-09,60.92916666666667,88.875,南方
武汉,2024-06-10,49.425000000000004,70.77916666666667,南方
武汉,2024-06-11,49.90833333333333,71.50416666666666,南方
武汉,2024-06-12,63.887499999999996,92.375,南方
武汉,2024-06-13,80.41250000000001,115.8625,南方
武汉,2024-06-14,43.28333333333333,61.93333333333334,南方
武汉,2024-06-15,51.262499999999996,76.22916666666667,南方
武汉,2024-06-16,49.15416666666667,78.05833333333334,南方
武汉,2024-06-17,57.65833333333333,86.97916666666667,南方
武汉,2024-06-18,50.57083333333333,73.38333333333334,南方
武汉,2024-06-19,30.954166666666666,44.24583333333334,南方
武汉,2024-06-20,35.9,51.333333333333336,南方
武汉,2024-06-21,31.708333333333332,45.612500000000004,南方
武汉,2024-06-22,23.34583333333333,33.55833333333333,南方
武汉,2024-06-23,40.083333333333336,60.30416666666667,南方
武汉,2024-06-24,46.449999999999996,66.77499999999999,南方
武汉,2024-06-25,46.925000000000004,69.825,南方
武汉,2024-06-26,84.64166666666667,126.15416666666665,南方
武汉,2024-06-27,52.916666666666664,77.05416666666666,南方
武汉,2024-06-28,26.445833333333336,37.97083333333333,南方
武汉,2024-06-29,33.99583333333333,48.53333333333333,南方
武汉,2024-06-30,43.7875,62.637499999999996,南方
武汉,2024-07-01,28.537499999999998,40.833333333333336,南方
武汉,2024-07-02,59.93333333333334,85.45833333333333,南方
武汉,2024-07-03,66.66666666666667,95.70416666666667,南方
武汉,2024-07-04,20.754166666666666,30.40833333333333,南方
武汉,2024-07-05,18.333333333333332,27.170833333333334,南方
武汉,2024-07-06,17.325,25.191666666666666,南方
武汉,2024-07-07,17.933333333333334,25.84583333333333,南方
武汉,2024-07-08,21.895833333333332,31.870833333333334,南方
武汉,2024-07-09,27.141666666666666,40.104166666666664,南方
武汉,2024-07-10,51.07083333333333,73.42916666666666,南方
武汉,2024-07-11,42.875,61.82916666666667,南方
武汉,2024-07-12,47.59166666666667,68.6375,南方
武汉,2024-07-13,61.30833333333334,87.92083333333333,南方
武汉,2024-07-14,51.729166666666664,74.49583333333334,南方
武汉,2024-07-15,51.60833333333333,74.55833333333334,南方
武汉,2024-07-16,38.25833333333333,56.40416666666667,南方
武汉,2024-07-17,24.4375,35.90416666666667,南方
武汉,2024-07-18,23.929166666666664,35.487500000000004,南方
武汉,2024-07-19,22.429166666666664,32.90416666666667,南方
武汉,2024-07-20,22.875,34.108333333333334,南方
武汉,2024-07-21,23.870833333333334,36.012499999999996,南方
武汉,2024-07-22,28.445833333333336,41.94583333333333,南方
武汉,2024-07-23,37.62916666666667,54.40833333333333,南方
武汉,2024-07-24,50.92916666666667,73.50833333333334,南方
武汉,2024-07-25,39.07083333333333,57.50833333333333,南方
武汉,2024-07-26,23.708333333333332,37.44583333333333,南方
武汉,2024-07-27,21.441666666666666,30.933333333333334,南方
武汉,2024-07-28,19.6,28.037499999999998,南方
武汉,2024-07-29,18.320833333333333,26.212500000000002,南方
武汉,2024-07-30,25.979166666666668,37.545833333333334,南方
武汉,2024-07-31,19.479166666666668,28.2625,南方
武汉,2024-08-01,26.429166666666664,37.875,南方
武汉,2024-08-02,27.445833333333336,39.25416666666667,南方
武汉,2024-08-03,25.429166666666664,36.295833333333334,南方
武汉,2024-08-04,27.816666666666666,39.954166666666666,南方
武汉,2024-08-05,31.325,44.97083333333333,南方
武汉,2024-08-06,42.520833333333336,61.05416666666667,南方
武汉,2024-08-07,51.32083333333333,73.50833333333334,南方
武汉,2024-08-08,35.05833333333333,50.12083333333334,南方
武汉,2024-08-09,35.5375,51.24166666666667,南方
武汉,2024-08-10,42.15416666666667,60.62916666666666,南方
武汉,2024-08-11,53.737500000000004,91.03750000000001,南方
武汉,2024-08-12,63.13333333333333,103.50416666666666,南方
武汉,2024-08-13,60.62916666666666,94.71249999999999,南方
武汉,2024-08-14,53.60833333333333,79.15416666666667,南方
武汉,2024-08-15,41.733333333333334,60.375,南方
武汉,2024-08-16,34.15416666666667,50.862500000000004,南方
武汉,2024-08-17,46.270833333333336,68.30833333333334,南方
武汉,2024-08-18,58.54583333333333,84.875,南方
武汉,2024-08-19,44.5875,64.28333333333333,南方
武汉,2024-08-20,44.0875,63.229166666666664,南方
武汉,2024-08-21,51.80416666666667,75.5125,南方
武汉,2024-08-22,45.74583333333334,65.74583333333334,南方
武汉,2024-08-23,36.77916666666667,52.833333333333336,南方
武汉,2024-08-24,49.79583333333333,71.72083333333333,南方
武汉,2024-08-25,56.25833333333333,80.9375,南方
武汉,2024-08-26,53.45416666666667,76.83333333333333,南方
武汉,2024-08-27,37.1875,53.3125,南方
武汉,2024-08-28,38.87916666666667,57.90833333333333,南方
武汉,2024-08-29,46.387499999999996,67.15833333333333,南方
武汉,2024-08-30,58.5875,84.27499999999999,南方
武汉,2024-08-31,66.72500000000001,95.75833333333333,南方
武汉,2024-09-01,66.81666666666666,95.70833333333333,南方
武汉,2024-09-02,59.012499999999996,84.68333333333334,南方
武汉,2024-09-03,49.37916666666666,71.50833333333334,南方
武汉,2024-09-04,54.82916666666667,79.98333333333333,南方
武汉,2024-09-05,56.11666666666667,81.21249999999999,南方
武汉,2024-09-06,52.36666666666667,76.94583333333334,南方
武汉,2024-09-07,45.30833333333334,67.54583333333333,南方
武汉,2024-09-08,47.25833333333333,70.38333333333334,南方
武汉,2024-09-09,47.958333333333336,71.35000000000001,南方
武汉,2024-09-10,38.87083333333333,57.6625,南方
武汉,2024-09-11,36.5,53.30833333333334,南方
武汉,2024-09-12,31.45,45.4125,南方
武汉,2024-09-13,38.199999999999996,54.85,南方
武汉,2024-09-14,41.07083333333333,58.9625,南方
武汉,2024-09-15,33.762499999999996,48.59583333333333,南方
武汉,2024-09-16,26.5,38.887499999999996,南方
武汉,2024-09-17,41.69166666666667,61.57916666666667,南方
武汉,2024-09-18,38.55833333333333,55.90416666666667,南方
武汉,2024-09-19,35.329166666666666,51.65833333333333,南方
武汉,2024-09-20,24.258333333333336,37.44166666666667,南方
武汉,2024-09-21,19.004166666666666,27.65416666666667,南方
武汉,2024-09-22,17.883333333333333,26.337500000000002,南方
武汉,2024-09-23,24.162499999999998,35.083333333333336,南方
武汉,2024-09-24,41.262499999999996,61.324999999999996,南方
武汉,2024-09-25,62.15416666666667,90.6125,南方
武汉,2024-09-26,65.71249999999999,96.3,南方
武汉,2024-09-27,61.5375,90.325,南方
武汉,2024-09-28,31.045833333333334,45.30416666666667,南方
武汉,2024-09-29,31.316666666666666,46.72083333333333,南方
武汉,2024-09-30,31.412499999999998,46.81666666666666,南方
武汉,2024-10-01,16.795833333333334,26.054166666666664,南方
武汉,2024-10-02,20.883333333333333,35.975,南方
武汉,2024-10-03,19.758333333333333,28.5625,南方
武汉,2024-10-04,31.770833333333332,48.104166666666664,南方
武汉,2024-10-05,32.137499999999996,50.083333333333336,南方
武汉,2024-10-06,36.12916666666667,56.49166666666667,南方
武汉,2024-10-07,30.816666666666666,44.75416666666666,南方
武汉,2024-10-08,48.9625,72.3875,南方
武汉,2024-10-09,69.44166666666666,104.64999999999999,南方
武汉,2024-10-10,84.61666666666666,129.46666666666667,南方
武汉,2024-10-11,64.875,106.0,南方
武汉,2024-10-12,56.387499999999996,91.0,南方
武汉,2024-10-13,58.416666666666664,88.84166666666665,南方
武汉,2024-10-14,67.49583333333334,98.08749999999999,南方
武汉,2024-10-15,77.28750000000001,112.14583333333333,南方
武汉,2024-10-16,44.32083333333333,63.75,南方
武汉,2024-10-17,43.541666666666664,62.60833333333333,南方
武汉,2024-10-18,24.175,34.62083333333333,南方
武汉,2024-10-19,17.279166666666665,24.745833333333334,南方
武汉,2024-10-20,20.841666666666665,30.020833333333332,南方
武汉,2024-10-21,32.699999999999996,47.395833333333336,南方
武汉,2024-10-22,26.025000000000002,37.666666666666664,南方
武汉,2024-10-23,46.03333333333333,68.54583333333333,南方
武汉,2024-10-24,58.55833333333334,84.98333333333333,南方
武汉,2024-10-25,48.24166666666667,72.81666666666666,南方
武汉,2024-10-26,38.18333333333333,60.375,南方
武汉,2024-10-27,45.387499999999996,71.62916666666666,南方
武汉,2024-10-28,97.53333333333335,152.77916666666667,南方
武汉,2024-10-29,95.12083333333334,150.9375,南方
武汉,2024-10-30,73.85833333333333,116.59583333333335,南方
武汉,2024-10-31,31.229166666666668,46.862500000000004,南方
武汉,2024-11-01,48.0375,76.28750000000001,南方
武汉,2024-11-02,77.8625,119.99166666666667,南方
武汉,2024-11-03,109.47083333333335,165.04999999999998,南方
武汉,2024-11-04,76.3125,114.22083333333335,南方
武汉,2024-11-05,48.625,73.52499999999999,南方
武汉,2024-11-06,48.675000000000004,74.39166666666667,南方
武汉,2024-11-07,38.541666666666664,56.583333333333336,南方
武汉,2024-11-08,47.24583333333334,69.89166666666667,南方
武汉,2024-11-09,42.62916666666667,64.31666666666666,南方
武汉,2024-11-10,52.041666666666664,75.82916666666667,南方
武汉,2024-11-11,53.175000000000004,77.55833333333334,南方
武汉,2024-11-12,65.58749999999999,90.56666666666666,南方
武汉,2024-11-13,57.020833333333336,57.19583333333333,南方
武汉,2024-11-14,88.59583333333335,88.78333333333335,南方
武汉,2024-11-15,71.28333333333333,71.42083333333333,南方
武汉,2024-11-16,53.9375,54.025,南方
武汉,2024-11-17,24.47083333333333,26.816666666666666,南方
武汉,2024-11-18,23.233333333333334,23.96666666666667,南方
武汉,2024-11-19,39.125,39.766666666666666,南方
武汉,2024-11-20,39.65833333333333,39.833333333333336,南方
武汉,2024-11-21,89.71666666666665,90.69166666666666,南方
武汉,2024-11-22,124.15416666666665,125.40416666666665,南方
武汉,2024-11-23,123.99583333333334,128.65833333333333,南方
武汉,2024-11-24,76.175,77.93333333333334,南方
武汉,2024-11-25,50.237500000000004,51.30416666666667,南方
武汉,2024-11-26,56.512499999999996,80.92083333333333,南方
武汉,2024-11-27,43.32083333333333,51.86666666666667,南方
武汉,2024-11-28,40.94166666666667,45.24583333333334,南方
武汉,2024-11-29,56.987500000000004,59.17083333333333,南方
武汉,2024-11-30,82.48333333333333,83.70833333333333,南方
武汉,2024-12-01,121.21666666666665,123.14166666666667,南方
武汉,2024-12-02,131.62083333333334,133.51666666666668,南方
武汉,2024-12-03,88.71249999999999,89.10000000000001,南方
武汉,2024-12-04,66.09166666666667,66.8125,南方
武汉,2024-12-05,62.42083333333333,64.27916666666667,南方
武汉,2024-12-06,69.7375,72.54166666666667,南方
武汉,2024-12-07,61.57916666666667,62.54583333333333,南方
武汉,2024-12-08,62.02916666666667,63.63333333333333,南方
武汉,2024-12-09,79.21666666666667,82.18333333333334,南方
武汉,2024-12-10,87.56666666666666,90.5125,南方
武汉,2024-12-11,63.7875,64.075,南方
武汉,2024-12-12,95.29583333333333,96.35000000000001,南方
武汉,2024-12-13,72.29583333333333,73.90416666666667,南方
武汉,2024-12-14,63.32083333333333,67.40833333333333,南方
武汉,2024-12-15,82.9375,85.69166666666666,南方
武汉,2024-12-16,95.175,96.84583333333335,南方
武汉,2024-12-17,130.1,132.63750000000002,南方
武汉,2024-12-18,77.39999999999999,78.03333333333333,南方
武汉,2024-12-19,83.91250000000001,86.80416666666667,南方
武汉,2024-12-20,196.57916666666665,200.45000000000002,南方
武汉,2024-12-21,101.5125,102.90416666666665,南方
武汉,2024-12-22,60.25416666666666,62.21666666666667,南方
武汉,2024-12-23,123.72500000000001,125.87916666666666,南方
武汉,2024-12-24,184.45000000000002,187.6625,南方
武汉,2024-12-25,208.5583333333333,211.3125,南方
武汉,2024-12-26,166.40416666666667,167.42083333333332,南方
武汉,2024-12-27,150.96666666666667,151.85416666666666,南方
武汉,2024-12-28,79.92083333333333,81.35833333333333,南方
武汉,2024-12-29,122.72083333333335,125.00833333333333,南方
武汉,2024-12-30,147.39583333333334,148.89166666666668,南方
武汉,2024-12-31,153.37916666666666,157.50833333333333,南方
沈阳,2022-08-04,50.7875,74.01875,北方
沈阳,2022-08-05,32.0,46.44166666666666,北方
沈阳,2022-08-06,49.074999999999996,70.36666666666666,北方
沈阳,2022-08-07,31.3,44.949999999999996,北方
沈阳,2022-08-08,19.770833333333332,28.370833333333334,北方
沈阳,2022-08-09,40.8125,58.4375,北方
沈阳,2022-08-10,33.104166666666664,47.84583333333333,北方
沈阳,2022-08-11,46.10833333333333,67.28750000000001,北方
沈阳,2022-08-12,60.40833333333333,87.80833333333334,北方
沈阳,2022-08-13,38.775,56.12916666666666,北方
沈阳,2022-08-14,37.704166666666666,53.97083333333333,北方
沈阳,2022-08-15,19.004166666666666,27.25,北方
沈阳,2022-08-16,19.979166666666668,28.599999999999998,北方
沈阳,2022-08-17,33.199999999999996,47.416666666666664,北方
沈阳,2022-08-18,41.18333333333333,59.324999999999996,北方
沈阳,2022-08-19,17.7625,26.3125,北方
沈阳,2022-08-20,25.570833333333336,36.7125,北方
沈阳,2022-08-21,38.61666666666667,55.85833333333333,北方
沈阳,2022-08-22,21.129166666666666,31.05,北方
沈阳,2022-08-23,19.658333333333335,28.40833333333333,北方
沈阳,2022-08-24,27.166666666666668,39.050000000000004,北方
沈阳,2022-08-25,36.15,52.19583333333333,北方
沈阳,2022-08-26,28.416666666666668,43.225,北方
沈阳,2022-08-27,19.39166666666667,27.8625,北方
沈阳,2022-08-28,36.387499999999996,52.09583333333333,北方
沈阳,2022-08-29,32.53333333333333,47.27916666666667,北方
沈阳,2022-08-30,38.166666666666664,55.354166666666664,北方
沈阳,2022-08-31,57.10833333333334,82.00833333333334,北方
沈阳,2022-09-01,13.220833333333333,19.091666666666665,北方
沈阳,2022-09-02,33.78333333333333,48.270833333333336,北方
沈阳,2022-09-03,36.479166666666664,52.5875,北方
沈阳,2022-09-04,29.27916666666667,42.11666666666667,北方
沈阳,2022-09-05,27.891666666666666,40.737500000000004,北方
沈阳,2022-09-06,22.97083333333333,34.708333333333336,北方
沈阳,2022-09-07,25.016666666666666,35.81666666666667,北方
沈阳,2022-09-08,42.112500000000004,60.416666666666664,北方
沈阳,2022-09-09,62.36666666666667,90.02916666666665,北方
沈阳,2022-09-10,60.74583333333334,87.15833333333335,北方
沈阳,2022-09-11,45.30833333333334,64.91666666666667,北方
沈阳,2022-09-12,42.84166666666667,62.64166666666667,北方
沈阳,2022-09-13,53.20416666666667,77.10000000000001,北方
沈阳,2022-09-14,38.67916666666667,55.458333333333336,北方
沈阳,2022-09-15,32.858333333333334,47.29583333333333,北方
沈阳,2022-09-16,29.474999999999998,42.104166666666664,北方
沈阳,2022-09-17,32.06666666666667,45.925000000000004,北方
沈阳,2022-09-18,25.620833333333334,37.02916666666667,北方
沈阳,2022-09-19,9.441666666666666,14.004166666666668,北方
沈阳,2022-09-20,25.495833333333334,36.520833333333336,北方
沈阳,2022-09-21,24.641666666666666,35.8125,北方
沈阳,2022-09-22,21.0125,32.1875,北方
沈阳,2022-09-23,20.429166666666667,29.895833333333332,北方
沈阳,2022-09-24,27.945833333333336,40.30833333333333,北方
沈阳,2022-09-25,36.85,54.520833333333336,北方
沈阳,2022-09-26,49.300000000000004,72.47500000000001,北方
沈阳,2022-09-27,50.72083333333333,74.22500000000001,北方
沈阳,2022-09-28,41.520833333333336,61.32916666666667,北方
沈阳,2022-09-29,36.77916666666667,55.0375,北方
沈阳,2022-09-30,28.370833333333334,42.020833333333336,北方
沈阳,2022-10-01,53.65833333333333,78.93333333333334,北方
沈阳,2022-10-02,39.15,56.625,北方
沈阳,2022-10-03,30.02916666666667,43.15,北方
沈阳,2022-10-04,6.545833333333333,9.854166666666666,北方
沈阳,2022-10-05,23.016666666666666,33.0375,北方
沈阳,2022-10-06,28.150000000000002,40.25,北方
沈阳,2022-10-07,27.28333333333333,39.1625,北方
沈阳,2022-10-08,22.27916666666667,34.574999999999996,北方
沈阳,2022-10-09,13.866666666666667,20.7,北方
沈阳,2022-10-10,11.15,16.145833333333332,北方
沈阳,2022-10-11,31.179166666666664,44.79583333333333,北方
沈阳,2022-10-12,40.079166666666666,60.30416666666667,北方
沈阳,2022-10-13,52.80833333333334,86.85416666666667,北方
沈阳,2022-10-14,60.28333333333333,93.53333333333335,北方
沈阳,2022-10-15,61.675000000000004,93.53333333333335,北方
沈阳,2022-10-16,9.491666666666665,13.816666666666668,北方
沈阳,2022-10-17,21.3875,30.704166666666666,北方
沈阳,2022-10-18,31.9375,45.675000000000004,北方
沈阳,2022-10-19,40.19583333333333,60.15,北方
沈阳,2022-10-20,43.583333333333336,68.39166666666667,北方
沈阳,2022-10-21,45.74166666666667,70.9375,北方
沈阳,2022-10-22,37.93333333333333,54.80416666666667,北方
沈阳,2022-10-23,34.25416666666667,49.104166666666664,北方
沈阳,2022-10-24,61.15,87.82916666666667,北方
沈阳,2022-10-25,24.145833333333332,36.30833333333333,北方
沈阳,2022-10-26,34.69583333333333,52.925000000000004,北方
沈阳,2022-10-27,23.912499999999998,34.22083333333333,北方
沈阳,2022-10-28,27.625,39.520833333333336,北方
沈阳,2022-10-29,42.95416666666667,61.38333333333333,北方
沈阳,2022-10-30,48.1625,69.25416666666666,北方
沈阳,2022-10-31,32.8375,57.354166666666664,北方
沈阳,2022-11-01,27.65833333333333,39.725,北方
沈阳,2022-11-02,32.875,48.50416666666666,北方
沈阳,2022-11-03,22.441666666666666,32.35,北方
沈阳,2022-11-04,25.041666666666668,36.083333333333336,北方
沈阳,2022-11-05,38.27916666666667,55.07083333333333,北方
沈阳,2022-11-06,42.525,63.541666666666664,北方
沈阳,2022-11-07,58.05416666666667,85.8625,北方
沈阳,2022-11-08,32.016666666666666,46.15833333333333,北方
沈阳,2022-11-09,46.729166666666664,75.51666666666667,北方
沈阳,2022-11-10,91.71666666666665,135.29999999999998,北方
沈阳,2022-11-11,34.8875,51.99583333333334,北方
沈阳,2022-11-12,19.316666666666666,28.441666666666666,北方
沈阳,2022-11-13,31.962500000000002,45.6875,北方
沈阳,2022-11-14,67.61666666666666,101.20833333333333,北方
沈阳,2022-11-15,62.42083333333333,95.95416666666667,北方
沈阳,2022-11-16,51.862500000000004,74.82083333333334,北方
沈阳,2022-11-17,53.62083333333334,82.99166666666666,北方
沈阳,2022-11-18,50.9375,74.72083333333333,北方
沈阳,2022-11-19,36.22083333333333,55.25416666666666,北方
沈阳,2022-11-20,41.891666666666666,62.67083333333333,北方
沈阳,2022-11-21,57.23333333333333,87.44583333333333,北方
沈阳,2022-11-22,72.68333333333334,106.91250000000001,北方
沈阳,2022-11-23,80.63333333333334,116.60416666666667,北方
沈阳,2022-11-24,71.40416666666667,106.25,北方
沈阳,2022-11-25,29.429166666666664,48.42916666666667,北方
沈阳,2022-11-26,21.354166666666668,31.03333333333333,北方
沈阳,2022-11-27,31.84583333333333,46.82083333333333,北方
沈阳,2022-11-28,40.025,58.65833333333333,北方
沈阳,2022-11-29,8.458333333333334,14.054166666666667,北方
沈阳,2022-11-30,11.737499999999999,18.404166666666665,北方
沈阳,2022-12-01,22.379166666666666,33.75416666666667,北方
沈阳,2022-12-02,27.204166666666666,43.275,北方
沈阳,2022-12-03,19.754166666666666,31.954166666666666,北方
沈阳,2022-12-04,23.116666666666664,33.50833333333333,北方
沈阳,2022-12-05,35.699999999999996,51.987500000000004,北方
沈阳,2022-12-06,28.254166666666666,41.204166666666666,北方
沈阳,2022-12-07,19.820833333333333,29.895833333333332,北方
沈阳,2022-12-08,36.112500000000004,52.0875,北方
沈阳,2022-12-09,56.375,81.45,北方
沈阳,2022-12-10,37.27916666666667,53.59166666666667,北方
沈阳,2022-12-11,50.487500000000004,72.38333333333334,北方
沈阳,2022-12-12,25.316666666666666,39.92916666666667,北方
沈阳,2022-12-13,6.1375,9.725,北方
沈阳,2022-12-14,0.7541666666666668,1.0875000000000001,北方
沈阳,2022-12-15,0.6,0.8708333333333332,北方
沈阳,2022-12-16,23.420833333333334,33.74583333333333,北方
沈阳,2022-12-17,13.391666666666666,20.1375,北方
沈阳,2022-12-18,23.420833333333334,33.829166666666666,北方
沈阳,2022-12-19,45.175000000000004,64.85416666666667,北方
沈阳,2022-12-20,25.5625,37.55416666666667,北方
沈阳,2022-12-21,28.429166666666664,43.175000000000004,北方
沈阳,2022-12-22,18.641666666666666,26.641666666666666,北方
沈阳,2022-12-23,12.283333333333333,17.599999999999998,北方
沈阳,2022-12-24,30.462500000000002,43.59583333333333,北方
沈阳,2022-12-25,40.483333333333334,57.88333333333333,北方
沈阳,2022-12-26,72.4875,103.59583333333335,北方
沈阳,2022-12-27,61.9125,91.35833333333333,北方
沈阳,2022-12-28,30.445833333333336,44.24583333333334,北方
沈阳,2022-12-29,47.79583333333333,68.77083333333333,北方
沈阳,2022-12-30,51.145833333333336,73.47083333333333,北方
沈阳,2022-12-31,38.675000000000004,57.67083333333333,北方
沈阳,2023-01-01,19.691666666666666,28.366666666666664,北方
沈阳,2023-01-02,28.329166666666666,40.74166666666667,北方
沈阳,2023-01-03,56.666666666666664,81.26666666666667,北方
沈阳,2023-01-04,92.8,133.00833333333333,北方
沈阳,2023-01-05,61.88333333333333,91.60000000000001,北方
沈阳,2023-01-06,60.074999999999996,92.9375,北方
沈阳,2023-01-07,73.97500000000001,109.7625,北方
沈阳,2023-01-08,48.18333333333334,75.37916666666668,北方
沈阳,2023-01-09,28.008333333333336,40.395833333333336,北方
沈阳,2023-01-10,35.75416666666667,51.56666666666666,北方
沈阳,2023-01-11,32.35,49.020833333333336,北方
沈阳,2023-01-12,21.983333333333334,33.82083333333333,北方
沈阳,2023-01-13,24.47083333333333,35.891666666666666,北方
沈阳,2023-01-14,9.216666666666667,13.241666666666667,北方
沈阳,2023-01-15,30.229166666666668,43.26666666666667,北方
沈阳,2023-01-16,24.754166666666666,35.608333333333334,北方
沈阳,2023-01-17,35.2125,53.93333333333334,北方
沈阳,2023-01-18,43.76666666666667,65.33749999999999,北方
沈阳,2023-01-19,39.574999999999996,69.52083333333333,北方
沈阳,2023-01-20,19.099999999999998,27.583333333333332,北方
沈阳,2023-01-21,34.50833333333333,53.67083333333333,北方
沈阳,2023-01-22,45.97083333333333,68.75,北方
沈阳,2023-01-23,19.345833333333335,27.895833333333332,北方
沈阳,2023-01-24,14.741666666666667,21.5,北方
沈阳,2023-01-25,30.6125,45.10833333333333,北方
沈阳,2023-01-26,40.94166666666667,60.84583333333333,北方
沈阳,2023-01-27,31.5125,45.24583333333334,北方
沈阳,2023-01-28,26.162499999999998,37.983333333333334,北方
沈阳,2023-01-29,34.420833333333334,50.95416666666667,北方
沈阳,2023-01-30,31.679166666666664,45.541666666666664,北方
沈阳,2023-01-31,37.016666666666666,56.77916666666667,北方
沈阳,2023-02-01,16.408333333333335,24.245833333333334,北方
沈阳,2023-02-02,32.2,46.12083333333334,北方
沈阳,2023-02-03,51.07916666666667,74.25,北方
沈阳,2023-02-04,28.1125,40.40833333333333,北方
沈阳,2023-02-05,36.06666666666667,53.020833333333336,北方
沈阳,2023-02-06,39.225,56.15833333333333,北方
沈阳,2023-02-07,50.729166666666664,72.78333333333333,北方
沈阳,2023-02-08,40.854166666666664,58.67083333333333,北方
沈阳,2023-02-09,47.15,67.84166666666667,北方
沈阳,2023-02-10,43.21666666666667,63.3125,北方
沈阳,2023-02-11,65.66666666666667,98.10833333333333,北方
沈阳,2023-02-12,28.808333333333334,41.75,北方
沈阳,2023-02-13,25.412499999999998,36.574999999999996,北方
沈阳,2023-02-14,17.837500000000002,25.662499999999998,北方
沈阳,2023-02-15,31.900000000000002,45.59166666666667,北方
沈阳,2023-02-16,51.05416666666667,75.07083333333334,北方
沈阳,2023-02-17,80.81666666666666,121.8,北方
沈阳,2023-02-18,48.76666666666667,73.90416666666667,北方
沈阳,2023-02-19,22.245833333333334,32.925000000000004,北方
沈阳,2023-02-20,10.466666666666667,15.516666666666666,北方
沈阳,2023-02-21,25.129166666666666,36.30416666666667,北方
沈阳,2023-02-22,34.12916666666667,50.75833333333333,北方
沈阳,2023-02-23,42.15833333333334,62.30833333333333,北方
沈阳,2023-02-24,15.0625,22.070833333333336,北方
沈阳,2023-02-25,30.895833333333332,44.40416666666667,北方
沈阳,2023-02-26,39.15,56.36666666666667,北方
沈阳,2023-02-27,33.275,48.65416666666667,北方
沈阳,2023-02-28,26.52916666666667,40.483333333333334,北方
沈阳,2023-03-01,16.204166666666666,23.266666666666666,北方
沈阳,2023-03-02,22.150000000000002,32.30416666666667,北方
沈阳,2023-03-03,46.324999999999996,67.96249999999999,北方
沈阳,2023-03-04,74.35416666666667,110.25833333333333,北方
沈阳,2023-03-05,60.262499999999996,89.8875,北方
沈阳,2023-03-06,67.11666666666666,102.69583333333333,北方
沈阳,2023-03-07,46.32083333333333,70.02916666666667,北方
沈阳,2023-03-08,45.38333333333333,66.55,北方
沈阳,2023-03-09,52.2875,76.95833333333333,北方
沈阳,2023-03-10,51.31666666666666,77.84166666666667,北方
沈阳,2023-03-11,13.9375,20.895833333333332,北方
沈阳,2023-03-12,18.408333333333335,27.166666666666668,北方
沈阳,2023-03-13,29.254166666666666,44.02916666666667,北方
沈阳,2023-03-14,35.96666666666667,58.35,北方
沈阳,2023-03-15,12.575000000000001,19.295833333333334,北方
沈阳,2023-03-16,20.595833333333335,30.058333333333334,北方
沈阳,2023-03-17,34.8125,50.92083333333333,北方
沈阳,2023-03-18,46.90833333333333,68.97500000000001,北方
沈阳,2023-03-19,43.22083333333333,62.62083333333334,北方
沈阳,2023-03-20,52.51666666666667,79.16666666666667,北方
沈阳,2023-03-21,48.324999999999996,72.9875,北方
沈阳,2023-03-22,33.795833333333334,51.93333333333334,北方
沈阳,2023-03-23,18.516666666666666,28.208333333333332,北方
沈阳,2023-03-24,26.958333333333332,38.612500000000004,北方
沈阳,2023-03-25,35.483333333333334,51.199999999999996,北方
沈阳,2023-03-26,40.266666666666666,57.71666666666667,北方
沈阳,2023-03-27,51.083333333333336,75.23333333333333,北方
沈阳,2023-03-28,40.854166666666664,61.395833333333336,北方
沈阳,2023-03-29,41.68333333333333,63.40416666666667,北方
沈阳,2023-03-30,64.29583333333333,95.7625,北方
沈阳,2023-03-31,53.5625,78.79583333333333,北方
沈阳,2023-04-01,45.975,68.09583333333333,北方
沈阳,2023-04-02,39.645833333333336,58.69166666666666,北方
沈阳,2023-04-03,38.21666666666667,56.416666666666664,北方
沈阳,2023-04-04,39.737500000000004,57.25416666666666,北方
沈阳,2023-04-05,59.375,85.83333333333333,北方
沈阳,2023-04-06,42.81666666666666,63.13333333333333,北方
沈阳,2023-04-07,9.049999999999999,13.533333333333333,北方
沈阳,2023-04-08,16.195833333333333,23.337500000000002,北方
沈阳,2023-04-09,33.38333333333333,50.80416666666667,北方
沈阳,2023-04-10,43.30833333333334,72.28333333333333,北方
沈阳,2023-04-11,21.091666666666665,35.75833333333333,北方
沈阳,2023-04-12,15.645833333333334,27.758333333333336,北方
沈阳,2023-04-13,47.50416666666666,72.19583333333334,北方
沈阳,2023-04-14,69.39999999999999,116.93333333333334,北方
沈阳,2023-04-15,51.604166666666664,85.3125,北方
沈阳,2023-04-16,36.49166666666667,55.13333333333333,北方
沈阳,2023-04-17,45.37916666666666,72.5,北方
沈阳,2023-04-18,30.175,44.81666666666666,北方
沈阳,2023-04-19,28.349999999999998,41.204166666666666,北方
沈阳,2023-04-20,21.283333333333335,32.800000000000004,北方
沈阳,2023-04-21,15.9625,23.15416666666667,北方
沈阳,2023-04-22,26.241666666666664,38.525,北方
沈阳,2023-04-23,19.5125,28.170833333333334,北方
沈阳,2023-04-24,26.474999999999998,38.07083333333333,北方
沈阳,2023-04-25,29.3125,42.85833333333333,北方
沈阳,2023-04-26,22.566666666666666,33.5375,北方
沈阳,2023-04-27,35.550000000000004,54.725,北方
沈阳,2023-04-28,33.80416666666667,51.262499999999996,北方
沈阳,2023-04-29,26.425,38.82083333333333,北方
沈阳,2023-04-30,28.675,41.5875,北方
沈阳,2023-05-01,30.15416666666667,43.37916666666666,北方
沈阳,2023-05-02,22.808333333333334,35.52916666666667,北方
沈阳,2023-05-03,23.366666666666664,38.2625,北方
沈阳,2023-05-04,30.016666666666666,44.78333333333333,北方
沈阳,2023-05-05,34.550000000000004,50.395833333333336,北方
沈阳,2023-05-06,17.441666666666666,24.979166666666668,北方
沈阳,2023-05-07,20.829166666666666,30.133333333333336,北方
沈阳,2023-05-08,26.3,37.94166666666667,北方
沈阳,2023-05-09,15.966666666666667,22.983333333333334,北方
沈阳,2023-05-10,23.233333333333334,33.27916666666667,北方
沈阳,2023-05-11,29.46666666666667,42.166666666666664,北方
沈阳,2023-05-12,46.637499999999996,69.24583333333334,北方
沈阳,2023-05-13,33.95,52.729166666666664,北方
沈阳,2023-05-14,29.474999999999998,43.020833333333336,北方
沈阳,2023-05-15,33.8375,51.74583333333334,北方
沈阳,2023-05-16,41.61666666666667,63.82083333333333,北方
沈阳,2023-05-17,51.56666666666666,76.2375,北方
沈阳,2023-05-18,39.050000000000004,57.4,北方
沈阳,2023-05-19,28.162499999999998,40.5875,北方
沈阳,2023-05-20,27.683333333333334,49.49583333333334,北方
沈阳,2023-05-21,21.854166666666668,31.9875,北方
沈阳,2023-05-22,37.62083333333333,54.07083333333333,北方
沈阳,2023-05-23,38.875,55.71666666666667,北方
沈阳,2023-05-24,30.891666666666666,44.637499999999996,北方
沈阳,2023-05-25,22.991666666666664,34.8125,北方
沈阳,2023-05-26,35.233333333333334,54.925000000000004,北方
沈阳,2023-05-27,32.55833333333333,49.137499999999996,北方
沈阳,2023-05-28,40.512499999999996,60.96666666666667,北方
沈阳,2023-05-29,20.495833333333334,29.675,北方
沈阳,2023-05-30,22.808333333333334,32.62916666666667,北方
沈阳,2023-05-31,38.40833333333333,55.6,北方
沈阳,2023-06-01,45.42083333333333,79.28333333333333,北方
沈阳,2023-06-02,23.9375,36.46666666666667,北方
沈阳,2023-06-03,24.587500000000002,35.266666666666666,北方
沈阳,2023-06-04,20.129166666666666,28.958333333333332,北方
沈阳,2023-06-05,22.52916666666667,33.074999999999996,北方
沈阳,2023-06-06,34.99583333333333,50.70416666666667,北方
沈阳,2023-06-07,31.341666666666665,48.15,北方
沈阳,2023-06-08,28.891666666666666,41.75833333333333,北方
沈阳,2023-06-09,25.625,36.90416666666667,北方
沈阳,2023-06-10,38.1875,55.25833333333333,北方
沈阳,2023-06-11,40.833333333333336,58.69166666666666,北方
沈阳,2023-06-12,51.112500000000004,73.15833333333333,北方
沈阳,2023-06-13,75.67083333333333,108.09166666666665,北方
沈阳,2023-06-14,82.72916666666667,118.22916666666667,北方
沈阳,2023-06-15,58.00833333333333,83.02916666666667,北方
沈阳,2023-06-16,36.262499999999996,52.32916666666667,北方
沈阳,2023-06-17,52.949999999999996,76.73333333333333,北方
沈阳,2023-06-18,61.604166666666664,89.27916666666665,北方
沈阳,2023-06-19,69.05416666666666,99.70833333333333,北方
沈阳,2023-06-20,36.56666666666667,52.99583333333334,北方
沈阳,2023-06-21,29.245833333333334,41.94583333333333,北方
沈阳,2023-06-22,49.37083333333334,70.55833333333334,北方
沈阳,2023-06-23,44.333333333333336,63.89166666666667,北方
沈阳,2023-06-24,27.724999999999998,39.949999999999996,北方
沈阳,2023-06-25,33.99583333333333,49.67916666666667,北方
沈阳,2023-06-26,45.24583333333334,65.95,北方
沈阳,2023-06-27,48.37916666666666,70.19583333333334,北方
沈阳,2023-06-28,43.96666666666667,65.16666666666667,北方
沈阳,2023-06-29,45.3125,67.97083333333333,北方
沈阳,2023-06-30,48.737500000000004,73.70833333333333,北方
沈阳,2023-07-01,27.650000000000002,41.97083333333333,北方
沈阳,2023-07-02,40.46666666666667,59.4375,北方
沈阳,2023-07-03,32.487500000000004,48.675000000000004,北方
沈阳,2023-07-04,41.170833333333334,60.05416666666667,北方
沈阳,2023-07-05,26.1375,49.9,北方
沈阳,2023-07-06,33.416666666666664,66.90833333333333,北方
沈阳,2023-07-07,33.979166666666664,53.48333333333333,北方
沈阳,2023-07-08,25.962500000000002,40.17916666666667,北方
沈阳,2023-07-09,30.829166666666666,47.699999999999996,北方
沈阳,2023-07-10,34.25416666666667,49.51666666666667,北方
沈阳,2023-07-11,33.137499999999996,47.7875,北方
沈阳,2023-07-12,30.21666666666667,43.51666666666667,北方
沈阳,2023-07-13,56.50833333333333,82.125,北方
沈阳,2023-07-14,36.27916666666667,57.87916666666666,北方
沈阳,2023-07-15,16.829166666666666,27.283333333333335,北方
沈阳,2023-07-16,13.475,19.2625,北方
沈阳,2023-07-17,34.795833333333334,49.7875,北方
沈阳,2023-07-18,74.17916666666666,106.97500000000001,北方
沈阳,2023-07-19,78.19166666666666,113.86666666666667,北方
沈阳,2023-07-20,81.075,119.59166666666668,北方
沈阳,2023-07-21,76.99166666666666,114.51666666666667,北方
沈阳,2023-07-22,33.28333333333333,48.45416666666667,北方
沈阳,2023-07-23,17.8125,25.425,北方
沈阳,2023-07-24,48.88333333333333,70.54166666666667,北方
沈阳,2023-07-25,44.887499999999996,66.21249999999999,北方
沈阳,2023-07-26,35.079166666666666,52.71666666666667,北方
沈阳,2023-07-27,21.599999999999998,32.016666666666666,北方
沈阳,2023-07-28,23.53333333333333,36.4125,北方
沈阳,2023-07-29,20.025000000000002,29.6125,北方
沈阳,2023-07-30,24.34583333333333,35.40416666666667,北方
沈阳,2023-07-31,47.362500000000004,69.17916666666666,北方
沈阳,2023-08-01,54.42083333333333,79.9875,北方
沈阳,2023-08-02,33.074999999999996,51.15416666666667,北方
沈阳,2023-08-03,36.675000000000004,57.99166666666667,北方
沈阳,2023-08-04,49.12083333333334,75.40833333333333,北方
沈阳,2023-08-05,30.083333333333332,43.512499999999996,北方
沈阳,2023-08-06,17.579166666666666,25.075,北方
沈阳,2023-08-07,18.370833333333334,26.304166666666664,北方
沈阳,2023-08-08,18.595833333333335,27.191666666666666,北方
沈阳,2023-08-09,19.349999999999998,28.34583333333333,北方
沈阳,2023-08-10,14.933333333333332,21.729166666666668,北方
沈阳,2023-08-11,17.520833333333332,25.21666666666667,北方
沈阳,2023-08-12,33.90416666666667,48.27916666666667,北方
沈阳,2023-08-13,31.395833333333332,44.80833333333334,北方
沈阳,2023-08-14,27.179166666666664,39.38333333333333,北方
沈阳,2023-08-15,33.641666666666666,48.449999999999996,北方
沈阳,2023-08-16,40.88333333333333,59.0,北方
沈阳,2023-08-17,36.85,52.949999999999996,北方
沈阳,2023-08-18,59.387499999999996,85.80833333333334,北方
沈阳,2023-08-19,68.14166666666667,100.6125,北方
沈阳,2023-08-20,101.72916666666667,153.40416666666667,北方
沈阳,2023-08-21,36.40833333333333,53.09166666666667,北方
沈阳,2023-08-22,33.55833333333333,49.82916666666667,北方
沈阳,2023-08-23,28.083333333333332,40.829166666666666,北方
沈阳,2023-08-24,14.779166666666667,21.441666666666666,北方
沈阳,2023-08-25,19.520833333333332,28.554166666666664,北方
沈阳,2023-08-26,23.2,33.24583333333333,北方
沈阳,2023-08-27,18.4375,26.6875,北方
沈阳,2023-08-28,18.816666666666666,27.22083333333333,北方
沈阳,2023-08-29,12.4125,17.675,北方
沈阳,2023-08-30,21.229166666666668,30.454166666666666,北方
沈阳,2023-08-31,43.62083333333334,63.22083333333333,北方
沈阳,2023-09-01,34.391666666666666,49.387499999999996,北方
沈阳,2023-09-02,40.983333333333334,59.37083333333334,北方
沈阳,2023-09-03,40.53333333333333,58.612500000000004,北方
沈阳,2023-09-04,52.73333333333333,78.95,北方
沈阳,2023-09-05,22.104166666666668,32.233333333333334,北方
沈阳,2023-09-06,21.59583333333333,31.0,北方
沈阳,2023-09-07,26.204166666666666,37.583333333333336,北方
沈阳,2023-09-08,40.74166666666667,61.35,北方
沈阳,2023-09-09,48.05416666666667,70.69166666666666,北方
沈阳,2023-09-10,42.84583333333333,62.21666666666667,北方
沈阳,2023-09-11,28.745833333333334,44.36666666666667,北方
沈阳,2023-09-12,12.966666666666667,18.591666666666665,北方
沈阳,2023-09-13,17.279166666666665,24.71666666666667,北方
沈阳,2023-09-14,26.8875,38.6,北方
沈阳,2023-09-15,30.108333333333334,44.449999999999996,北方
沈阳,2023-09-16,37.12916666666667,54.7875,北方
沈阳,2023-09-17,62.65833333333333,94.7,北方
沈阳,2023-09-18,43.362500000000004,67.41250000000001,北方
沈阳,2023-09-19,17.108333333333334,25.191666666666666,北方
沈阳,2023-09-20,14.408333333333333,20.599999999999998,北方
沈阳,2023-09-21,25.95,37.166666666666664,北方
沈阳,2023-09-22,30.65833333333333,46.56666666666666,北方
沈阳,2023-09-23,13.345833333333333,19.091666666666665,北方
沈阳,2023-09-24,23.304166666666664,35.59166666666667,北方
沈阳,2023-09-25,18.833333333333332,29.454166666666666,北方
沈阳,2023-09-26,28.224999999999998,41.90416666666667,北方
沈阳,2023-09-27,41.06666666666667,70.91666666666667,北方
沈阳,2023-09-28,19.037499999999998,27.320833333333336,北方
沈阳,2023-09-29,30.704166666666666,48.458333333333336,北方
沈阳,2023-09-30,26.22083333333333,48.895833333333336,北方
沈阳,2023-10-01,17.179166666666667,25.2625,北方
沈阳,2023-10-02,31.7375,47.87083333333334,北方
沈阳,2023-10-03,30.958333333333332,50.6,北方
沈阳,2023-10-04,10.424999999999999,15.779166666666667,北方
沈阳,2023-10-05,14.470833333333333,20.875,北方
沈阳,2023-10-06,24.933333333333334,35.737500000000004,北方
沈阳,2023-10-07,30.366666666666664,43.666666666666664,北方
沈阳,2023-10-08,26.925,40.574999999999996,北方
沈阳,2023-10-09,18.55,27.625,北方
沈阳,2023-10-10,56.020833333333336,81.57916666666667,北方
沈阳,2023-10-11,60.05833333333334,88.2625,北方
沈阳,2023-10-12,50.875,74.79583333333333,北方
沈阳,2023-10-13,60.3375,89.46666666666665,北方
沈阳,2023-10-14,48.925000000000004,71.62916666666666,北方
沈阳,2023-10-15,21.59583333333333,31.858333333333334,北方
沈阳,2023-10-16,24.270833333333332,34.9375,北方
沈阳,2023-10-17,28.900000000000002,43.862500000000004,北方
沈阳,2023-10-18,30.09583333333333,48.487500000000004,北方
沈阳,2023-10-19,22.349999999999998,32.708333333333336,北方
沈阳,2023-10-20,9.3375,13.674999999999999,北方
沈阳,2023-10-21,15.5875,22.400000000000002,北方
沈阳,2023-10-22,27.395833333333332,40.645833333333336,北方
沈阳,2023-10-23,43.81666666666666,67.75416666666666,北方
沈阳,2023-10-24,57.025,87.32083333333333,北方
沈阳,2023-10-25,52.09166666666667,86.3,北方
沈阳,2023-10-26,11.020833333333334,16.216666666666665,北方
沈阳,2023-10-27,24.7625,35.49166666666667,北方
沈阳,2023-10-28,22.745833333333334,32.52916666666667,北方
沈阳,2023-10-29,29.108333333333334,47.15416666666667,北方
沈阳,2023-10-30,28.1375,44.57083333333333,北方
沈阳,2023-10-31,30.208333333333332,50.275,北方
沈阳,2023-11-01,21.083333333333332,36.59166666666667,北方
沈阳,2023-11-02,45.48333333333333,73.72916666666667,北方
沈阳,2023-11-03,13.958333333333334,20.304166666666667,北方
沈阳,2023-11-04,46.166666666666664,67.05416666666666,北方
沈阳,2023-11-05,32.75416666666667,47.34166666666667,北方
沈阳,2023-11-06,10.933333333333332,17.870833333333334,北方
沈阳,2023-11-07,34.4125,49.50833333333333,北方
沈阳,2023-11-08,22.599999999999998,35.791666666666664,北方
沈阳,2023-11-09,21.775000000000002,38.30833333333333,北方
沈阳,2023-11-10,20.4875,29.474999999999998,北方
沈阳,2023-11-11,35.5875,51.05416666666667,北方
沈阳,2023-11-12,43.875,62.895833333333336,北方
沈阳,2023-11-13,35.199999999999996,51.3125,北方
沈阳,2023-11-14,57.300000000000004,83.2,北方
沈阳,2023-11-15,55.42916666666667,86.65416666666665,北方
沈阳,2023-11-16,37.016666666666666,69.7,北方
沈阳,2023-11-17,9.520833333333334,14.441666666666668,北方
沈阳,2023-11-18,25.162499999999998,37.4375,北方
沈阳,2023-11-19,32.30833333333333,52.59583333333333,北方
沈阳,2023-11-20,30.366666666666664,45.65,北方
沈阳,2023-11-21,50.2875,80.96249999999999,北方
沈阳,2023-11-22,28.849999999999998,44.74166666666667,北方
沈阳,2023-11-23,10.0375,14.700000000000001,北方
沈阳,2023-11-24,11.804166666666667,16.733333333333334,北方
沈阳,2023-11-25,23.858333333333334,33.979166666666664,北方
沈阳,2023-11-26,36.00833333333333,53.59583333333333,北方
沈阳,2023-11-27,34.25,49.9125,北方
沈阳,2023-11-28,20.570833333333333,29.3875,北方
沈阳,2023-11-29,13.083333333333334,18.845833333333335,北方
沈阳,2023-11-30,19.837500000000002,28.6875,北方
沈阳,2023-12-01,23.55,34.229166666666664,北方
沈阳,2023-12-02,33.4625,49.49166666666667,北方
沈阳,2023-12-03,42.266666666666666,64.40416666666667,北方
沈阳,2023-12-04,59.42083333333333,95.31666666666666,北方
沈阳,2023-12-05,82.95,131.9625,北方
沈阳,2023-12-06,47.00833333333333,71.14999999999999,北方
沈阳,2023-12-07,35.0125,52.4125,北方
沈阳,2023-12-08,27.520833333333332,43.93333333333334,北方
沈阳,2023-12-09,11.65,16.570833333333333,北方
沈阳,2023-12-10,9.908333333333333,13.7125,北方
沈阳,2023-12-11,17.212500000000002,24.170833333333334,北方
沈阳,2023-12-12,20.370833333333334,28.849999999999998,北方
沈阳,2023-12-13,26.5125,36.5625,北方
沈阳,2023-12-14,21.566666666666666,34.9375,北方
沈阳,2023-12-15,12.0375,23.858333333333334,北方
沈阳,2023-12-16,12.295833333333334,17.629166666666666,北方
沈阳,2023-12-17,28.349999999999998,40.44166666666667,北方
沈阳,2023-12-18,72.59583333333333,103.69583333333333,北方
沈阳,2023-12-19,40.416666666666664,58.03333333333333,北方
沈阳,2023-12-20,33.99583333333333,48.612500000000004,北方
沈阳,2023-12-21,53.1625,75.9375,北方
沈阳,2023-12-22,65.06666666666666,92.99166666666667,北方
沈阳,2023-12-23,101.62083333333334,145.88750000000002,北方
沈阳,2023-12-24,89.0125,128.40416666666667,北方
沈阳,2023-12-25,73.12916666666668,106.3625,北方
沈阳,2023-12-26,57.03333333333333,83.51666666666667,北方
沈阳,2023-12-27,73.68333333333334,105.32916666666667,北方
沈阳,2023-12-28,81.90416666666667,118.9875,北方
沈阳,2023-12-29,60.8125,91.17083333333333,北方
沈阳,2023-12-30,26.0125,38.84166666666667,北方
沈阳,2023-12-31,16.779166666666665,24.104166666666668,北方
沈阳,2024-01-01,49.69166666666666,72.1125,北方
沈阳,2024-01-02,57.12083333333334,85.33333333333333,北方
沈阳,2024-01-03,54.975,79.0,北方
沈阳,2024-01-04,36.47083333333333,56.17083333333333,北方
沈阳,2024-01-05,31.258333333333336,44.737500000000004,北方
沈阳,2024-01-06,35.71666666666667,51.125,北方
沈阳,2024-01-07,24.9375,35.49166666666667,北方
沈阳,2024-01-08,29.116666666666664,45.28333333333333,北方
沈阳,2024-01-09,35.083333333333336,51.637499999999996,北方
沈阳,2024-01-10,48.45416666666667,71.10416666666667,北方
沈阳,2024-01-11,33.016666666666666,50.48333333333333,北方
沈阳,2024-01-12,32.9625,47.3375,北方
沈阳,2024-01-13,29.675,42.67083333333333,北方
沈阳,2024-01-14,17.004166666666666,24.65833333333333,北方
沈阳,2024-01-15,38.3375,54.862500000000004,北方
沈阳,2024-01-16,42.07083333333333,61.4,北方
沈阳,2024-01-17,33.15833333333333,50.9625,北方
沈阳,2024-01-18,16.108333333333334,23.47083333333333,北方
沈阳,2024-01-19,21.150000000000002,30.40833333333333,北方
沈阳,2024-01-20,19.954166666666666,28.8875,北方
沈阳,2024-01-21,11.883333333333333,17.033333333333335,北方
沈阳,2024-01-22,11.458333333333334,16.320833333333333,北方
沈阳,2024-01-23,34.78333333333333,49.67916666666667,北方
沈阳,2024-01-24,35.0,50.166666666666664,北方
沈阳,2024-01-25,52.75833333333333,75.425,北方
沈阳,2024-01-26,45.48333333333333,65.18333333333334,北方
沈阳,2024-01-27,57.987500000000004,84.02083333333333,北方
沈阳,2024-01-28,69.35000000000001,100.03750000000001,北方
沈阳,2024-01-29,34.24166666666667,49.70416666666667,北方
沈阳,2024-01-30,59.50416666666666,93.13333333333333,北方
沈阳,2024-01-31,22.575,34.44166666666667,北方
沈阳,2024-02-01,18.366666666666667,29.795833333333334,北方
沈阳,2024-02-02,32.300000000000004,46.76666666666667,北方
沈阳,2024-02-03,30.995833333333334,44.762499999999996,北方
沈阳,2024-02-04,30.46666666666667,44.00833333333333,北方
沈阳,2024-02-05,20.891666666666666,30.34166666666667,北方
沈阳,2024-02-06,23.820833333333336,34.358333333333334,北方
沈阳,2024-02-07,52.362500000000004,75.825,北方
沈阳,2024-02-08,62.94166666666666,90.95833333333333,北方
沈阳,2024-02-09,67.27083333333333,97.03750000000001,北方
沈阳,2024-02-10,48.02916666666667,69.89583333333333,北方
沈阳,2024-02-11,41.983333333333334,60.90833333333333,北方
沈阳,2024-02-12,37.34166666666667,59.875,北方
沈阳,2024-02-13,53.12083333333334,83.05,北方
沈阳,2024-02-14,27.262500000000003,41.637499999999996,北方
沈阳,2024-02-15,27.84166666666667,39.94166666666667,北方
沈阳,2024-02-16,21.879166666666666,32.77916666666667,北方
沈阳,2024-02-17,15.916666666666666,27.308333333333334,北方
沈阳,2024-02-18,13.4125,22.520833333333332,北方
沈阳,2024-02-19,6.875,17.037499999999998,北方
沈阳,2024-02-20,8.75,18.575,北方
沈阳,2024-02-21,12.608333333333334,19.454166666666666,北方
沈阳,2024-02-22,15.691666666666668,22.520833333333332,北方
沈阳,2024-02-23,19.691666666666666,28.179166666666664,北方
沈阳,2024-02-24,35.291666666666664,50.60833333333333,北方
沈阳,2024-02-25,32.525,47.145833333333336,北方
沈阳,2024-02-26,19.775000000000002,29.474999999999998,北方
沈阳,2024-02-27,44.737500000000004,67.64999999999999,北方
沈阳,2024-02-28,59.32083333333333,93.2,北方
沈阳,2024-02-29,17.729166666666668,26.9875,北方
沈阳,2024-03-01,12.191666666666668,18.270833333333332,北方
沈阳,2024-03-02,27.15833333333333,40.329166666666666,北方
沈阳,2024-03-03,24.2625,35.15833333333333,北方
沈阳,2024-03-04,34.40833333333333,49.72083333333333,北方
沈阳,2024-03-05,20.6125,30.129166666666666,北方
沈阳,2024-03-06,28.270833333333332,40.987500000000004,北方
沈阳,2024-03-07,39.141666666666666,56.416666666666664,北方
沈阳,2024-03-08,19.695833333333333,28.849999999999998,北方
沈阳,2024-03-09,38.18333333333333,55.4,北方
沈阳,2024-03-10,50.18333333333334,75.95,北方
沈阳,2024-03-11,35.88333333333333,60.01666666666667,北方
沈阳,2024-03-12,36.6125,53.55833333333334,北方
沈阳,2024-03-13,37.49583333333333,55.62083333333334,北方
沈阳,2024-03-14,60.06666666666666,98.06666666666666,北方
沈阳,2024-03-15,38.300000000000004,59.74583333333334,北方
沈阳,2024-03-16,41.108333333333334,68.16666666666667,北方
沈阳,2024-03-17,19.1125,27.8625,北方
沈阳,2024-03-18,31.733333333333334,47.3375,北方
沈阳,2024-03-19,22.1875,34.516666666666666,北方
沈阳,2024-03-20,27.579166666666666,40.6,北方
沈阳,2024-03-21,33.233333333333334,49.083333333333336,北方
沈阳,2024-03-22,23.075,39.9375,北方
沈阳,2024-03-23,43.487500000000004,73.25833333333334,北方
沈阳,2024-03-24,20.054166666666667,30.71666666666667,北方
沈阳,2024-03-25,18.820833333333333,27.34166666666667,北方
沈阳,2024-03-26,27.275000000000002,39.71666666666667,北方
沈阳,2024-03-27,36.67916666666667,60.59166666666667,北方
沈阳,2024-03-28,19.991666666666667,34.675,北方
沈阳,2024-03-29,19.041666666666668,30.95,北方
沈阳,2024-03-30,19.783333333333335,30.291666666666668,北方
沈阳,2024-03-31,27.84166666666667,40.733333333333334,北方
沈阳,2024-04-01,32.5875,46.75833333333333,北方
沈阳,2024-04-02,56.5875,102.22083333333335,北方
沈阳,2024-04-03,20.945833333333333,30.258333333333336,北方
沈阳,2024-04-04,26.870833333333334,38.604166666666664,北方
沈阳,2024-04-05,54.5875,81.7,北方
沈阳,2024-04-06,37.3125,61.6,北方
沈阳,2024-04-07,44.0,69.84583333333333,北方
沈阳,2024-04-08,12.520833333333334,18.233333333333334,北方
沈阳,2024-04-09,27.616666666666664,39.420833333333334,北方
沈阳,2024-04-10,50.475,78.91250000000001,北方
沈阳,2024-04-11,43.56666666666666,76.25416666666666,北方
沈阳,2024-04-12,33.737500000000004,57.30833333333334,北方
沈阳,2024-04-13,25.370833333333334,40.05416666666667,北方
沈阳,2024-04-14,23.383333333333336,35.625,北方
沈阳,2024-04-15,34.8625,57.5875,北方
沈阳,2024-04-16,28.120833333333334,42.77916666666667,北方
沈阳,2024-04-17,36.5375,52.62916666666666,北方
沈阳,2024-04-18,24.525000000000002,36.74583333333333,北方
沈阳,2024-04-19,28.15416666666667,40.858333333333334,北方
沈阳,2024-04-20,68.60416666666667,105.84583333333335,北方
沈阳,2024-04-21,56.737500000000004,86.95,北方
沈阳,2024-04-22,35.175000000000004,58.025,北方
沈阳,2024-04-23,38.37916666666667,59.8125,北方
沈阳,2024-04-24,33.166666666666664,48.699999999999996,北方
沈阳,2024-04-25,36.854166666666664,56.1875,北方
沈阳,2024-04-26,52.46666666666667,89.96666666666665,北方
沈阳,2024-04-27,40.37083333333333,77.90416666666667,北方
沈阳,2024-04-28,21.787499999999998,33.833333333333336,北方
沈阳,2024-04-29,34.020833333333336,49.73333333333333,北方
沈阳,2024-04-30,35.512499999999996,51.59583333333333,北方
沈阳,2024-05-01,27.825,42.44583333333333,北方
沈阳,2024-05-02,33.92916666666667,53.45416666666667,北方
沈阳,2024-05-03,41.699999999999996,62.07916666666667,北方
沈阳,2024-05-04,37.275,55.61666666666667,北方
沈阳,2024-05-05,26.020833333333332,39.93333333333333,北方
沈阳,2024-05-06,31.729166666666668,46.324999999999996,北方
沈阳,2024-05-07,22.704166666666666,33.37916666666667,北方
沈阳,2024-05-08,22.108333333333334,31.77916666666667,北方
沈阳,2024-05-09,22.670833333333334,33.30416666666667,北方
沈阳,2024-05-10,36.108333333333334,55.125,北方
沈阳,2024-05-11,16.458333333333332,33.57083333333333,北方
沈阳,2024-05-12,18.058333333333334,27.6125,北方
沈阳,2024-05-13,26.84166666666667,40.81666666666667,北方
沈阳,2024-05-14,21.97083333333333,38.391666666666666,北方
沈阳,2024-05-15,12.620833333333332,18.433333333333334,北方
沈阳,2024-05-16,18.033333333333335,25.729166666666668,北方
沈阳,2024-05-17,23.804166666666664,35.512499999999996,北方
沈阳,2024-05-18,43.26666666666667,69.49583333333334,北方
沈阳,2024-05-19,37.4625,57.13333333333333,北方
沈阳,2024-05-20,31.9375,47.48333333333333,北方
沈阳,2024-05-21,33.24166666666667,47.9125,北方
沈阳,2024-05-22,31.46666666666667,47.666666666666664,北方
沈阳,2024-05-23,23.675,34.7125,北方
沈阳,2024-05-24,20.175,28.816666666666666,北方
沈阳,2024-05-25,24.108333333333334,35.675000000000004,北方
沈阳,2024-05-26,10.387500000000001,16.154166666666665,北方
沈阳,2024-05-27,16.145833333333332,23.291666666666668,北方
沈阳,2024-05-28,29.55,42.516666666666666,北方
沈阳,2024-05-29,50.09166666666667,73.55833333333334,北方
沈阳,2024-05-30,30.72083333333333,46.71666666666667,北方
沈阳,2024-05-31,19.366666666666667,28.379166666666666,北方
沈阳,2024-06-01,21.962500000000002,31.620833333333334,北方
沈阳,2024-06-02,24.629166666666666,35.25,北方
沈阳,2024-06-03,26.683333333333334,38.125,北方
沈阳,2024-06-04,51.54583333333333,73.95416666666667,北方
沈阳,2024-06-05,43.67916666666667,63.60833333333333,北方
沈阳,2024-06-06,31.27916666666667,46.416666666666664,北方
沈阳,2024-06-07,27.875,43.775,北方
沈阳,2024-06-08,26.729166666666668,42.199999999999996,北方
沈阳,2024-06-09,31.429166666666664,46.725,北方
沈阳,2024-06-10,38.733333333333334,56.675000000000004,北方
沈阳,2024-06-11,45.17083333333333,71.375,北方
沈阳,2024-06-12,47.34166666666667,79.02083333333333,北方
沈阳,2024-06-13,34.05416666666667,55.09166666666667,北方
沈阳,2024-06-14,32.99583333333333,50.71666666666667,北方
沈阳,2024-06-15,28.570833333333336,41.65833333333333,北方
沈阳,2024-06-16,24.46666666666667,35.0,北方
沈阳,2024-06-17,31.541666666666668,46.25416666666666,北方
沈阳,2024-06-18,56.35833333333333,83.64999999999999,北方
沈阳,2024-06-19,36.0375,53.65833333333333,北方
沈阳,2024-06-20,33.225,48.62083333333334,北方
沈阳,2024-06-21,30.545833333333334,44.645833333333336,北方
沈阳,2024-06-22,42.104166666666664,67.37916666666666,北方
沈阳,2024-06-23,22.675,60.7875,北方
沈阳,2024-06-24,12.854166666666666,18.8625,北方
沈阳,2024-06-25,22.370833333333334,32.262499999999996,北方
沈阳,2024-06-26,35.2125,50.64166666666667,北方
沈阳,2024-06-27,35.80833333333333,53.875,北方
沈阳,2024-06-28,27.891666666666666,40.858333333333334,北方
沈阳,2024-06-29,21.40416666666667,31.46666666666667,北方
沈阳,2024-06-30,38.74166666666667,57.7125,北方
沈阳,2024-07-01,39.97083333333333,57.68333333333334,北方
沈阳,2024-07-02,22.491666666666664,32.24583333333333,北方
沈阳,2024-07-03,16.866666666666667,23.958333333333332,北方
沈阳,2024-07-04,59.800000000000004,87.36666666666667,北方
沈阳,2024-07-05,74.45,108.7,北方
沈阳,2024-07-06,41.395833333333336,59.59583333333333,北方
沈阳,2024-07-07,48.13333333333333,68.8875,北方
沈阳,2024-07-08,54.8125,78.81666666666666,北方
沈阳,2024-07-09,25.59583333333333,36.44583333333333,北方
沈阳,2024-07-10,36.28333333333333,51.79583333333333,北方
沈阳,2024-07-11,73.93333333333334,105.99583333333334,北方
沈阳,2024-07-12,105.78750000000001,152.725,北方
沈阳,2024-07-13,84.51666666666667,123.19166666666666,北方
沈阳,2024-07-14,62.583333333333336,90.92083333333333,北方
沈阳,2024-07-15,81.79583333333333,118.80833333333334,北方
沈阳,2024-07-16,26.129166666666666,37.854166666666664,北方
沈阳,2024-07-17,26.71666666666667,38.641666666666666,北方
沈阳,2024-07-18,52.0875,76.22083333333333,北方
沈阳,2024-07-19,37.354166666666664,55.262499999999996,北方
沈阳,2024-07-20,20.066666666666666,29.420833333333334,北方
沈阳,2024-07-21,41.69583333333333,60.9625,北方
沈阳,2024-07-22,27.912499999999998,40.90833333333333,北方
沈阳,2024-07-23,38.237500000000004,58.833333333333336,北方
沈阳,2024-07-24,30.479166666666668,45.208333333333336,北方
沈阳,2024-07-25,32.30833333333333,46.50416666666666,北方
沈阳,2024-07-26,9.191666666666666,13.166666666666666,北方
沈阳,2024-07-27,10.941666666666668,15.766666666666666,北方
沈阳,2024-07-28,13.583333333333334,19.670833333333334,北方
沈阳,2024-07-29,46.041666666666664,68.20416666666667,北方
沈阳,2024-07-30,64.49166666666666,93.96666666666665,北方
沈阳,2024-07-31,26.391666666666666,38.87916666666667,北方
沈阳,2024-08-01,33.1875,47.949999999999996,北方
沈阳,2024-08-02,38.22083333333333,55.012499999999996,北方
沈阳,2024-08-03,42.362500000000004,61.449999999999996,北方
沈阳,2024-08-04,32.016666666666666,46.75416666666667,北方
沈阳,2024-08-05,21.275,30.537499999999998,北方
沈阳,2024-08-06,60.62083333333334,88.59166666666665,北方
沈阳,2024-08-07,71.05,105.51666666666667,北方
沈阳,2024-08-08,71.7,108.27499999999999,北方
沈阳,2024-08-09,73.92083333333333,109.40416666666665,北方
沈阳,2024-08-10,31.599999999999998,47.166666666666664,北方
沈阳,2024-08-11,27.6875,46.012499999999996,北方
沈阳,2024-08-12,30.491666666666664,48.09166666666667,北方
沈阳,2024-08-13,22.71666666666667,33.262499999999996,北方
沈阳,2024-08-14,20.345833333333335,29.25,北方
沈阳,2024-08-15,27.841666666666665,40.09583333333333,北方
沈阳,2024-08-16,36.87916666666667,53.229166666666664,北方
沈阳,2024-08-17,39.641666666666666,57.01666666666667,北方
沈阳,2024-08-18,58.34583333333333,84.32083333333334,北方
沈阳,2024-08-19,35.0625,51.27916666666667,北方
沈阳,2024-08-20,24.974999999999998,36.237500000000004,北方
沈阳,2024-08-21,22.8625,32.9375,北方
沈阳,2024-08-22,28.53333333333333,40.99583333333333,北方
沈阳,2024-08-23,28.004166666666666,40.545833333333334,北方
沈阳,2024-08-24,47.25,69.03333333333333,北方
沈阳,2024-08-25,49.15833333333333,71.2,北方
沈阳,2024-08-26,38.858333333333334,55.55416666666667,北方
沈阳,2024-08-27,26.208333333333332,37.46666666666667,北方
沈阳,2024-08-28,31.575,45.104166666666664,北方
沈阳,2024-08-29,42.708333333333336,61.112500000000004,北方
沈阳,2024-08-30,41.90416666666667,61.87916666666666,北方
沈阳,2024-08-31,25.570833333333336,36.5375,北方
沈阳,2024-09-01,23.025000000000002,34.28333333333333,北方
沈阳,2024-09-02,14.808333333333332,21.183333333333334,北方
沈阳,2024-09-03,24.641666666666666,35.37083333333333,北方
沈阳,2024-09-04,33.987500000000004,52.104166666666664,北方
沈阳,2024-09-05,16.479166666666668,24.058333333333334,北方
沈阳,2024-09-06,24.65833333333333,35.32083333333333,北方
沈阳,2024-09-07,41.15416666666667,59.333333333333336,北方
沈阳,2024-09-08,43.69166666666666,62.475,北方
沈阳,2024-09-09,49.00416666666666,71.82916666666667,北方
沈阳,2024-09-10,19.625,28.333333333333332,北方
沈阳,2024-09-11,27.054166666666664,38.795833333333334,北方
沈阳,2024-09-12,17.079166666666666,24.441666666666666,北方
沈阳,2024-09-13,12.6,18.133333333333333,北方
沈阳,2024-09-14,10.945833333333333,15.833333333333334,北方
沈阳,2024-09-15,11.595833333333333,16.583333333333332,北方
沈阳,2024-09-16,30.2625,43.520833333333336,北方
沈阳,2024-09-17,39.1,56.25416666666666,北方
沈阳,2024-09-18,47.65833333333333,68.3,北方
沈阳,2024-09-19,37.975,54.68333333333334,北方
沈阳,2024-09-20,10.395833333333334,14.862499999999999,北方
沈阳,2024-09-21,13.741666666666667,19.633333333333333,北方
沈阳,2024-09-22,14.666666666666666,20.995833333333334,北方
沈阳,2024-09-23,26.925,38.47083333333333,北方
沈阳,2024-09-24,24.129166666666666,36.270833333333336,北方
沈阳,2024-09-25,22.420833333333334,33.90416666666667,北方
沈阳,2024-09-26,29.65833333333333,43.19583333333333,北方
沈阳,2024-09-27,32.675000000000004,47.020833333333336,北方
沈阳,2024-09-28,43.6,63.1875,北方
沈阳,2024-09-29,24.2375,37.5875,北方
沈阳,2024-09-30,10.483333333333333,16.158333333333335,北方
沈阳,2024-10-01,15.275,22.195833333333336,北方
沈阳,2024-10-02,17.204166666666666,25.045833333333334,北方
沈阳,2024-10-03,27.825,39.954166666666666,北方
沈阳,2024-10-04,33.862500000000004,52.15416666666667,北方
沈阳,2024-10-05,44.52916666666667,70.62916666666666,北方
沈阳,2024-10-06,41.770833333333336,62.15,北方
沈阳,2024-10-07,26.05,37.61666666666667,北方
沈阳,2024-10-08,39.71666666666667,57.14166666666667,北方
沈阳,2024-10-09,26.316666666666666,38.083333333333336,北方
沈阳,2024-10-10,24.104166666666668,35.80416666666667,北方
沈阳,2024-10-11,30.516666666666666,47.14166666666667,北方
沈阳,2024-10-12,36.170833333333334,54.275,北方
沈阳,2024-10-13,40.0875,66.67083333333333,北方
沈阳,2024-10-14,20.925,36.895833333333336,北方
沈阳,2024-10-15,12.358333333333334,18.370833333333334,北方
沈阳,2024-10-16,27.554166666666664,40.05833333333333,北方
沈阳,2024-10-17,56.28333333333333,90.19583333333334,北方
沈阳,2024-10-18,28.916666666666668,46.69166666666666,北方
沈阳,2024-10-19,5.920833333333333,8.65,北方
沈阳,2024-10-20,13.958333333333334,20.329166666666666,北方
沈阳,2024-10-21,16.920833333333334,25.400000000000002,北方
沈阳,2024-10-22,19.633333333333333,29.070833333333336,北方
沈阳,2024-10-23,25.545833333333334,37.00416666666667,北方
沈阳,2024-10-24,43.887499999999996,74.625,北方
沈阳,2024-10-25,67.75,107.8,北方
沈阳,2024-10-26,65.125,99.49583333333334,北方
沈阳,2024-10-27,19.787499999999998,29.337500000000002,北方
沈阳,2024-10-28,34.74583333333333,50.46666666666667,北方
沈阳,2024-10-29,42.75833333333333,64.52916666666667,北方
沈阳,2024-10-30,44.7125,69.00416666666666,北方
沈阳,2024-10-31,50.833333333333336,81.02083333333333,北方
沈阳,2024-11-01,35.5,54.550000000000004,北方
沈阳,2024-11-02,27.77916666666667,40.42916666666667,北方
沈阳,2024-11-03,48.57916666666667,73.27499999999999,北方
沈阳,2024-11-04,28.90416666666667,42.416666666666664,北方
沈阳,2024-11-05,23.354166666666668,34.041666666666664,北方
沈阳,2024-11-06,33.62916666666667,48.666666666666664,北方
沈阳,2024-11-07,27.849999999999998,45.24583333333334,北方
沈阳,2024-11-08,37.30833333333333,64.38333333333334,北方
沈阳,2024-11-09,32.579166666666666,56.737500000000004,北方
沈阳,2024-11-10,27.145833333333332,44.612500000000004,北方
沈阳,2024-11-11,29.566666666666666,42.65416666666667,北方
沈阳,2024-11-12,34.541666666666664,46.012499999999996,北方
沈阳,2024-11-13,33.141666666666666,35.483333333333334,北方
沈阳,2024-11-14,40.574999999999996,44.09583333333333,北方
沈阳,2024-11-15,61.12083333333334,64.4875,北方
沈阳,2024-11-16,24.78333333333333,25.704166666666666,北方
沈阳,2024-11-17,18.641666666666666,19.704166666666666,北方
沈阳,2024-11-18,29.55,30.304166666666664,北方
沈阳,2024-11-19,49.10833333333333,52.475,北方
沈阳,2024-11-20,77.65416666666667,83.87916666666666,北方
沈阳,2024-11-21,43.71666666666667,46.2125,北方
沈阳,2024-11-22,33.291666666666664,33.62916666666667,北方
沈阳,2024-11-23,79.46249999999999,80.54583333333333,北方
沈阳,2024-11-24,70.79583333333333,74.6375,北方
沈阳,2024-11-25,39.65,41.59166666666667,北方
沈阳,2024-11-26,12.541666666666666,14.604166666666666,北方
沈阳,2024-11-27,14.045833333333334,15.633333333333333,北方
沈阳,2024-11-28,19.099999999999998,22.2,北方
沈阳,2024-11-29,34.329166666666666,37.86666666666667,北方
沈阳,2024-11-30,56.38333333333333,60.375,北方
沈阳,2024-12-01,33.42916666666667,37.19166666666667,北方
沈阳,2024-12-02,15.833333333333334,18.625,北方
沈阳,2024-12-03,29.833333333333332,38.266666666666666,北方
沈阳,2024-12-04,22.575,25.53333333333333,北方
沈阳,2024-12-05,17.258333333333333,21.283333333333335,北方
沈阳,2024-12-06,17.933333333333334,19.179166666666667,北方
沈阳,2024-12-07,31.5125,33.2125,北方
沈阳,2024-12-08,46.2875,47.81666666666666,北方
沈阳,2024-12-09,67.47500000000001,68.60833333333333,北方
沈阳,2024-12-10,48.09583333333333,50.42083333333333,北方
沈阳,2024-12-11,45.354166666666664,45.975,北方
沈阳,2024-12-12,86.58333333333333,87.69166666666666,北方
沈阳,2024-12-13,52.275,53.15,北方
沈阳,2024-12-14,42.041666666666664,43.02916666666667,北方
沈阳,2024-12-15,26.454166666666666,26.920833333333334,北方
沈阳,2024-12-16,39.55416666666667,40.09166666666667,北方
沈阳,2024-12-17,27.09583333333333,27.6875,北方
沈阳,2024-12-18,50.875,52.637499999999996,北方
沈阳,2024-12-19,84.7625,87.39166666666667,北方
沈阳,2024-12-20,54.65,57.50833333333333,北方
沈阳,2024-12-21,34.708333333333336,36.829166666666666,北方
沈阳,2024-12-22,43.28333333333333,44.69583333333333,北方
沈阳,2024-12-23,35.858333333333334,36.82083333333333,北方
沈阳,2024-12-24,70.8625,72.56666666666666,北方
沈阳,2024-12-25,36.13333333333333,42.916666666666664,北方
沈阳,2024-12-26,26.195833333333336,27.03333333333333,北方
沈阳,2024-12-27,29.683333333333334,30.05,北方
沈阳,2024-12-28,36.083333333333336,36.65,北方
沈阳,2024-12-29,51.9625,54.30833333333334,北方
沈阳,2024-12-30,39.050000000000004,44.86666666666667,北方
沈阳,2024-12-31,30.629166666666666,31.291666666666668,北方
深圳,2022-08-04,46.68125,67.6875,南方
深圳,2022-08-05,23.745833333333334,36.050000000000004,南方
深圳,2022-08-06,27.525000000000002,41.5625,南方
深圳,2022-08-07,20.054166666666667,32.045833333333334,南方
深圳,2022-08-08,14.591666666666667,23.275000000000002,南方
深圳,2022-08-09,12.908333333333333,20.712500000000002,南方
深圳,2022-08-10,14.816666666666668,25.058333333333334,南方
深圳,2022-08-11,15.133333333333333,23.916666666666668,南方
深圳,2022-08-12,16.633333333333333,25.59166666666667,南方
深圳,2022-08-13,25.8,39.458333333333336,南方
深圳,2022-08-14,31.191666666666666,45.4,南方
深圳,2022-08-15,33.87916666666667,49.87916666666666,南方
深圳,2022-08-16,26.900000000000002,40.050000000000004,南方
深圳,2022-08-17,24.32083333333333,36.233333333333334,南方
深圳,2022-08-18,17.341666666666665,26.47083333333333,南方
深圳,2022-08-19,13.420833333333334,20.604166666666668,南方
深圳,2022-08-20,11.854166666666666,19.745833333333334,南方
深圳,2022-08-21,14.958333333333334,24.55,南方
深圳,2022-08-22,20.695833333333333,33.833333333333336,南方
深圳,2022-08-23,36.895833333333336,54.38333333333333,南方
深圳,2022-08-24,48.37916666666666,70.75833333333334,南方
深圳,2022-08-25,13.85,23.849999999999998,南方
深圳,2022-08-26,14.133333333333333,22.458333333333332,南方
深圳,2022-08-27,32.170833333333334,49.291666666666664,南方
深圳,2022-08-28,48.21666666666667,72.84166666666667,南方
深圳,2022-08-29,46.74583333333334,75.99166666666666,南方
深圳,2022-08-30,38.99166666666667,61.06666666666666,南方
深圳,2022-08-31,47.6,68.72916666666667,南方
深圳,2022-09-01,27.883333333333336,39.94166666666667,南方
深圳,2022-09-02,30.47083333333333,43.63333333333333,南方
深圳,2022-09-03,39.233333333333334,57.21666666666667,南方
深圳,2022-09-04,28.891666666666666,41.99583333333333,南方
深圳,2022-09-05,43.916666666666664,63.12916666666666,南方
深圳,2022-09-06,61.62083333333334,92.44166666666666,南方
深圳,2022-09-07,16.900000000000002,27.804166666666664,南方
深圳,2022-09-08,24.849999999999998,42.166666666666664,南方
深圳,2022-09-09,61.69583333333333,97.4375,南方
深圳,2022-09-10,78.2625,124.44583333333333,南方
深圳,2022-09-11,71.64166666666667,114.17916666666667,南方
深圳,2022-09-12,70.53750000000001,101.69583333333333,南方
深圳,2022-09-13,86.5625,124.30833333333334,南方
深圳,2022-09-14,68.84166666666667,98.97500000000001,南方
深圳,2022-09-15,84.10000000000001,120.72083333333335,南方
深圳,2022-09-16,77.85000000000001,111.825,南方
深圳,2022-09-17,68.20833333333333,99.62916666666666,南方
深圳,2022-09-18,52.84583333333333,77.53750000000001,南方
深圳,2022-09-19,49.15416666666667,70.55416666666666,南方
深圳,2022-09-20,50.425000000000004,81.07916666666667,南方
深圳,2022-09-21,26.704166666666666,50.333333333333336,南方
深圳,2022-09-22,26.525000000000002,46.112500000000004,南方
深圳,2022-09-23,42.791666666666664,67.70833333333333,南方
深圳,2022-09-24,29.995833333333334,50.112500000000004,南方
深圳,2022-09-25,32.13333333333333,52.28333333333333,南方
深圳,2022-09-26,24.691666666666666,39.87916666666667,南方
深圳,2022-09-27,16.633333333333333,27.791666666666668,南方
深圳,2022-09-28,15.545833333333334,27.912499999999998,南方
深圳,2022-09-29,12.6625,21.695833333333336,南方
深圳,2022-09-30,11.729166666666666,19.333333333333332,南方
深圳,2022-10-01,13.754166666666668,22.59166666666667,南方
深圳,2022-10-02,13.9,22.9375,南方
深圳,2022-10-03,21.71666666666667,36.016666666666666,南方
深圳,2022-10-04,44.987500000000004,69.78333333333333,南方
深圳,2022-10-05,25.820833333333336,42.4375,南方
深圳,2022-10-06,19.516666666666666,32.800000000000004,南方
深圳,2022-10-07,30.266666666666666,45.28333333333333,南方
深圳,2022-10-08,34.4125,50.32083333333333,南方
深圳,2022-10-09,28.849999999999998,42.75833333333333,南方
深圳,2022-10-10,20.8,29.758333333333336,南方
深圳,2022-10-11,28.183333333333334,40.52916666666667,南方
深圳,2022-10-12,33.449999999999996,49.30833333333334,南方
深圳,2022-10-13,33.74166666666667,50.541666666666664,南方
深圳,2022-10-14,32.824999999999996,51.42083333333333,南方
深圳,2022-10-15,39.44583333333333,60.9125,南方
深圳,2022-10-16,30.954166666666666,46.40833333333333,南方
深圳,2022-10-17,22.629166666666666,34.75833333333333,南方
深圳,2022-10-18,23.629166666666666,36.15416666666667,南方
深圳,2022-10-19,20.945833333333333,31.270833333333332,南方
深圳,2022-10-20,19.370833333333334,32.5375,南方
深圳,2022-10-21,27.25,46.00833333333333,南方
深圳,2022-10-22,53.82083333333333,81.425,南方
深圳,2022-10-23,40.38333333333333,59.85,南方
深圳,2022-10-24,28.066666666666666,48.2125,南方
深圳,2022-10-25,18.658333333333335,34.17916666666667,南方
深圳,2022-10-26,19.212500000000002,33.949999999999996,南方
深圳,2022-10-27,25.370833333333334,43.5375,南方
深圳,2022-10-28,32.11666666666667,51.07083333333333,南方
深圳,2022-10-29,37.395833333333336,56.09583333333333,南方
深圳,2022-10-30,33.34583333333333,49.90833333333333,南方
深圳,2022-10-31,24.599999999999998,37.520833333333336,南方
深圳,2022-11-01,17.545833333333334,26.287499999999998,南方
深圳,2022-11-02,13.754166666666668,19.979166666666668,南方
深圳,2022-11-03,18.416666666666668,29.258333333333336,南方
深圳,2022-11-04,22.445833333333336,35.34583333333333,南方
深圳,2022-11-05,26.150000000000002,38.762499999999996,南方
深圳,2022-11-06,24.95,37.06666666666667,南方
深圳,2022-11-07,26.65416666666667,39.391666666666666,南方
深圳,2022-11-08,25.395833333333332,37.1875,南方
深圳,2022-11-09,46.574999999999996,68.03333333333333,南方
深圳,2022-11-10,75.025,109.7375,南方
深圳,2022-11-11,43.69166666666666,64.8,南方
深圳,2022-11-12,48.75833333333333,70.74166666666666,南方
深圳,2022-11-13,85.70833333333333,123.7,南方
深圳,2022-11-14,34.637499999999996,53.63333333333333,南方
深圳,2022-11-15,40.77916666666667,63.4625,南方
深圳,2022-11-16,23.175,38.487500000000004,南方
深圳,2022-11-17,33.229166666666664,52.7125,南方
深圳,2022-11-18,35.949999999999996,55.208333333333336,南方
深圳,2022-11-19,54.15,79.8125,南方
深圳,2022-11-20,40.229166666666664,61.28333333333333,南方
深圳,2022-11-21,26.329166666666666,42.73333333333333,南方
深圳,2022-11-22,20.645833333333332,34.68333333333333,南方
深圳,2022-11-23,16.037499999999998,24.766666666666666,南方
深圳,2022-11-24,19.804166666666667,29.925,南方
深圳,2022-11-25,25.266666666666666,39.03333333333333,南方
深圳,2022-11-26,20.325,29.145833333333332,南方
深圳,2022-11-27,21.883333333333336,38.041666666666664,南方
深圳,2022-11-28,25.587500000000002,38.87083333333333,南方
深圳,2022-11-29,51.1625,74.46249999999999,南方
深圳,2022-11-30,35.42916666666667,50.80833333333334,南方
深圳,2022-12-01,17.145833333333332,24.745833333333334,南方
深圳,2022-12-02,20.795833333333334,29.8625,南方
深圳,2022-12-03,35.2125,50.6875,南方
深圳,2022-12-04,25.59166666666667,36.72083333333333,南方
深圳,2022-12-05,21.15,30.333333333333332,南方
深圳,2022-12-06,23.745833333333334,33.97083333333333,南方
深圳,2022-12-07,31.508333333333336,45.1,南方
深圳,2022-12-08,39.80833333333333,57.03333333333333,南方
深圳,2022-12-09,33.49166666666667,47.979166666666664,南方
深圳,2022-12-10,30.5,43.84583333333333,南方
深圳,2022-12-11,30.233333333333334,43.475,南方
深圳,2022-12-12,28.40416666666667,40.775,南方
深圳,2022-12-13,26.641666666666666,38.34166666666667,南方
深圳,2022-12-14,0.7541666666666668,1.0916666666666666,南方
深圳,2022-12-15,0.6958333333333333,0.9916666666666667,南方
深圳,2022-12-16,18.991666666666667,27.145833333333332,南方
深圳,2022-12-17,16.820833333333333,24.208333333333332,南方
深圳,2022-12-18,15.708333333333334,22.52916666666667,南方
深圳,2022-12-19,24.462500000000002,35.28333333333333,南方
深圳,2022-12-20,35.59166666666667,55.37083333333334,南方
深圳,2022-12-21,32.02916666666667,45.987500000000004,南方
深圳,2022-12-22,33.050000000000004,47.68333333333334,南方
深圳,2022-12-23,31.754166666666666,45.74166666666667,南方
深圳,2022-12-24,35.0375,50.31666666666666,南方
深圳,2022-12-25,33.12083333333333,50.30416666666667,南方
深圳,2022-12-26,34.987500000000004,55.85,南方
深圳,2022-12-27,38.00833333333333,59.6875,南方
深圳,2022-12-28,42.25833333333333,63.64166666666667,南方
深圳,2022-12-29,42.12083333333333,61.12916666666666,南方
深圳,2022-12-30,30.291666666666668,43.82083333333333,南方
深圳,2022-12-31,34.050000000000004,48.854166666666664,南方
深圳,2023-01-01,39.44166666666667,56.90416666666667,南方
深圳,2023-01-02,41.9625,61.15,南方
深圳,2023-01-03,37.15416666666667,53.69166666666666,南方
深圳,2023-01-04,45.520833333333336,65.53750000000001,南方
深圳,2023-01-05,87.25833333333333,125.325,南方
深圳,2023-01-06,58.083333333333336,83.34166666666667,南方
深圳,2023-01-07,49.520833333333336,71.74583333333334,南方
深圳,2023-01-08,48.0625,79.22500000000001,南方
深圳,2023-01-09,59.09583333333333,94.12916666666666,南方
深圳,2023-01-10,33.520833333333336,48.175000000000004,南方
深圳,2023-01-11,37.358333333333334,54.645833333333336,南方
深圳,2023-01-12,32.2125,52.1625,南方
深圳,2023-01-13,33.18333333333333,49.1625,南方
深圳,2023-01-14,80.45416666666667,116.00416666666666,南方
深圳,2023-01-15,29.650000000000002,42.4375,南方
深圳,2023-01-16,22.599999999999998,32.375,南方
深圳,2023-01-17,35.112500000000004,50.32916666666667,南方
深圳,2023-01-18,37.5375,53.80833333333334,南方
深圳,2023-01-19,45.30833333333334,64.86666666666666,南方
深圳,2023-01-20,42.24166666666667,60.65416666666667,南方
深圳,2023-01-21,38.09583333333333,57.520833333333336,南方
深圳,2023-01-22,47.020833333333336,70.8125,南方
深圳,2023-01-23,121.59166666666665,175.39166666666665,南方
深圳,2023-01-24,17.866666666666667,25.745833333333334,南方
深圳,2023-01-25,35.166666666666664,51.13333333333333,南方
深圳,2023-01-26,42.61666666666667,63.18333333333334,南方
深圳,2023-01-27,44.775,64.85416666666667,南方
深圳,2023-01-28,30.2375,44.4375,南方
深圳,2023-01-29,32.949999999999996,47.36666666666667,南方
深圳,2023-01-30,35.175,52.04583333333333,南方
深圳,2023-01-31,36.5,61.0375,南方
深圳,2023-02-01,76.78750000000001,126.94166666666666,南方
深圳,2023-02-02,44.583333333333336,79.08333333333333,南方
深圳,2023-02-03,38.2875,62.862500000000004,南方
深圳,2023-02-04,29.733333333333334,46.93333333333334,南方
深圳,2023-02-05,32.7875,48.59583333333333,南方
深圳,2023-02-06,52.137499999999996,76.63333333333334,南方
深圳,2023-02-07,110.11666666666667,159.57083333333335,南方
深圳,2023-02-08,26.6375,44.07916666666667,南方
深圳,2023-02-09,34.074999999999996,54.89166666666667,南方
深圳,2023-02-10,84.53750000000001,126.25416666666666,南方
深圳,2023-02-11,30.22083333333333,49.18333333333334,南方
深圳,2023-02-12,34.93333333333333,54.04583333333333,南方
深圳,2023-02-13,65.45416666666667,96.07083333333333,南方
深圳,2023-02-14,24.05,34.42916666666667,南方
深圳,2023-02-15,30.40833333333333,43.737500000000004,南方
深圳,2023-02-16,33.03333333333333,48.3375,南方
深圳,2023-02-17,33.85,54.72083333333333,南方
深圳,2023-02-18,49.0,79.16250000000001,南方
深圳,2023-02-19,89.7,137.61249999999998,南方
深圳,2023-02-20,51.012499999999996,75.7375,南方
深圳,2023-02-21,33.50833333333333,53.07916666666667,南方
深圳,2023-02-22,20.879166666666666,33.608333333333334,南方
深圳,2023-02-23,31.675,49.520833333333336,南方
深圳,2023-02-24,55.13333333333333,81.35833333333333,南方
深圳,2023-02-25,34.645833333333336,49.55833333333334,南方
深圳,2023-02-26,35.6875,52.270833333333336,南方
深圳,2023-02-27,22.641666666666666,36.25416666666667,南方
深圳,2023-02-28,25.829166666666666,44.48333333333333,南方
深圳,2023-03-01,67.64583333333333,100.925,南方
深圳,2023-03-02,71.25416666666666,108.1375,南方
深圳,2023-03-03,43.84583333333333,69.75416666666666,南方
深圳,2023-03-04,54.44583333333333,85.94583333333333,南方
深圳,2023-03-05,40.487500000000004,63.1,南方
深圳,2023-03-06,28.308333333333334,45.949999999999996,南方
深圳,2023-03-07,27.28333333333333,46.15,南方
深圳,2023-03-08,44.36666666666667,72.90833333333333,南方
深圳,2023-03-09,82.52083333333333,122.8875,南方
深圳,2023-03-10,39.69583333333333,64.68333333333334,南方
深圳,2023-03-11,32.00833333333333,56.50833333333333,南方
深圳,2023-03-12,68.77083333333333,104.59166666666665,南方
深圳,2023-03-13,49.525,71.64999999999999,南方
深圳,2023-03-14,38.112500000000004,62.525,南方
深圳,2023-03-15,31.308333333333334,50.375,南方
深圳,2023-03-16,40.84166666666667,64.7,南方
深圳,2023-03-17,31.15416666666667,52.19583333333333,南方
深圳,2023-03-18,44.06666666666666,67.65416666666667,南方
深圳,2023-03-19,25.879166666666666,44.958333333333336,南方
深圳,2023-03-20,24.670833333333334,41.32083333333333,南方
深圳,2023-03-21,29.866666666666664,45.60833333333333,南方
深圳,2023-03-22,21.941666666666666,34.762499999999996,南方
深圳,2023-03-23,28.791666666666668,44.40833333333333,南方
深圳,2023-03-24,26.075,39.55,南方
深圳,2023-03-25,26.5125,41.32083333333333,南方
深圳,2023-03-26,20.974999999999998,30.400000000000002,南方
深圳,2023-03-27,22.849999999999998,35.020833333333336,南方
深圳,2023-03-28,26.337500000000002,39.145833333333336,南方
深圳,2023-03-29,30.129166666666666,47.5375,南方
深圳,2023-03-30,31.545833333333334,47.916666666666664,南方
深圳,2023-03-31,26.325,42.050000000000004,南方
深圳,2023-04-01,22.275000000000002,35.875,南方
深圳,2023-04-02,25.570833333333336,41.74583333333333,南方
深圳,2023-04-03,26.0625,45.583333333333336,南方
深圳,2023-04-04,25.7625,41.02916666666667,南方
深圳,2023-04-05,24.27916666666667,36.833333333333336,南方
深圳,2023-04-06,35.520833333333336,52.80833333333334,南方
深圳,2023-04-07,33.86666666666667,48.5375,南方
深圳,2023-04-08,46.45416666666667,67.71249999999999,南方
深圳,2023-04-09,53.84166666666667,81.97500000000001,南方
深圳,2023-04-10,33.5875,57.95416666666667,南方
深圳,2023-04-11,53.1,86.34166666666665,南方
深圳,2023-04-12,87.47916666666667,129.90416666666667,南方
深圳,2023-04-13,38.612500000000004,64.10000000000001,南方
深圳,2023-04-14,54.949999999999996,86.68333333333334,南方
深圳,2023-04-15,94.42916666666667,137.82500000000002,南方
深圳,2023-04-16,86.05,125.075,南方
深圳,2023-04-17,33.045833333333334,50.925000000000004,南方
深圳,2023-04-18,26.212500000000002,40.300000000000004,南方
深圳,2023-04-19,23.433333333333334,36.02916666666667,南方
深圳,2023-04-20,25.295833333333334,36.99583333333333,南方
深圳,2023-04-21,17.675,25.954166666666666,南方
深圳,2023-04-22,20.9375,34.62916666666667,南方
深圳,2023-04-23,23.05,38.670833333333334,南方
深圳,2023-04-24,32.05416666666667,51.46666666666667,南方
深圳,2023-04-25,29.691666666666666,42.68333333333334,南方
深圳,2023-04-26,21.375,31.0625,南方
深圳,2023-04-27,31.208333333333332,54.25416666666666,南方
深圳,2023-04-28,33.88333333333333,58.81666666666666,南方
深圳,2023-04-29,40.104166666666664,63.65416666666667,南方
深圳,2023-04-30,39.041666666666664,55.975,南方
深圳,2023-05-01,27.608333333333334,46.15,南方
深圳,2023-05-02,24.7625,45.61666666666667,南方
深圳,2023-05-03,22.270833333333332,39.454166666666666,南方
深圳,2023-05-04,23.558333333333334,35.19583333333333,南方
深圳,2023-05-05,19.016666666666666,29.054166666666664,南方
深圳,2023-05-06,19.945833333333333,31.72083333333333,南方
深圳,2023-05-07,26.116666666666664,39.020833333333336,南方
深圳,2023-05-08,28.912499999999998,41.37916666666667,南方
深圳,2023-05-09,24.724999999999998,39.208333333333336,南方
深圳,2023-05-10,27.9875,47.97083333333333,南方
深圳,2023-05-11,26.041666666666668,41.1875,南方
深圳,2023-05-12,29.208333333333332,42.49583333333333,南方
深圳,2023-05-13,45.833333333333336,65.53750000000001,南方
深圳,2023-05-14,38.0,54.57083333333333,南方
深圳,2023-05-15,42.291666666666664,61.00416666666666,南方
深圳,2023-05-16,26.4375,40.43333333333333,南方
深圳,2023-05-17,21.741666666666664,33.275,南方
深圳,2023-05-18,46.637499999999996,69.79166666666667,南方
深圳,2023-05-19,52.88333333333333,76.89166666666667,南方
深圳,2023-05-20,25.474999999999998,39.56666666666667,南方
深圳,2023-05-21,18.941666666666666,30.258333333333336,南方
深圳,2023-05-22,19.908333333333335,32.18333333333333,南方
深圳,2023-05-23,19.904166666666665,30.087500000000002,南方
深圳,2023-05-24,23.150000000000002,39.37083333333333,南方
深圳,2023-05-25,14.762500000000001,23.729166666666668,南方
深圳,2023-05-26,14.941666666666668,24.516666666666666,南方
深圳,2023-05-27,18.604166666666668,30.6875,南方
深圳,2023-05-28,23.049999999999997,37.77916666666667,南方
深圳,2023-05-29,34.34583333333333,53.512499999999996,南方
深圳,2023-05-30,66.9875,97.24583333333334,南方
深圳,2023-05-31,102.22500000000001,147.03333333333333,南方
深圳,2023-06-01,63.137499999999996,92.2625,南方
深圳,2023-06-02,68.74583333333334,99.95,南方
深圳,2023-06-03,31.42916666666667,47.775,南方
深圳,2023-06-04,16.445833333333333,26.395833333333332,南方
深圳,2023-06-05,15.441666666666668,25.583333333333332,南方
深圳,2023-06-06,13.875,22.34583333333333,南方
深圳,2023-06-07,15.120833333333332,23.608333333333334,南方
深圳,2023-06-08,14.545833333333334,22.683333333333334,南方
深圳,2023-06-09,16.033333333333335,24.625,南方
深圳,2023-06-10,26.304166666666664,38.97083333333333,南方
深圳,2023-06-11,23.041666666666668,33.487500000000004,南方
深圳,2023-06-12,18.366666666666667,26.795833333333334,南方
深圳,2023-06-13,29.3875,43.487500000000004,南方
深圳,2023-06-14,31.620833333333334,47.55416666666667,南方
深圳,2023-06-15,22.804166666666664,32.979166666666664,南方
深圳,2023-06-16,17.229166666666668,25.55,南方
深圳,2023-06-17,16.433333333333334,26.59166666666667,南方
深圳,2023-06-18,13.133333333333333,21.416666666666668,南方
深圳,2023-06-19,16.0625,27.4375,南方
深圳,2023-06-20,16.145833333333332,27.462500000000002,南方
深圳,2023-06-21,15.091666666666667,25.304166666666664,南方
深圳,2023-06-22,17.258333333333333,29.054166666666664,南方
深圳,2023-06-23,13.979166666666666,22.4875,南方
深圳,2023-06-24,16.854166666666668,28.045833333333334,南方
深圳,2023-06-25,18.462500000000002,28.754166666666666,南方
深圳,2023-06-26,18.9875,29.320833333333336,南方
深圳,2023-06-27,17.7625,27.116666666666664,南方
深圳,2023-06-28,11.608333333333334,18.554166666666667,南方
深圳,2023-06-29,16.158333333333335,25.808333333333334,南方
深圳,2023-06-30,17.908333333333335,29.579166666666666,南方
深圳,2023-07-01,15.491666666666667,25.15416666666667,南方
深圳,2023-07-02,14.3375,22.52916666666667,南方
深圳,2023-07-03,11.691666666666668,18.841666666666665,南方
深圳,2023-07-04,13.245833333333332,21.90416666666667,南方
深圳,2023-07-05,13.691666666666668,23.6125,南方
深圳,2023-07-06,11.7125,20.458333333333332,南方
深圳,2023-07-07,14.4,24.912499999999998,南方
深圳,2023-07-08,12.345833333333333,20.912499999999998,南方
深圳,2023-07-09,10.829166666666666,18.470833333333335,南方
深圳,2023-07-10,10.229166666666666,16.875,南方
深圳,2023-07-11,12.245833333333332,20.729166666666668,南方
深圳,2023-07-12,13.479166666666666,23.020833333333332,南方
深圳,2023-07-13,17.408333333333335,28.525000000000002,南方
深圳,2023-07-14,28.95,45.0875,南方
深圳,2023-07-15,47.15,70.20833333333333,南方
深圳,2023-07-16,21.2375,33.375,南方
深圳,2023-07-17,11.433333333333332,19.145833333333332,南方
深圳,2023-07-18,14.6625,23.866666666666664,南方
深圳,2023-07-19,14.083333333333334,23.116666666666664,南方
深圳,2023-07-20,17.320833333333333,27.587500000000002,南方
深圳,2023-07-21,29.516666666666666,45.0875,南方
深圳,2023-07-22,23.879166666666666,37.50833333333333,南方
深圳,2023-07-23,17.695833333333333,27.7375,南方
深圳,2023-07-24,19.233333333333334,29.391666666666666,南方
深圳,2023-07-25,29.191666666666666,43.5375,南方
深圳,2023-07-26,43.8125,63.19166666666666,南方
深圳,2023-07-27,37.30416666666667,54.00416666666666,南方
深圳,2023-07-28,35.112500000000004,52.20416666666667,南方
深圳,2023-07-29,21.145833333333332,33.487500000000004,南方
深圳,2023-07-30,16.849999999999998,27.041666666666668,南方
深圳,2023-07-31,17.291666666666668,28.766666666666666,南方
深圳,2023-08-01,18.5,29.229166666666668,南方
深圳,2023-08-02,31.058333333333334,48.4625,南方
深圳,2023-08-03,25.425,39.525,南方
深圳,2023-08-04,15.170833333333334,24.383333333333336,南方
深圳,2023-08-05,15.5,25.3625,南方
深圳,2023-08-06,18.808333333333334,30.504166666666666,南方
深圳,2023-08-07,20.724999999999998,33.50833333333333,南方
深圳,2023-08-08,21.90416666666667,35.38333333333333,南方
深圳,2023-08-09,18.054166666666667,28.412499999999998,南方
深圳,2023-08-10,24.96666666666667,37.50833333333333,南方
深圳,2023-08-11,28.416666666666668,41.791666666666664,南方
深圳,2023-08-12,19.3,29.59583333333333,南方
深圳,2023-08-13,17.349999999999998,27.141666666666666,南方
深圳,2023-08-14,18.883333333333333,30.166666666666668,南方
深圳,2023-08-15,20.95,33.583333333333336,南方
深圳,2023-08-16,23.7625,37.729166666666664,南方
深圳,2023-08-17,24.183333333333334,36.733333333333334,南方
深圳,2023-08-18,27.5,40.829166666666666,南方
深圳,2023-08-19,32.0,46.512499999999996,南方
深圳,2023-08-20,21.912499999999998,33.57083333333333,南方
深圳,2023-08-21,20.316666666666666,31.15416666666667,南方
深圳,2023-08-22,20.041666666666668,31.858333333333334,南方
深圳,2023-08-23,16.129166666666666,25.129166666666666,南方
深圳,2023-08-24,13.262500000000001,19.854166666666668,南方
深圳,2023-08-25,19.099999999999998,28.358333333333334,南方
深圳,2023-08-26,18.25,27.016666666666666,南方
深圳,2023-08-27,16.125,25.145833333333332,南方
深圳,2023-08-28,18.804166666666667,28.825,南方
深圳,2023-08-29,21.295833333333334,31.329166666666666,南方
深圳,2023-08-30,30.59583333333333,43.7875,南方
深圳,2023-08-31,26.266666666666666,38.112500000000004,南方
深圳,2023-09-01,14.758333333333333,21.333333333333332,南方
深圳,2023-09-02,14.429166666666667,25.429166666666664,南方
深圳,2023-09-03,26.333333333333332,43.28333333333333,南方
深圳,2023-09-04,52.42083333333333,76.7,南方
深圳,2023-09-05,48.75833333333333,70.81666666666666,南方
深圳,2023-09-06,42.762499999999996,61.541666666666664,南方
深圳,2023-09-07,28.787499999999998,41.57083333333333,南方
深圳,2023-09-08,12.208333333333334,18.3,南方
深圳,2023-09-09,11.666666666666666,17.591666666666665,南方
深圳,2023-09-10,11.179166666666667,17.162499999999998,南方
深圳,2023-09-11,9.341666666666667,14.429166666666667,南方
深圳,2023-09-12,11.770833333333334,18.158333333333335,南方
深圳,2023-09-13,12.120833333333332,18.2625,南方
深圳,2023-09-14,13.383333333333333,19.95,南方
深圳,2023-09-15,11.549999999999999,17.195833333333333,南方
深圳,2023-09-16,12.641666666666666,19.325,南方
深圳,2023-09-17,15.495833333333332,23.258333333333336,南方
深圳,2023-09-18,24.09583333333333,36.80833333333333,南方
深圳,2023-09-19,30.770833333333332,46.487500000000004,南方
深圳,2023-09-20,28.40833333333333,42.4625,南方
深圳,2023-09-21,38.17916666666667,55.479166666666664,南方
深圳,2023-09-22,38.19583333333333,54.9125,南方
深圳,2023-09-23,31.299999999999997,46.17083333333333,南方
深圳,2023-09-24,15.979166666666666,26.458333333333332,南方
深圳,2023-09-25,18.566666666666666,31.108333333333334,南方
深圳,2023-09-26,18.704166666666666,32.81666666666667,南方
深圳,2023-09-27,24.587500000000002,40.074999999999996,南方
深圳,2023-09-28,31.483333333333334,49.4125,南方
深圳,2023-09-29,25.579166666666666,39.4,南方
深圳,2023-09-30,47.03333333333333,68.55833333333334,南方
深圳,2023-10-01,46.50833333333333,68.14166666666667,南方
深圳,2023-10-02,24.454166666666666,41.458333333333336,南方
深圳,2023-10-03,42.90833333333333,67.98333333333333,南方
深圳,2023-10-04,45.6,66.19166666666666,南方
深圳,2023-10-05,25.90833333333333,37.56666666666667,南方
深圳,2023-10-06,21.833333333333332,32.949999999999996,南方
深圳,2023-10-07,16.349999999999998,24.145833333333332,南方
深圳,2023-10-08,10.795833333333334,15.512500000000001,南方
深圳,2023-10-09,13.9125,21.71666666666667,南方
深圳,2023-10-10,20.179166666666667,29.258333333333336,南方
深圳,2023-10-11,21.158333333333335,30.325,南方
深圳,2023-10-12,28.179166666666664,40.516666666666666,南方
深圳,2023-10-13,34.00833333333333,49.208333333333336,南方
深圳,2023-10-14,44.574999999999996,65.52916666666667,南方
深圳,2023-10-15,50.14166666666667,74.40416666666667,南方
深圳,2023-10-16,31.724999999999998,50.59166666666667,南方
深圳,2023-10-17,23.729166666666668,40.87083333333333,南方
深圳,2023-10-18,25.933333333333334,47.6875,南方
深圳,2023-10-19,21.758333333333336,37.61666666666667,南方
深圳,2023-10-20,21.216666666666665,32.858333333333334,南方
深圳,2023-10-21,16.825,24.145833333333332,南方
深圳,2023-10-22,29.5625,42.62916666666667,南方
深圳,2023-10-23,28.2,41.125,南方
深圳,2023-10-24,32.40416666666667,49.4625,南方
深圳,2023-10-25,32.166666666666664,49.56666666666666,南方
深圳,2023-10-26,25.870833333333334,41.81666666666667,南方
深圳,2023-10-27,35.295833333333334,54.9125,南方
深圳,2023-10-28,24.712500000000002,41.545833333333334,南方
深圳,2023-10-29,30.145833333333332,47.8125,南方
深圳,2023-10-30,41.21666666666667,62.112500000000004,南方
深圳,2023-10-31,31.308333333333334,48.59583333333333,南方
深圳,2023-11-01,22.245833333333334,36.37083333333333,南方
深圳,2023-11-02,25.541666666666668,41.125,南方
深圳,2023-11-03,40.86666666666667,61.87083333333334,南方
深圳,2023-11-04,26.40833333333333,41.6,南方
深圳,2023-11-05,26.075,42.22083333333333,南方
深圳,2023-11-06,36.05833333333333,52.775,南方
深圳,2023-11-07,23.520833333333332,36.449999999999996,南方
深圳,2023-11-08,20.587500000000002,37.30416666666667,南方
深圳,2023-11-09,21.5125,39.420833333333334,南方
深圳,2023-11-10,22.983333333333334,37.954166666666666,南方
深圳,2023-11-11,17.445833333333333,28.8625,南方
深圳,2023-11-12,14.758333333333333,21.304166666666667,南方
深圳,2023-11-13,17.820833333333333,25.59166666666667,南方
深圳,2023-11-14,27.733333333333334,40.0875,南方
深圳,2023-11-15,25.3875,37.59583333333333,南方
深圳,2023-11-16,36.87083333333333,54.05833333333334,南方
深圳,2023-11-17,21.325,32.475,南方
深圳,2023-11-18,25.6875,37.391666666666666,南方
深圳,2023-11-19,44.75,65.77499999999999,南方
深圳,2023-11-20,58.12083333333334,86.10416666666667,南方
深圳,2023-11-21,27.8125,43.94583333333333,南方
深圳,2023-11-22,39.74166666666667,62.166666666666664,南方
深圳,2023-11-23,75.54166666666667,110.77083333333333,南方
深圳,2023-11-24,51.425000000000004,80.33749999999999,南方
深圳,2023-11-25,19.575,34.016666666666666,南方
深圳,2023-11-26,32.791666666666664,49.57083333333333,南方
深圳,2023-11-27,65.62916666666666,95.52083333333333,南方
深圳,2023-11-28,27.95,43.02916666666667,南方
深圳,2023-11-29,30.079166666666666,53.958333333333336,南方
深圳,2023-11-30,33.166666666666664,53.020833333333336,南方
深圳,2023-12-01,21.829166666666666,31.679166666666664,南方
深圳,2023-12-02,32.84583333333333,47.675000000000004,南方
深圳,2023-12-03,29.912499999999998,43.34583333333333,南方
深圳,2023-12-04,38.362500000000004,55.300000000000004,南方
深圳,2023-12-05,36.329166666666666,52.05416666666667,南方
深圳,2023-12-06,45.00416666666666,64.58749999999999,南方
深圳,2023-12-07,37.0875,54.125,南方
深圳,2023-12-08,35.199999999999996,56.324999999999996,南方
深圳,2023-12-09,25.47083333333333,44.9125,南方
深圳,2023-12-10,18.595833333333335,31.27916666666667,南方
深圳,2023-12-11,36.229166666666664,54.65,南方
深圳,2023-12-12,39.824999999999996,57.854166666666664,南方
深圳,2023-12-13,19.8625,32.74583333333333,南方
深圳,2023-12-14,19.470833333333335,35.65416666666667,南方
深圳,2023-12-15,20.304166666666667,34.5375,南方
深圳,2023-12-16,14.845833333333333,21.8,南方
深圳,2023-12-17,22.21666666666667,32.050000000000004,南方
深圳,2023-12-18,28.329166666666666,42.862500000000004,南方
深圳,2023-12-19,21.891666666666666,31.650000000000002,南方
深圳,2023-12-20,15.295833333333334,21.883333333333336,南方
深圳,2023-12-21,23.912499999999998,35.22083333333333,南方
深圳,2023-12-22,23.016666666666666,33.80833333333333,南方
深圳,2023-12-23,24.587500000000002,35.4,南方
深圳,2023-12-24,23.4875,34.050000000000004,南方
深圳,2023-12-25,35.62083333333333,51.37916666666666,南方
深圳,2023-12-26,45.5875,66.72083333333333,南方
深圳,2023-12-27,51.90833333333333,78.325,南方
深圳,2023-12-28,35.3125,52.97083333333333,南方
深圳,2023-12-29,24.458333333333332,37.47083333333333,南方
深圳,2023-12-30,53.050000000000004,78.125,南方
深圳,2023-12-31,71.80833333333334,103.79166666666667,南方
深圳,2024-01-01,35.28333333333333,57.73333333333333,南方
深圳,2024-01-02,31.666666666666668,53.425000000000004,南方
深圳,2024-01-03,32.2875,47.48333333333333,南方
深圳,2024-01-04,29.258333333333336,43.9125,南方
深圳,2024-01-05,44.04583333333333,70.96666666666667,南方
深圳,2024-01-06,62.425000000000004,92.16666666666667,南方
深圳,2024-01-07,41.13333333333333,65.49166666666666,南方
深圳,2024-01-08,32.625,58.54583333333333,南方
深圳,2024-01-09,37.925000000000004,60.979166666666664,南方
深圳,2024-01-10,24.370833333333334,34.975,南方
深圳,2024-01-11,35.208333333333336,53.55416666666667,南方
深圳,2024-01-12,47.37916666666666,75.83333333333333,南方
深圳,2024-01-13,34.483333333333334,55.39166666666667,南方
深圳,2024-01-14,23.458333333333332,39.770833333333336,南方
深圳,2024-01-15,30.175,48.887499999999996,南方
深圳,2024-01-16,20.099999999999998,35.125,南方
深圳,2024-01-17,18.400000000000002,32.141666666666666,南方
深圳,2024-01-18,22.079166666666666,38.61666666666667,南方
深圳,2024-01-19,23.933333333333334,37.704166666666666,南方
深圳,2024-01-20,23.758333333333336,35.40833333333333,南方
深圳,2024-01-21,15.308333333333332,21.995833333333334,南方
深圳,2024-01-22,15.700000000000001,22.7,南方
深圳,2024-01-23,17.962500000000002,25.891666666666666,南方
深圳,2024-01-24,30.22083333333333,43.833333333333336,南方
深圳,2024-01-25,28.575,41.50833333333333,南方
深圳,2024-01-26,35.25416666666667,50.98333333333333,南方
深圳,2024-01-27,36.016666666666666,52.25416666666666,南方
深圳,2024-01-28,33.52916666666667,48.104166666666664,南方
深圳,2024-01-29,29.304166666666664,43.94583333333333,南方
深圳,2024-01-30,28.858333333333334,48.625,南方
深圳,2024-01-31,23.3875,39.4625,南方
深圳,2024-02-01,22.454166666666666,35.291666666666664,南方
深圳,2024-02-02,23.175,35.7875,南方
深圳,2024-02-03,16.670833333333334,27.849999999999998,南方
深圳,2024-02-04,18.8625,31.5125,南方
深圳,2024-02-05,21.295833333333334,31.166666666666668,南方
深圳,2024-02-06,20.758333333333333,35.704166666666666,南方
深圳,2024-02-07,21.337500000000002,32.170833333333334,南方
深圳,2024-02-08,13.512500000000001,19.337500000000002,南方
深圳,2024-02-09,24.641666666666666,35.7125,南方
深圳,2024-02-10,45.875,68.49166666666666,南方
深圳,2024-02-11,42.00416666666667,61.59166666666667,南方
深圳,2024-02-12,20.820833333333333,35.0,南方
深圳,2024-02-13,31.329166666666666,58.208333333333336,南方
深圳,2024-02-14,34.358333333333334,59.975,南方
深圳,2024-02-15,57.300000000000004,87.79166666666667,南方
深圳,2024-02-16,25.404166666666665,39.416666666666664,南方
深圳,2024-02-17,20.474999999999998,36.583333333333336,南方
深圳,2024-02-18,18.245833333333334,31.329166666666666,南方
深圳,2024-02-19,15.333333333333334,23.816666666666666,南方
深圳,2024-02-20,10.895833333333334,17.220833333333335,南方
深圳,2024-02-21,12.6,19.966666666666665,南方
深圳,2024-02-22,20.641666666666666,31.55,南方
深圳,2024-02-23,23.645833333333332,34.737500000000004,南方
深圳,2024-02-24,21.091666666666665,30.7625,南方
深圳,2024-02-25,20.316666666666666,29.508333333333336,南方
深圳,2024-02-26,27.0125,38.96666666666667,南方
深圳,2024-02-27,21.141666666666666,30.72083333333333,南方
深圳,2024-02-28,27.875,47.32083333333333,南方
深圳,2024-02-29,24.483333333333334,38.1875,南方
深圳,2024-03-01,15.362499999999999,22.233333333333334,南方
深圳,2024-03-02,21.3125,30.829166666666666,南方
深圳,2024-03-03,29.15833333333333,46.24583333333334,南方
深圳,2024-03-04,18.845833333333335,32.975,南方
深圳,2024-03-05,16.837500000000002,27.15416666666667,南方
深圳,2024-03-06,27.8875,40.6875,南方
深圳,2024-03-07,23.170833333333334,33.28333333333333,南方
深圳,2024-03-08,39.40416666666667,61.375,南方
深圳,2024-03-09,41.25,67.25416666666666,南方
深圳,2024-03-10,34.82083333333333,52.04583333333333,南方
深圳,2024-03-11,28.212500000000002,41.895833333333336,南方
深圳,2024-03-12,23.491666666666664,35.05416666666667,南方
深圳,2024-03-13,36.42916666666667,70.70833333333333,南方
深圳,2024-03-14,46.6625,86.44583333333333,南方
深圳,2024-03-15,36.0,64.13333333333334,南方
深圳,2024-03-16,30.849999999999998,51.979166666666664,南方
深圳,2024-03-17,35.67916666666667,56.09583333333333,南方
深圳,2024-03-18,45.53333333333333,70.02499999999999,南方
深圳,2024-03-19,25.4875,38.516666666666666,南方
深圳,2024-03-20,28.079166666666666,44.82916666666667,南方
深圳,2024-03-21,28.1875,53.645833333333336,南方
深圳,2024-03-22,28.166666666666668,49.69583333333333,南方
深圳,2024-03-23,18.7625,30.570833333333336,南方
深圳,2024-03-24,15.950000000000001,24.329166666666666,南方
深圳,2024-03-25,21.75,32.545833333333334,南方
深圳,2024-03-26,37.483333333333334,54.82083333333333,南方
深圳,2024-03-27,21.433333333333334,37.8375,南方
深圳,2024-03-28,32.354166666666664,52.11666666666667,南方
深圳,2024-03-29,48.76666666666667,73.56666666666666,南方
深圳,2024-03-30,20.508333333333333,32.27916666666667,南方
深圳,2024-03-31,17.766666666666666,27.59166666666667,南方
深圳,2024-04-01,17.133333333333333,26.804166666666664,南方
深圳,2024-04-02,19.533333333333335,32.983333333333334,南方
深圳,2024-04-03,14.004166666666668,23.933333333333334,南方
深圳,2024-04-04,14.541666666666666,24.09583333333333,南方
深圳,2024-04-05,18.4375,30.683333333333334,南方
深圳,2024-04-06,20.495833333333334,34.225,南方
深圳,2024-04-07,18.120833333333334,28.325,南方
深圳,2024-04-08,21.020833333333332,31.170833333333334,南方
深圳,2024-04-09,21.991666666666664,32.0875,南方
深圳,2024-04-10,37.9375,62.92916666666667,南方
深圳,2024-04-11,32.13333333333333,57.14166666666667,南方
深圳,2024-04-12,41.12916666666667,65.42916666666666,南方
深圳,2024-04-13,35.62916666666667,54.25,南方
深圳,2024-04-14,17.858333333333334,29.541666666666668,南方
深圳,2024-04-15,21.675,34.80416666666667,南方
深圳,2024-04-16,16.087500000000002,27.145833333333332,南方
深圳,2024-04-17,13.975,23.224999999999998,南方
深圳,2024-04-18,21.162499999999998,33.645833333333336,南方
深圳,2024-04-19,15.887500000000001,28.125,南方
深圳,2024-04-20,17.445833333333333,30.458333333333332,南方
深圳,2024-04-21,20.866666666666667,34.84166666666667,南方
深圳,2024-04-22,29.075,45.9625,南方
深圳,2024-04-23,20.3625,31.09583333333333,南方
深圳,2024-04-24,35.36666666666667,52.987500000000004,南方
深圳,2024-04-25,17.354166666666668,27.25,南方
深圳,2024-04-26,14.370833333333332,22.695833333333336,南方
深圳,2024-04-27,15.120833333333332,23.979166666666668,南方
深圳,2024-04-28,14.804166666666667,24.47083333333333,南方
深圳,2024-04-29,12.049999999999999,20.404166666666665,南方
深圳,2024-04-30,15.5,25.875,南方
深圳,2024-05-01,26.150000000000002,37.74166666666667,南方
深圳,2024-05-02,21.216666666666665,34.2125,南方
深圳,2024-05-03,23.891666666666666,43.93333333333334,南方
深圳,2024-05-04,19.758333333333333,32.795833333333334,南方
深圳,2024-05-05,21.691666666666666,33.391666666666666,南方
深圳,2024-05-06,45.275,66.89166666666667,南方
深圳,2024-05-07,50.31666666666666,74.1375,南方
深圳,2024-05-08,35.141666666666666,53.10833333333333,南方
深圳,2024-05-09,35.25,61.612500000000004,南方
深圳,2024-05-10,23.599999999999998,45.42916666666667,南方
深圳,2024-05-11,21.666666666666668,39.708333333333336,南方
深圳,2024-05-12,32.704166666666666,49.22083333333333,南方
深圳,2024-05-13,32.40416666666667,47.291666666666664,南方
深圳,2024-05-14,21.704166666666666,34.74166666666667,南方
深圳,2024-05-15,25.429166666666664,41.395833333333336,南方
深圳,2024-05-16,30.104166666666668,51.574999999999996,南方
深圳,2024-05-17,27.245833333333334,49.333333333333336,南方
深圳,2024-05-18,31.820833333333336,53.09583333333333,南方
深圳,2024-05-19,27.295833333333334,46.387499999999996,南方
深圳,2024-05-20,13.012500000000001,19.279166666666665,南方
深圳,2024-05-21,17.591666666666665,26.8125,南方
深圳,2024-05-22,27.212500000000002,39.125,南方
深圳,2024-05-23,17.366666666666667,25.675,南方
深圳,2024-05-24,11.9,17.625,南方
深圳,2024-05-25,13.775,20.854166666666668,南方
深圳,2024-05-26,18.029166666666665,27.59166666666667,南方
深圳,2024-05-27,15.541666666666666,24.691666666666666,南方
深圳,2024-05-28,19.75,29.4875,南方
深圳,2024-05-29,17.741666666666667,34.09166666666667,南方
深圳,2024-05-30,12.516666666666666,22.545833333333334,南方
深圳,2024-05-31,10.35,16.974999999999998,南方
深圳,2024-06-01,11.166666666666666,17.783333333333335,南方
深圳,2024-06-02,30.208333333333332,44.199999999999996,南方
深圳,2024-06-03,20.7375,33.57083333333333,南方
深圳,2024-06-04,17.666666666666668,33.09166666666667,南方
深圳,2024-06-05,13.508333333333333,21.916666666666668,南方
深圳,2024-06-06,15.508333333333333,23.116666666666664,南方
深圳,2024-06-07,14.466666666666667,21.52916666666667,南方
深圳,2024-06-08,9.916666666666666,14.891666666666666,南方
深圳,2024-06-09,12.674999999999999,19.337500000000002,南方
深圳,2024-06-10,12.479166666666666,19.804166666666667,南方
深圳,2024-06-11,16.066666666666666,25.916666666666668,南方
深圳,2024-06-12,15.625,24.729166666666668,南方
深圳,2024-06-13,15.866666666666667,25.599999999999998,南方
深圳,2024-06-14,16.658333333333335,27.22083333333333,南方
深圳,2024-06-15,18.662499999999998,30.3875,南方
深圳,2024-06-16,18.516666666666666,29.59166666666667,南方
深圳,2024-06-17,16.479166666666668,27.295833333333334,南方
深圳,2024-06-18,15.104166666666666,25.083333333333332,南方
深圳,2024-06-19,13.029166666666667,21.787499999999998,南方
深圳,2024-06-20,11.879166666666668,19.904166666666665,南方
深圳,2024-06-21,12.916666666666666,20.75,南方
深圳,2024-06-22,16.083333333333332,26.27916666666667,南方
深圳,2024-06-23,11.975,20.254166666666666,南方
深圳,2024-06-24,13.725,22.825,南方
深圳,2024-06-25,14.483333333333334,23.84166666666667,南方
深圳,2024-06-26,15.379166666666668,24.870833333333334,南方
深圳,2024-06-27,15.012500000000001,24.416666666666668,南方
深圳,2024-06-28,11.720833333333333,19.408333333333335,南方
深圳,2024-06-29,13.704166666666666,22.925,南方
深圳,2024-06-30,13.179166666666667,22.90833333333333,南方
深圳,2024-07-01,16.375,28.495833333333334,南方
深圳,2024-07-02,16.591666666666665,28.558333333333334,南方
深圳,2024-07-03,14.033333333333333,23.708333333333332,南方
深圳,2024-07-04,16.604166666666668,26.045833333333334,南方
深圳,2024-07-05,18.958333333333332,29.245833333333334,南方
深圳,2024-07-06,11.816666666666668,19.275000000000002,南方
深圳,2024-07-07,10.758333333333333,17.2625,南方
深圳,2024-07-08,15.091666666666667,25.224999999999998,南方
深圳,2024-07-09,14.004166666666668,22.883333333333336,南方
深圳,2024-07-10,11.245833333333332,18.133333333333333,南方
深圳,2024-07-11,11.004166666666668,17.670833333333334,南方
深圳,2024-07-12,12.291666666666666,20.1125,南方
深圳,2024-07-13,11.112499999999999,18.537499999999998,南方
深圳,2024-07-14,11.416666666666666,19.3,南方
深圳,2024-07-15,10.720833333333333,18.508333333333333,南方
深圳,2024-07-16,10.054166666666667,16.754166666666666,南方
深圳,2024-07-17,11.625,19.804166666666667,南方
深圳,2024-07-18,12.008333333333333,19.995833333333334,南方
深圳,2024-07-19,10.4125,16.558333333333334,南方
深圳,2024-07-20,10.833333333333334,18.345833333333335,南方
深圳,2024-07-21,10.791666666666666,18.033333333333335,南方
深圳,2024-07-22,10.016666666666667,16.625,南方
深圳,2024-07-23,15.966666666666667,26.4875,南方
深圳,2024-07-24,18.7,29.291666666666668,南方
深圳,2024-07-25,22.866666666666664,35.225,南方
深圳,2024-07-26,22.670833333333334,36.92916666666667,南方
深圳,2024-07-27,14.333333333333334,23.229166666666668,南方
深圳,2024-07-28,11.629166666666668,18.529166666666665,南方
深圳,2024-07-29,9.508333333333333,15.041666666666666,南方
深圳,2024-07-30,9.975,15.4125,南方
深圳,2024-07-31,12.920833333333334,20.758333333333333,南方
深圳,2024-08-01,17.045833333333334,28.795833333333334,南方
深圳,2024-08-02,17.770833333333332,30.058333333333334,南方
深圳,2024-08-03,17.29583333333333,28.900000000000002,南方
深圳,2024-08-04,22.21666666666667,33.84166666666667,南方
深圳,2024-08-05,31.2375,45.67916666666667,南方
深圳,2024-08-06,46.3375,67.45416666666667,南方
深圳,2024-08-07,40.729166666666664,60.98333333333333,南方
深圳,2024-08-08,17.55,28.566666666666666,南方
深圳,2024-08-09,14.370833333333332,24.787499999999998,南方
深圳,2024-08-10,18.349999999999998,30.71666666666667,南方
深圳,2024-08-11,22.275000000000002,36.012499999999996,南方
深圳,2024-08-12,24.075,37.729166666666664,南方
深圳,2024-08-13,29.570833333333336,44.512499999999996,南方
深圳,2024-08-14,29.416666666666668,44.30416666666667,南方
深圳,2024-08-15,28.733333333333334,42.175000000000004,南方
深圳,2024-08-16,21.629166666666666,32.233333333333334,南方
深圳,2024-08-17,14.220833333333333,21.670833333333334,南方
深圳,2024-08-18,15.266666666666666,23.645833333333332,南方
深圳,2024-08-19,12.9125,19.491666666666667,南方
深圳,2024-08-20,13.504166666666668,20.2,南方
深圳,2024-08-21,16.879166666666666,26.020833333333332,南方
深圳,2024-08-22,22.116666666666664,35.766666666666666,南方
深圳,2024-08-23,23.379166666666666,37.737500000000004,南方
深圳,2024-08-24,25.52916666666667,38.68333333333333,南方
深圳,2024-08-25,36.96666666666667,54.791666666666664,南方
深圳,2024-08-26,34.829166666666666,51.375,南方
深圳,2024-08-27,46.85833333333333,68.28333333333333,南方
深圳,2024-08-28,47.40833333333333,68.60000000000001,南方
深圳,2024-08-29,54.833333333333336,79.1375,南方
深圳,2024-08-30,23.962500000000002,37.016666666666666,南方
深圳,2024-08-31,14.808333333333332,23.416666666666668,南方
深圳,2024-09-01,24.233333333333334,37.291666666666664,南方
深圳,2024-09-02,40.975,60.762499999999996,南方
深圳,2024-09-03,45.92916666666667,65.82916666666667,南方
深圳,2024-09-04,42.52916666666667,61.75833333333333,南方
深圳,2024-09-05,19.825,30.366666666666664,南方
深圳,2024-09-06,11.158333333333333,18.745833333333334,南方
深圳,2024-09-07,12.229166666666666,20.5125,南方
深圳,2024-09-08,15.620833333333332,24.566666666666666,南方
深圳,2024-09-09,18.345833333333335,28.316666666666666,南方
深圳,2024-09-10,32.541666666666664,48.70416666666667,南方
深圳,2024-09-11,50.75,77.32916666666667,南方
深圳,2024-09-12,86.07916666666667,124.91666666666667,南方
深圳,2024-09-13,47.62916666666666,70.30416666666666,南方
深圳,2024-09-14,29.837500000000002,44.06666666666666,南方
深圳,2024-09-15,38.8125,55.95416666666667,南方
深圳,2024-09-16,33.766666666666666,50.81666666666666,南方
深圳,2024-09-17,38.262499999999996,58.17083333333333,南方
深圳,2024-09-18,17.020833333333332,26.570833333333336,南方
深圳,2024-09-19,16.929166666666667,29.21666666666667,南方
深圳,2024-09-20,26.27916666666667,40.9375,南方
深圳,2024-09-21,23.825,35.47083333333333,南方
深圳,2024-09-22,16.991666666666667,25.104166666666668,南方
深圳,2024-09-23,21.787499999999998,31.349999999999998,南方
深圳,2024-09-24,18.037499999999998,27.912499999999998,南方
深圳,2024-09-25,28.875,43.60833333333333,南方
深圳,2024-09-26,31.09583333333333,45.59166666666667,南方
深圳,2024-09-27,30.929166666666664,45.56666666666666,南方
深圳,2024-09-28,38.987500000000004,56.92083333333333,南方
深圳,2024-09-29,45.199999999999996,67.9875,南方
深圳,2024-09-30,49.6875,72.09583333333333,南方
深圳,2024-10-01,29.020833333333332,42.791666666666664,南方
深圳,2024-10-02,18.287499999999998,26.6125,南方
深圳,2024-10-03,21.400000000000002,31.266666666666666,南方
深圳,2024-10-04,21.59583333333333,31.545833333333334,南方
深圳,2024-10-05,30.65416666666667,44.80833333333334,南方
深圳,2024-10-06,39.854166666666664,57.72083333333333,南方
深圳,2024-10-07,54.65,79.19166666666666,南方
深圳,2024-10-08,33.92916666666667,50.04583333333333,南方
深圳,2024-10-09,29.650000000000002,42.69583333333333,南方
深圳,2024-10-10,31.7,46.20416666666667,南方
深圳,2024-10-11,32.875,49.541666666666664,南方
深圳,2024-10-12,32.145833333333336,55.762499999999996,南方
深圳,2024-10-13,23.558333333333334,41.545833333333334,南方
深圳,2024-10-14,19.775000000000002,34.22083333333333,南方
深圳,2024-10-15,22.195833333333336,36.229166666666664,南方
深圳,2024-10-16,20.170833333333334,32.975,南方
深圳,2024-10-17,15.745833333333332,29.900000000000002,南方
深圳,2024-10-18,21.3,37.24583333333333,南方
深圳,2024-10-19,45.15416666666667,67.22916666666667,南方
深圳,2024-10-20,20.054166666666667,31.020833333333332,南方
深圳,2024-10-21,25.883333333333336,38.87083333333333,南方
深圳,2024-10-22,23.170833333333334,35.24166666666667,南方
深圳,2024-10-23,20.583333333333332,29.870833333333334,南方
深圳,2024-10-24,23.849999999999998,34.733333333333334,南方
深圳,2024-10-25,22.670833333333334,33.858333333333334,南方
深圳,2024-10-26,22.650000000000002,36.012499999999996,南方
深圳,2024-10-27,26.441666666666666,41.7875,南方
深圳,2024-10-28,16.375,23.59166666666667,南方
深圳,2024-10-29,21.40416666666667,30.829166666666666,南方
深圳,2024-10-30,29.791666666666668,44.25,南方
深圳,2024-10-31,28.020833333333332,42.512499999999996,南方
深圳,2024-11-01,17.554166666666667,26.504166666666666,南方
深圳,2024-11-02,23.070833333333336,34.641666666666666,南方
深圳,2024-11-03,26.974999999999998,40.69583333333333,南方
深圳,2024-11-04,32.15,48.59166666666667,南方
深圳,2024-11-05,27.59583333333333,41.125,南方
深圳,2024-11-06,31.474999999999998,49.00833333333333,南方
深圳,2024-11-07,26.395833333333332,39.00416666666667,南方
深圳,2024-11-08,22.491666666666664,33.045833333333334,南方
深圳,2024-11-09,19.479166666666668,30.0625,南方
深圳,2024-11-10,22.0,32.895833333333336,南方
深圳,2024-11-11,25.745833333333334,38.5875,南方
深圳,2024-11-12,37.84166666666667,50.574999999999996,南方
深圳,2024-11-13,32.766666666666666,33.0375,南方
深圳,2024-11-14,12.066666666666668,12.666666666666666,南方
深圳,2024-11-15,37.40833333333333,38.0875,南方
深圳,2024-11-16,61.35,61.6,南方
深圳,2024-11-17,34.525,34.608333333333334,南方
深圳,2024-11-18,27.195833333333336,27.287499999999998,南方
深圳,2024-11-19,27.787499999999998,27.870833333333334,南方
深圳,2024-11-20,28.3,28.3625,南方
深圳,2024-11-21,32.0375,32.074999999999996,南方
深圳,2024-11-22,35.458333333333336,35.47083333333333,南方
深圳,2024-11-23,41.17916666666667,41.25,南方
深圳,2024-11-24,41.612500000000004,42.225,南方
深圳,2024-11-25,37.12083333333333,37.824999999999996,南方
深圳,2024-11-26,21.25,21.379166666666666,南方
深圳,2024-11-27,22.1875,22.558333333333334,南方
深圳,2024-11-28,18.341666666666665,18.591666666666665,南方
深圳,2024-11-29,28.304166666666664,28.745833333333334,南方
深圳,2024-11-30,53.75,54.50416666666666,南方
深圳,2024-12-01,62.40833333333333,63.27916666666667,南方
深圳,2024-12-02,69.83333333333333,70.6375,南方
深圳,2024-12-03,55.5,56.05833333333334,南方
深圳,2024-12-04,37.30416666666667,38.36666666666667,南方
深圳,2024-12-05,54.65416666666667,55.4625,南方
深圳,2024-12-06,61.69583333333333,61.82916666666667,南方
深圳,2024-12-07,49.637499999999996,49.72083333333333,南方
深圳,2024-12-08,33.71666666666667,33.775,南方
深圳,2024-12-09,54.574999999999996,54.7875,南方
深圳,2024-12-10,36.11666666666667,36.67916666666667,南方
深圳,2024-12-11,37.395833333333336,37.887499999999996,南方
深圳,2024-12-12,36.737500000000004,36.770833333333336,南方
深圳,2024-12-13,36.0,36.079166666666666,南方
深圳,2024-12-14,50.80833333333334,51.11666666666667,南方
深圳,2024-12-15,34.07083333333333,34.25833333333333,南方
深圳,2024-12-16,47.55833333333334,47.92083333333333,南方
深圳,2024-12-17,72.0625,72.82916666666667,南方
深圳,2024-12-18,34.19583333333333,34.416666666666664,南方
深圳,2024-12-19,44.65833333333333,44.67916666666667,南方
深圳,2024-12-20,58.14166666666667,58.583333333333336,南方
深圳,2024-12-21,46.94583333333333,47.37083333333334,南方
深圳,2024-12-22,46.09166666666667,46.19166666666666,南方
深圳,2024-12-23,58.791666666666664,59.074999999999996,南方
深圳,2024-12-24,48.3375,48.49583333333334,南方
深圳,2024-12-25,56.21666666666667,56.46666666666667,南方
深圳,2024-12-26,70.72916666666667,71.07916666666667,南方
深圳,2024-12-27,67.64166666666667,67.875,南方
深圳,2024-12-28,52.89166666666667,53.333333333333336,南方
深圳,2024-12-29,47.03333333333333,47.54583333333333,南方
深圳,2024-12-30,81.14583333333333,81.75416666666666,南方
深圳,2024-12-31,82.33333333333333,82.60000000000001,南方
石家庄,2022-08-04,92.13125,131.875,北方
石家庄,2022-08-05,101.3125,144.82083333333333,北方
石家庄,2022-08-06,111.52083333333333,159.475,北方
石家庄,2022-08-07,93.64166666666667,133.90833333333333,北方
石家庄,2022-08-08,62.958333333333336,90.25,北方
石家庄,2022-08-09,27.6375,40.24166666666667,北方
石家庄,2022-08-10,28.9375,41.550000000000004,北方
石家庄,2022-08-11,49.050000000000004,70.08333333333333,北方
石家庄,2022-08-12,73.77916666666667,105.49166666666667,北方
石家庄,2022-08-13,49.225,70.70416666666667,北方
石家庄,2022-08-14,39.31666666666667,56.300000000000004,北方
石家庄,2022-08-15,42.03333333333333,71.60833333333333,北方
石家庄,2022-08-16,34.93333333333333,50.39166666666667,北方
石家庄,2022-08-17,72.3875,104.09166666666665,北方
石家庄,2022-08-18,92.14166666666667,131.95416666666668,北方
石家庄,2022-08-19,45.737500000000004,70.29583333333333,北方
石家庄,2022-08-20,40.762499999999996,58.625,北方
石家庄,2022-08-21,60.145833333333336,86.54166666666667,北方
石家庄,2022-08-22,38.125,55.73333333333333,北方
石家庄,2022-08-23,28.316666666666666,42.22083333333333,北方
石家庄,2022-08-24,55.62083333333334,80.77083333333333,北方
石家庄,2022-08-25,37.25833333333333,70.47083333333333,北方
石家庄,2022-08-26,42.204166666666666,64.65833333333333,北方
石家庄,2022-08-27,39.34583333333333,57.275,北方
石家庄,2022-08-28,30.804166666666664,44.59583333333333,北方
石家庄,2022-08-29,59.2125,87.02499999999999,北方
石家庄,2022-08-30,69.97500000000001,103.8875,北方
石家庄,2022-08-31,45.32083333333333,69.95416666666667,北方
石家庄,2022-09-01,39.50416666666667,57.50416666666666,北方
石家庄,2022-09-02,55.67916666666667,81.51666666666667,北方
石家庄,2022-09-03,65.91666666666667,95.6125,北方
石家庄,2022-09-04,63.11666666666667,92.91666666666667,北方
石家庄,2022-09-05,57.92083333333333,93.55,北方
石家庄,2022-09-06,31.308333333333334,58.61666666666667,北方
石家庄,2022-09-07,30.120833333333334,44.37916666666666,北方
石家庄,2022-09-08,62.708333333333336,90.64166666666667,北方
石家庄,2022-09-09,99.24166666666667,142.75416666666666,北方
石家庄,2022-09-10,97.15833333333335,139.57083333333333,北方
石家庄,2022-09-11,68.4875,98.30416666666667,北方
石家庄,2022-09-12,74.39583333333333,106.43333333333334,北方
石家庄,2022-09-13,89.30416666666667,128.4125,北方
石家庄,2022-09-14,60.10833333333333,88.075,北方
石家庄,2022-09-15,55.199999999999996,79.9375,北方
石家庄,2022-09-16,41.28333333333334,59.3125,北方
石家庄,2022-09-17,62.270833333333336,89.25416666666666,北方
石家庄,2022-09-18,62.06666666666666,92.3,北方
石家庄,2022-09-19,47.287499999999994,68.85416666666667,北方
石家庄,2022-09-20,20.875,30.683333333333334,北方
石家庄,2022-09-21,37.05833333333333,53.57916666666667,北方
石家庄,2022-09-22,20.6375,37.12083333333333,北方
石家庄,2022-09-23,15.691666666666668,31.137500000000003,北方
石家庄,2022-09-24,45.99583333333334,67.29166666666667,北方
石家庄,2022-09-25,51.82916666666667,74.52083333333333,北方
石家庄,2022-09-26,62.4125,90.70416666666667,北方
石家庄,2022-09-27,65.47916666666667,95.39583333333333,北方
石家庄,2022-09-28,76.28333333333333,109.43333333333334,北方
石家庄,2022-09-29,71.40416666666667,102.44583333333333,北方
石家庄,2022-09-30,52.604166666666664,75.18333333333334,北方
石家庄,2022-10-01,59.925000000000004,85.6875,北方
石家庄,2022-10-02,33.9125,48.61666666666667,北方
石家庄,2022-10-03,26.8625,38.5125,北方
石家庄,2022-10-04,12.379166666666668,17.7,北方
石家庄,2022-10-05,34.6,49.458333333333336,北方
石家庄,2022-10-06,45.862500000000004,66.12083333333334,北方
石家庄,2022-10-07,53.12083333333334,77.20833333333333,北方
石家庄,2022-10-08,41.32083333333333,65.1375,北方
石家庄,2022-10-09,5.704166666666667,8.487499999999999,北方
石家庄,2022-10-10,22.325,37.583333333333336,北方
石家庄,2022-10-11,45.52916666666667,66.625,北方
石家庄,2022-10-12,71.34166666666667,101.97916666666667,北方
石家庄,2022-10-13,110.22500000000001,157.56666666666666,北方
石家庄,2022-10-14,115.78750000000001,165.90833333333333,北方
石家庄,2022-10-15,82.58333333333333,121.96666666666665,北方
石家庄,2022-10-16,50.5375,74.00416666666666,北方
石家庄,2022-10-17,45.34166666666667,68.15833333333333,北方
石家庄,2022-10-18,35.354166666666664,51.51666666666667,北方
石家庄,2022-10-19,70.75,101.75416666666666,北方
石家庄,2022-10-20,81.45833333333333,116.89166666666667,北方
石家庄,2022-10-21,94.09166666666665,134.84583333333333,北方
石家庄,2022-10-22,40.666666666666664,78.47500000000001,北方
石家庄,2022-10-23,49.90416666666667,82.77916666666667,北方
石家庄,2022-10-24,85.21666666666667,125.70416666666667,北方
石家庄,2022-10-25,89.66250000000001,129.9625,北方
石家庄,2022-10-26,69.66250000000001,100.59583333333335,北方
石家庄,2022-10-27,50.93333333333334,75.48333333333333,北方
石家庄,2022-10-28,50.59583333333333,74.75833333333334,北方
石家庄,2022-10-29,82.24583333333334,120.91666666666667,北方
石家庄,2022-10-30,129.275,188.42499999999998,北方
石家庄,2022-10-31,57.8375,102.39166666666667,北方
石家庄,2022-11-01,74.62916666666666,116.89583333333333,北方
石家庄,2022-11-02,107.34166666666665,154.52083333333334,北方
石家庄,2022-11-03,64.21666666666667,93.97916666666667,北方
石家庄,2022-11-04,74.125,107.50833333333333,北方
石家庄,2022-11-05,92.71666666666665,133.20416666666668,北方
石家庄,2022-11-06,134.52916666666667,192.65416666666667,北方
石家庄,2022-11-07,94.77499999999999,137.33333333333334,北方
石家庄,2022-11-08,106.69583333333333,154.33333333333334,北方
石家庄,2022-11-09,152.24583333333334,218.29166666666666,北方
石家庄,2022-11-10,168.275,241.67083333333335,北方
石家庄,2022-11-11,179.61249999999998,257.35833333333335,北方
石家庄,2022-11-12,42.17916666666667,60.25833333333333,北方
石家庄,2022-11-13,27.6375,39.512499999999996,北方
石家庄,2022-11-14,57.833333333333336,84.33333333333333,北方
石家庄,2022-11-15,41.666666666666664,64.79166666666667,北方
石家庄,2022-11-16,69.41666666666667,101.4375,北方
石家庄,2022-11-17,104.425,149.73333333333332,北方
石家庄,2022-11-18,148.96666666666667,213.35,北方
石家庄,2022-11-19,114.32916666666667,166.475,北方
石家庄,2022-11-20,132.48749999999998,191.07500000000002,北方
石家庄,2022-11-21,126.825,183.51666666666665,北方
石家庄,2022-11-22,103.62083333333334,151.32916666666668,北方
石家庄,2022-11-23,72.46666666666667,104.02916666666665,北方
石家庄,2022-11-24,63.32083333333333,90.47916666666667,北方
石家庄,2022-11-25,30.754166666666666,45.74166666666667,北方
石家庄,2022-11-26,35.68333333333333,56.71666666666667,北方
石家庄,2022-11-27,54.38333333333333,79.925,北方
石家庄,2022-11-28,63.99166666666667,93.85416666666667,北方
石家庄,2022-11-29,24.8125,39.387499999999996,北方
石家庄,2022-11-30,39.69583333333333,58.44166666666666,北方
石家庄,2022-12-01,36.0375,53.02916666666667,北方
石家庄,2022-12-02,68.84166666666667,98.55,北方
石家庄,2022-12-03,77.1,121.05,北方
石家庄,2022-12-04,78.54583333333333,116.8,北方
石家庄,2022-12-05,88.47916666666667,127.64583333333333,北方
石家庄,2022-12-06,91.70416666666667,131.55416666666667,北方
石家庄,2022-12-07,96.88333333333333,138.51666666666668,北方
石家庄,2022-12-08,131.6,188.14166666666665,北方
石家庄,2022-12-09,123.85416666666667,177.38750000000002,北方
石家庄,2022-12-10,45.40833333333333,65.2625,北方
石家庄,2022-12-11,50.0875,71.55833333333334,北方
石家庄,2022-12-12,26.075,45.0625,北方
石家庄,2022-12-13,13.8125,23.745833333333334,北方
石家庄,2022-12-14,0.7250000000000001,1.0416666666666667,北方
石家庄,2022-12-15,0.7666666666666666,1.0999999999999999,北方
石家庄,2022-12-16,25.641666666666666,37.09166666666667,北方
石家庄,2022-12-17,13.5875,22.5125,北方
石家庄,2022-12-18,32.82083333333333,51.35,北方
石家庄,2022-12-19,82.40416666666667,119.87083333333334,北方
石家庄,2022-12-20,81.20833333333333,118.02916666666665,北方
石家庄,2022-12-21,37.545833333333334,57.050000000000004,北方
石家庄,2022-12-22,35.362500000000004,55.225,北方
石家庄,2022-12-23,85.2625,122.49583333333334,北方
石家庄,2022-12-24,119.46666666666665,170.83333333333334,北方
石家庄,2022-12-25,130.12916666666666,185.97916666666666,北方
石家庄,2022-12-26,103.76666666666667,148.85833333333332,北方
石家庄,2022-12-27,68.85416666666667,100.04166666666667,北方
石家庄,2022-12-28,49.00416666666666,70.39166666666667,北方
石家庄,2022-12-29,51.225,73.8875,北方
石家庄,2022-12-30,86.98333333333333,124.46249999999999,北方
石家庄,2022-12-31,71.15833333333333,101.95833333333333,北方
石家庄,2023-01-01,135.4,194.04583333333335,北方
石家庄,2023-01-02,144.07916666666668,210.77083333333334,北方
石家庄,2023-01-03,165.84166666666667,242.01666666666665,北方
石家庄,2023-01-04,143.9,209.86666666666667,北方
石家庄,2023-01-05,165.0375,237.75833333333333,北方
石家庄,2023-01-06,41.85,65.89583333333333,北方
石家庄,2023-01-07,67.83333333333333,98.74583333333334,北方
石家庄,2023-01-08,105.83749999999999,153.17083333333332,北方
石家庄,2023-01-09,87.34166666666665,127.35416666666667,北方
石家庄,2023-01-10,114.675,165.23333333333332,北方
石家庄,2023-01-11,144.1875,207.07083333333333,北方
石家庄,2023-01-12,146.9,212.1916666666667,北方
石家庄,2023-01-13,105.44583333333333,151.64166666666668,北方
石家庄,2023-01-14,36.387499999999996,52.67916666666667,北方
石家庄,2023-01-15,81.30833333333334,117.46666666666665,北方
石家庄,2023-01-16,50.54583333333333,78.23333333333333,北方
石家庄,2023-01-17,43.15,103.96249999999999,北方
石家庄,2023-01-18,48.6625,85.26666666666667,北方
石家庄,2023-01-19,33.525,77.72500000000001,北方
石家庄,2023-01-20,37.416666666666664,55.4625,北方
石家庄,2023-01-21,83.075,120.43333333333334,北方
石家庄,2023-01-22,107.4875,158.42916666666667,北方
石家庄,2023-01-23,54.61666666666667,83.72083333333333,北方
石家庄,2023-01-24,21.154166666666665,31.75,北方
石家庄,2023-01-25,64.83749999999999,93.15416666666665,北方
石家庄,2023-01-26,74.55833333333334,109.925,北方
石家庄,2023-01-27,33.62083333333333,48.8125,北方
石家庄,2023-01-28,26.925,50.23333333333333,北方
石家庄,2023-01-29,32.958333333333336,55.833333333333336,北方
石家庄,2023-01-30,76.41666666666667,111.21666666666665,北方
石家庄,2023-01-31,76.79583333333333,111.7625,北方
石家庄,2023-02-01,19.058333333333334,28.004166666666666,北方
石家庄,2023-02-02,39.454166666666666,56.51666666666667,北方
石家庄,2023-02-03,105.75416666666666,152.0375,北方
石家庄,2023-02-04,90.22083333333335,131.56666666666666,北方
石家庄,2023-02-05,119.16666666666667,171.30416666666667,北方
石家庄,2023-02-06,138.52083333333334,200.00833333333333,北方
石家庄,2023-02-07,125.34166666666665,182.90833333333333,北方
石家庄,2023-02-08,88.84166666666665,128.63750000000002,北方
石家庄,2023-02-09,84.27083333333333,121.7625,北方
石家庄,2023-02-10,94.10416666666667,136.31666666666666,北方
石家庄,2023-02-11,99.60833333333333,143.92916666666667,北方
石家庄,2023-02-12,48.9,70.67083333333333,北方
石家庄,2023-02-13,57.90416666666667,84.34583333333333,北方
石家庄,2023-02-14,96.77499999999999,139.025,北方
石家庄,2023-02-15,113.97916666666667,164.2875,北方
石家庄,2023-02-16,122.15416666666665,176.225,北方
石家庄,2023-02-17,146.48333333333332,210.5583333333333,北方
石家庄,2023-02-18,125.42083333333333,181.99166666666667,北方
石家庄,2023-02-19,35.333333333333336,57.87916666666666,北方
石家庄,2023-02-20,37.75416666666667,55.9125,北方
石家庄,2023-02-21,44.67083333333333,64.47500000000001,北方
石家庄,2023-02-22,76.24166666666666,109.72500000000001,北方
石家庄,2023-02-23,90.5125,129.82500000000002,北方
石家庄,2023-02-24,91.9375,133.28333333333333,北方
石家庄,2023-02-25,92.17916666666667,133.63750000000002,北方
石家庄,2023-02-26,114.46249999999999,165.77916666666667,北方
石家庄,2023-02-27,105.56666666666666,152.0,北方
石家庄,2023-02-28,86.15416666666665,128.63750000000002,北方
石家庄,2023-03-01,53.3125,83.6375,北方
石家庄,2023-03-02,62.887499999999996,91.50416666666666,北方
石家庄,2023-03-03,37.800000000000004,56.87083333333334,北方
石家庄,2023-03-04,39.041666666666664,60.27916666666667,北方
石家庄,2023-03-05,77.22500000000001,113.39999999999999,北方
石家庄,2023-03-06,55.82916666666667,85.91666666666667,北方
石家庄,2023-03-07,59.07083333333333,87.30416666666667,北方
石家庄,2023-03-08,46.81666666666666,74.28750000000001,北方
石家庄,2023-03-09,34.608333333333334,55.25833333333333,北方
石家庄,2023-03-10,40.49166666666667,65.46666666666667,北方
石家庄,2023-03-11,31.5125,49.31666666666666,北方
石家庄,2023-03-12,18.729166666666668,29.245833333333334,北方
石家庄,2023-03-13,29.224999999999998,43.824999999999996,北方
石家庄,2023-03-14,33.704166666666666,49.916666666666664,北方
石家庄,2023-03-15,20.445833333333333,42.612500000000004,北方
石家庄,2023-03-16,41.891666666666666,62.93333333333334,北方
石家庄,2023-03-17,53.18333333333334,79.12083333333334,北方
石家庄,2023-03-18,57.57083333333333,84.35833333333333,北方
石家庄,2023-03-19,93.39999999999999,135.9625,北方
石家庄,2023-03-20,96.35416666666667,139.0,北方
石家庄,2023-03-21,91.24583333333334,131.01666666666668,北方
石家庄,2023-03-22,47.34583333333333,116.5125,北方
石家庄,2023-03-23,37.72083333333333,58.47083333333333,北方
石家庄,2023-03-24,51.75416666666666,78.00416666666666,北方
石家庄,2023-03-25,61.77916666666667,92.83333333333333,北方
石家庄,2023-03-26,79.96249999999999,118.94166666666666,北方
石家庄,2023-03-27,48.354166666666664,75.625,北方
石家庄,2023-03-28,70.99583333333334,104.8125,北方
石家庄,2023-03-29,72.74166666666666,105.34166666666665,北方
石家庄,2023-03-30,69.98333333333333,101.075,北方
石家庄,2023-03-31,65.43333333333334,94.25,北方
石家庄,2023-04-01,63.22083333333333,90.97916666666667,北方
石家庄,2023-04-02,69.07083333333334,99.27083333333333,北方
石家庄,2023-04-03,62.34583333333333,90.50833333333333,北方
石家庄,2023-04-04,30.179166666666664,44.18333333333334,北方
石家庄,2023-04-05,35.708333333333336,51.21666666666667,北方
石家庄,2023-04-06,25.84583333333333,39.020833333333336,北方
石家庄,2023-04-07,24.845833333333335,46.72083333333333,北方
石家庄,2023-04-08,25.429166666666664,39.550000000000004,北方
石家庄,2023-04-09,51.800000000000004,80.7625,北方
石家庄,2023-04-10,40.69583333333333,65.82916666666667,北方
石家庄,2023-04-11,31.425,83.875,北方
石家庄,2023-04-12,62.24583333333334,98.69583333333333,北方
石家庄,2023-04-13,58.9375,89.17083333333333,北方
石家庄,2023-04-14,30.270833333333332,79.925,北方
石家庄,2023-04-15,24.683333333333334,55.875,北方
石家庄,2023-04-16,36.42916666666667,61.8375,北方
石家庄,2023-04-17,63.89166666666667,93.17083333333333,北方
石家庄,2023-04-18,69.1125,103.19166666666666,北方
石家庄,2023-04-19,84.71666666666667,125.15833333333335,北方
石家庄,2023-04-20,62.708333333333336,98.42916666666667,北方
石家庄,2023-04-21,45.37083333333334,72.825,北方
石家庄,2023-04-22,19.258333333333333,28.65833333333333,北方
石家庄,2023-04-23,42.00833333333333,62.35,北方
石家庄,2023-04-24,31.40416666666667,47.387499999999996,北方
石家庄,2023-04-25,21.370833333333334,32.858333333333334,北方
石家庄,2023-04-26,38.708333333333336,55.958333333333336,北方
石家庄,2023-04-27,63.75,93.8875,北方
石家庄,2023-04-28,28.3125,57.387499999999996,北方
石家庄,2023-04-29,14.554166666666667,26.349999999999998,北方
石家庄,2023-04-30,24.2375,45.354166666666664,北方
石家庄,2023-05-01,31.97083333333333,46.949999999999996,北方
石家庄,2023-05-02,41.795833333333334,59.854166666666664,北方
石家庄,2023-05-03,62.550000000000004,89.50416666666666,北方
石家庄,2023-05-04,34.1,50.020833333333336,北方
石家庄,2023-05-05,35.44166666666667,50.80833333333334,北方
石家庄,2023-05-06,36.362500000000004,52.25416666666666,北方
石家庄,2023-05-07,36.65,52.92916666666667,北方
石家庄,2023-05-08,47.01666666666667,67.34583333333333,北方
石家庄,2023-05-09,46.666666666666664,66.8125,北方
石家庄,2023-05-10,59.90833333333333,85.79583333333333,北方
石家庄,2023-05-11,53.44583333333333,76.69583333333334,北方
石家庄,2023-05-12,35.016666666666666,61.145833333333336,北方
石家庄,2023-05-13,35.49583333333333,59.612500000000004,北方
石家庄,2023-05-14,49.81666666666666,77.04583333333333,北方
石家庄,2023-05-15,34.395833333333336,53.708333333333336,北方
石家庄,2023-05-16,43.324999999999996,63.31666666666666,北方
石家庄,2023-05-17,68.18333333333334,99.51666666666667,北方
石家庄,2023-05-18,45.333333333333336,68.11666666666666,北方
石家庄,2023-05-19,77.27083333333333,112.82916666666667,北方
石家庄,2023-05-20,57.92083333333333,98.675,北方
石家庄,2023-05-21,20.4875,43.12083333333334,北方
石家庄,2023-05-22,18.329166666666666,30.03333333333333,北方
石家庄,2023-05-23,27.995833333333334,40.5375,北方
石家庄,2023-05-24,36.329166666666666,52.75833333333333,北方
石家庄,2023-05-25,37.40416666666667,64.7625,北方
石家庄,2023-05-26,66.66666666666667,98.89999999999999,北方
石家庄,2023-05-27,56.37083333333334,85.1125,北方
石家庄,2023-05-28,47.854166666666664,70.10833333333333,北方
石家庄,2023-05-29,61.708333333333336,89.89583333333333,北方
石家庄,2023-05-30,64.64999999999999,93.52499999999999,北方
石家庄,2023-05-31,82.69583333333334,120.34583333333335,北方
石家庄,2023-06-01,26.295833333333334,44.199999999999996,北方
石家庄,2023-06-02,20.475,33.0,北方
石家庄,2023-06-03,36.77916666666667,52.92916666666667,北方
石家庄,2023-06-04,44.70416666666667,65.58333333333333,北方
石家庄,2023-06-05,40.858333333333334,60.02916666666667,北方
石家庄,2023-06-06,22.679166666666664,41.12083333333333,北方
石家庄,2023-06-07,24.291666666666668,41.199999999999996,北方
石家庄,2023-06-08,19.383333333333333,35.045833333333334,北方
石家庄,2023-06-09,18.679166666666667,33.30833333333333,北方
石家庄,2023-06-10,20.787499999999998,33.24583333333333,北方
石家庄,2023-06-11,34.50833333333333,49.73333333333333,北方
石家庄,2023-06-12,38.954166666666666,56.4375,北方
石家庄,2023-06-13,37.920833333333334,54.23333333333333,北方
石家庄,2023-06-14,32.34583333333333,46.21666666666667,北方
石家庄,2023-06-15,37.895833333333336,54.199999999999996,北方
石家庄,2023-06-16,43.137499999999996,61.645833333333336,北方
石家庄,2023-06-17,56.291666666666664,80.58749999999999,北方
石家庄,2023-06-18,60.824999999999996,87.05,北方
石家庄,2023-06-19,33.016666666666666,47.25833333333333,北方
石家庄,2023-06-20,42.70416666666667,65.3625,北方
石家庄,2023-06-21,18.754166666666666,26.9375,北方
石家庄,2023-06-22,30.46666666666667,43.541666666666664,北方
石家庄,2023-06-23,40.78333333333333,58.275,北方
石家庄,2023-06-24,25.59583333333333,36.9625,北方
石家庄,2023-06-25,56.1875,80.7,北方
石家庄,2023-06-26,68.52083333333333,98.83333333333333,北方
石家庄,2023-06-27,48.512499999999996,70.225,北方
石家庄,2023-06-28,48.050000000000004,70.21249999999999,北方
石家庄,2023-06-29,49.025,84.02499999999999,北方
石家庄,2023-06-30,29.650000000000002,48.6875,北方
石家庄,2023-07-01,27.25,39.9375,北方
石家庄,2023-07-02,53.42916666666667,76.9875,北方
石家庄,2023-07-03,70.35416666666667,101.42083333333333,北方
石家庄,2023-07-04,33.59166666666667,62.925000000000004,北方
石家庄,2023-07-05,18.925,39.0375,北方
石家庄,2023-07-06,26.5625,43.12083333333334,北方
石家庄,2023-07-07,23.90833333333333,49.36666666666667,北方
石家庄,2023-07-08,18.454166666666666,33.87916666666667,北方
石家庄,2023-07-09,23.6375,37.00416666666667,北方
石家庄,2023-07-10,34.37916666666667,51.887499999999996,北方
石家庄,2023-07-11,47.800000000000004,71.24583333333334,北方
石家庄,2023-07-12,29.46666666666667,42.483333333333334,北方
石家庄,2023-07-13,42.49166666666667,61.25833333333333,北方
石家庄,2023-07-14,23.195833333333336,51.262499999999996,北方
石家庄,2023-07-15,13.641666666666666,23.816666666666666,北方
石家庄,2023-07-16,21.125,30.400000000000002,北方
石家庄,2023-07-17,26.77916666666667,38.38333333333333,北方
石家庄,2023-07-18,43.612500000000004,62.64166666666667,北方
石家庄,2023-07-19,52.49166666666667,75.67083333333333,北方
石家庄,2023-07-20,41.42916666666667,60.22083333333333,北方
石家庄,2023-07-21,34.612500000000004,49.8125,北方
石家庄,2023-07-22,45.137499999999996,65.78333333333333,北方
石家庄,2023-07-23,70.23333333333333,104.15416666666665,北方
石家庄,2023-07-24,81.36666666666666,119.63333333333333,北方
石家庄,2023-07-25,77.92916666666666,114.54166666666667,北方
石家庄,2023-07-26,55.262499999999996,81.52083333333333,北方
石家庄,2023-07-27,54.9375,83.33749999999999,北方
石家庄,2023-07-28,90.83333333333333,139.61666666666667,北方
石家庄,2023-07-29,46.09583333333333,68.37916666666666,北方
石家庄,2023-07-30,10.004166666666666,14.245833333333332,北方
石家庄,2023-07-31,28.204166666666666,40.295833333333334,北方
石家庄,2023-08-01,39.19583333333333,56.175000000000004,北方
石家庄,2023-08-02,46.48333333333333,67.425,北方
石家庄,2023-08-03,64.19166666666666,92.6375,北方
石家庄,2023-08-04,80.71666666666667,115.58749999999999,北方
石家庄,2023-08-05,38.833333333333336,61.666666666666664,北方
石家庄,2023-08-06,43.36666666666667,66.13333333333334,北方
石家庄,2023-08-07,40.262499999999996,59.166666666666664,北方
石家庄,2023-08-08,59.85833333333333,90.03333333333335,北方
石家庄,2023-08-09,63.57916666666667,102.13333333333333,北方
石家庄,2023-08-10,72.20833333333333,128.25833333333333,北方
石家庄,2023-08-11,85.05416666666666,127.3875,北方
石家庄,2023-08-12,69.52499999999999,102.7625,北方
石家庄,2023-08-13,60.275,87.00833333333333,北方
石家庄,2023-08-14,52.699999999999996,75.625,北方
石家庄,2023-08-15,59.92916666666667,86.08333333333333,北方
石家庄,2023-08-16,76.55,110.62916666666666,北方
石家庄,2023-08-17,90.45,132.3375,北方
石家庄,2023-08-18,66.1125,109.22916666666667,北方
石家庄,2023-08-19,62.94166666666666,100.19583333333333,北方
石家庄,2023-08-20,59.449999999999996,87.96666666666665,北方
石家庄,2023-08-21,52.38333333333333,75.53333333333333,北方
石家庄,2023-08-22,36.44583333333333,58.73333333333333,北方
石家庄,2023-08-23,45.50833333333333,68.325,北方
石家庄,2023-08-24,48.770833333333336,71.02499999999999,北方
石家庄,2023-08-25,79.72083333333333,116.69583333333333,北方
石家庄,2023-08-26,44.55416666666667,66.30833333333334,北方
石家庄,2023-08-27,25.758333333333336,37.5,北方
石家庄,2023-08-28,27.954166666666666,40.204166666666666,北方
石家庄,2023-08-29,48.824999999999996,70.23333333333333,北方
石家庄,2023-08-30,56.61666666666667,82.60000000000001,北方
石家庄,2023-08-31,68.14999999999999,98.33333333333333,北方
石家庄,2023-09-01,80.4375,120.27916666666665,北方
石家庄,2023-09-02,113.69166666666666,166.1,北方
石家庄,2023-09-03,107.81666666666666,155.375,北方
石家庄,2023-09-04,113.58333333333333,164.77916666666667,北方
石家庄,2023-09-05,106.95,156.15833333333333,北方
石家庄,2023-09-06,99.22916666666667,149.30833333333334,北方
石家庄,2023-09-07,77.74166666666666,119.03333333333335,北方
石家庄,2023-09-08,94.69166666666666,140.14583333333334,北方
石家庄,2023-09-09,75.9875,109.925,北方
石家庄,2023-09-10,50.49166666666667,73.3,北方
石家庄,2023-09-11,75.95,110.95833333333333,北方
石家庄,2023-09-12,36.24583333333333,56.89166666666667,北方
石家庄,2023-09-13,48.64166666666667,76.89166666666667,北方
石家庄,2023-09-14,48.31666666666666,72.90833333333333,北方
石家庄,2023-09-15,61.44583333333333,89.28750000000001,北方
石家庄,2023-09-16,86.74166666666667,126.51666666666667,北方
石家庄,2023-09-17,90.7625,132.51666666666668,北方
石家庄,2023-09-18,71.14583333333333,106.86666666666667,北方
石家庄,2023-09-19,43.97083333333333,71.05,北方
石家庄,2023-09-20,33.050000000000004,49.550000000000004,北方
石家庄,2023-09-21,36.916666666666664,53.824999999999996,北方
石家庄,2023-09-22,48.5,71.10000000000001,北方
石家庄,2023-09-23,26.1875,39.0,北方
石家庄,2023-09-24,39.104166666666664,58.20416666666667,北方
石家庄,2023-09-25,51.39166666666667,74.74583333333334,北方
石家庄,2023-09-26,57.5875,83.23333333333333,北方
石家庄,2023-09-27,53.85833333333333,79.825,北方
石家庄,2023-09-28,75.19166666666666,117.58749999999999,北方
石家庄,2023-09-29,56.487500000000004,90.78333333333335,北方
石家庄,2023-09-30,20.2375,37.65416666666667,北方
石家庄,2023-10-01,29.629166666666666,46.237500000000004,北方
石家庄,2023-10-02,33.766666666666666,49.4375,北方
石家庄,2023-10-03,57.19166666666666,84.7,北方
石家庄,2023-10-04,48.475,76.24583333333334,北方
石家庄,2023-10-05,34.333333333333336,50.35833333333333,北方
石家庄,2023-10-06,38.266666666666666,55.26666666666667,北方
石家庄,2023-10-07,44.1875,63.57916666666667,北方
石家庄,2023-10-08,38.300000000000004,60.9,北方
石家庄,2023-10-09,22.212500000000002,36.762499999999996,北方
石家庄,2023-10-10,29.929166666666664,43.32916666666667,北方
石家庄,2023-10-11,54.90833333333333,79.47500000000001,北方
石家庄,2023-10-12,65.50833333333334,95.29583333333333,北方
石家庄,2023-10-13,66.21666666666667,99.59583333333335,北方
石家庄,2023-10-14,50.708333333333336,77.50833333333334,北方
石家庄,2023-10-15,37.104166666666664,57.050000000000004,北方
石家庄,2023-10-16,42.94166666666666,66.92083333333333,北方
石家庄,2023-10-17,70.64999999999999,105.17083333333333,北方
石家庄,2023-10-18,39.3375,59.708333333333336,北方
石家庄,2023-10-19,21.275,39.0625,北方
石家庄,2023-10-20,22.691666666666666,34.979166666666664,北方
石家庄,2023-10-21,28.883333333333336,41.9375,北方
石家庄,2023-10-22,45.86666666666667,67.94166666666666,北方
石家庄,2023-10-23,58.53333333333333,84.6375,北方
石家庄,2023-10-24,45.24166666666667,68.11666666666666,北方
石家庄,2023-10-25,37.800000000000004,59.1875,北方
石家庄,2023-10-26,29.59583333333333,44.85833333333333,北方
石家庄,2023-10-27,48.32916666666667,73.33749999999999,北方
石家庄,2023-10-28,83.3875,124.0,北方
石家庄,2023-10-29,131.05833333333334,193.10416666666666,北方
石家庄,2023-10-30,132.31666666666666,197.025,北方
石家庄,2023-10-31,91.5,134.14583333333334,北方
石家庄,2023-11-01,84.05833333333334,121.16250000000001,北方
石家庄,2023-11-02,75.73333333333333,110.47916666666667,北方
石家庄,2023-11-03,26.629166666666666,38.887499999999996,北方
石家庄,2023-11-04,47.762499999999996,72.11666666666666,北方
石家庄,2023-11-05,26.15416666666667,40.65833333333333,北方
石家庄,2023-11-06,20.849999999999998,39.237500000000004,北方
石家庄,2023-11-07,40.112500000000004,57.354166666666664,北方
石家庄,2023-11-08,64.52499999999999,92.375,北方
石家庄,2023-11-09,25.566666666666666,39.38333333333333,北方
石家庄,2023-11-10,26.6125,39.0625,北方
石家庄,2023-11-11,39.93333333333333,60.30833333333334,北方
石家庄,2023-11-12,44.9375,66.75416666666666,北方
石家庄,2023-11-13,62.1875,89.77499999999999,北方
石家庄,2023-11-14,83.925,121.16250000000001,北方
石家庄,2023-11-15,64.24166666666666,96.77499999999999,北方
石家庄,2023-11-16,14.549999999999999,27.258333333333336,北方
石家庄,2023-11-17,35.550000000000004,61.862500000000004,北方
石家庄,2023-11-18,55.15416666666667,80.55,北方
石家庄,2023-11-19,53.9375,85.98333333333333,北方
石家庄,2023-11-20,83.20416666666667,126.12916666666666,北方
石家庄,2023-11-21,106.62916666666666,156.6,北方
石家庄,2023-11-22,51.24166666666667,84.75833333333334,北方
石家庄,2023-11-23,15.6875,23.9875,北方
石家庄,2023-11-24,30.870833333333334,44.175000000000004,北方
石家庄,2023-11-25,50.375,72.46249999999999,北方
石家庄,2023-11-26,85.58333333333333,123.38333333333333,北方
石家庄,2023-11-27,31.650000000000002,51.083333333333336,北方
石家庄,2023-11-28,38.862500000000004,55.80416666666667,北方
石家庄,2023-11-29,30.650000000000002,43.94166666666666,北方
石家庄,2023-11-30,36.266666666666666,52.36666666666667,北方
石家庄,2023-12-01,29.191666666666666,42.612500000000004,北方
石家庄,2023-12-02,43.28333333333333,63.17083333333333,北方
石家庄,2023-12-03,70.62916666666666,101.55416666666667,北方
石家庄,2023-12-04,70.40833333333333,101.47500000000001,北方
石家庄,2023-12-05,76.0,110.63333333333333,北方
石家庄,2023-12-06,27.825,54.5625,北方
石家庄,2023-12-07,42.516666666666666,61.57916666666667,北方
石家庄,2023-12-08,42.12916666666667,62.85833333333333,北方
石家庄,2023-12-09,40.333333333333336,60.07083333333333,北方
石家庄,2023-12-10,28.558333333333334,42.35,北方
石家庄,2023-12-11,34.49166666666667,50.27916666666667,北方
石家庄,2023-12-12,54.29583333333333,78.83749999999999,北方
石家庄,2023-12-13,47.55416666666667,68.35000000000001,北方
石家庄,2023-12-14,25.724999999999998,37.550000000000004,北方
石家庄,2023-12-15,42.166666666666664,46.49166666666667,北方
石家庄,2023-12-16,20.791666666666668,29.7625,北方
石家庄,2023-12-17,55.729166666666664,79.69166666666666,北方
石家庄,2023-12-18,110.16666666666667,157.79166666666666,北方
石家庄,2023-12-19,60.35833333333333,87.84583333333335,北方
石家庄,2023-12-20,42.38333333333333,60.699999999999996,北方
石家庄,2023-12-21,25.65833333333333,36.62083333333333,北方
石家庄,2023-12-22,60.916666666666664,86.95,北方
石家庄,2023-12-23,68.38333333333334,98.60416666666667,北方
石家庄,2023-12-24,56.958333333333336,81.88333333333334,北方
石家庄,2023-12-25,89.45833333333333,129.05833333333334,北方
石家庄,2023-12-26,86.75,125.52916666666665,北方
石家庄,2023-12-27,76.84166666666667,111.50833333333333,北方
石家庄,2023-12-28,153.875,226.55416666666667,北方
石家庄,2023-12-29,182.76250000000002,269.83750000000003,北方
石家庄,2023-12-30,117.33333333333333,175.13333333333333,北方
石家庄,2023-12-31,41.416666666666664,59.40833333333333,北方
石家庄,2024-01-01,86.59583333333335,124.29166666666667,北方
石家庄,2024-01-02,91.39999999999999,132.85,北方
石家庄,2024-01-03,39.61666666666667,58.387499999999996,北方
石家庄,2024-01-04,70.47500000000001,101.79583333333333,北方
石家庄,2024-01-05,77.99166666666666,112.89583333333333,北方
石家庄,2024-01-06,43.82916666666667,63.82083333333333,北方
石家庄,2024-01-07,73.1375,104.71666666666665,北方
石家庄,2024-01-08,107.4875,153.89166666666668,北方
石家庄,2024-01-09,116.66666666666667,170.30833333333334,北方
石家庄,2024-01-10,83.45,123.25,北方
石家庄,2024-01-11,84.52916666666667,123.125,北方
石家庄,2024-01-12,156.65833333333333,232.1291666666667,北方
石家庄,2024-01-13,155.72083333333333,237.9375,北方
石家庄,2024-01-14,73.47500000000001,111.33333333333333,北方
石家庄,2024-01-15,69.0375,99.28333333333335,北方
石家庄,2024-01-16,77.47500000000001,111.60833333333333,北方
石家庄,2024-01-17,78.22916666666667,112.60416666666667,北方
石家庄,2024-01-18,95.72500000000001,138.1625,北方
石家庄,2024-01-19,72.74166666666666,107.57916666666667,北方
石家庄,2024-01-20,73.68333333333334,109.16666666666667,北方
石家庄,2024-01-21,51.275,74.83749999999999,北方
石家庄,2024-01-22,25.40833333333333,36.237500000000004,北方
石家庄,2024-01-23,41.520833333333336,59.31666666666666,北方
石家庄,2024-01-24,43.77916666666667,62.68333333333334,北方
石家庄,2024-01-25,57.03333333333333,81.76666666666667,北方
石家庄,2024-01-26,52.95416666666667,77.65416666666667,北方
石家庄,2024-01-27,74.84166666666667,109.64999999999999,北方
石家庄,2024-01-28,62.895833333333336,91.74166666666667,北方
石家庄,2024-01-29,108.45416666666667,158.3375,北方
石家庄,2024-01-30,104.825,159.97916666666666,北方
石家庄,2024-01-31,99.50833333333333,151.45833333333334,北方
石家庄,2024-02-01,52.63333333333333,78.48333333333333,北方
石家庄,2024-02-02,63.95416666666667,93.21666666666665,北方
石家庄,2024-02-03,96.72083333333335,141.57083333333333,北方
石家庄,2024-02-04,111.82083333333333,162.8375,北方
石家庄,2024-02-05,93.25416666666666,136.4,北方
石家庄,2024-02-06,107.95,157.77083333333334,北方
石家庄,2024-02-07,132.5,194.1208333333333,北方
石家庄,2024-02-08,118.13333333333333,172.41666666666666,北方
石家庄,2024-02-09,70.36666666666666,105.78750000000001,北方
石家庄,2024-02-10,72.6375,107.90833333333335,北方
石家庄,2024-02-11,46.93333333333334,71.86666666666666,北方
石家庄,2024-02-12,81.57916666666667,119.75833333333333,北方
石家庄,2024-02-13,89.93333333333334,130.1,北方
石家庄,2024-02-14,92.36666666666667,136.25833333333335,北方
石家庄,2024-02-15,58.9625,90.8625,北方
石家庄,2024-02-16,47.4375,72.07916666666667,北方
石家庄,2024-02-17,69.76666666666667,103.25416666666666,北方
石家庄,2024-02-18,62.987500000000004,91.11666666666667,北方
石家庄,2024-02-19,20.379166666666666,30.366666666666664,北方
石家庄,2024-02-20,22.979166666666668,34.391666666666666,北方
石家庄,2024-02-21,34.920833333333334,52.25416666666666,北方
石家庄,2024-02-22,38.458333333333336,56.208333333333336,北方
石家庄,2024-02-23,57.24166666666667,82.77916666666667,北方
石家庄,2024-02-24,62.833333333333336,91.64999999999999,北方
石家庄,2024-02-25,71.85833333333333,106.95416666666667,北方
石家庄,2024-02-26,83.6875,125.9375,北方
石家庄,2024-02-27,91.43333333333334,135.2875,北方
石家庄,2024-02-28,110.1125,165.37916666666666,北方
石家庄,2024-02-29,73.675,113.70416666666667,北方
石家庄,2024-03-01,47.47083333333333,71.52083333333333,北方
石家庄,2024-03-02,26.670833333333334,55.14166666666666,北方
石家庄,2024-03-03,44.824999999999996,76.02083333333333,北方
石家庄,2024-03-04,48.041666666666664,84.18333333333334,北方
石家庄,2024-03-05,67.8625,114.5125,北方
石家庄,2024-03-06,72.9875,117.50833333333333,北方
石家庄,2024-03-07,47.55833333333334,92.91666666666667,北方
石家庄,2024-03-08,26.241666666666664,39.43333333333333,北方
石家庄,2024-03-09,57.895833333333336,84.50416666666666,北方
石家庄,2024-03-10,80.95833333333333,123.21666666666665,北方
石家庄,2024-03-11,34.50416666666667,73.17083333333333,北方
石家庄,2024-03-12,40.5375,66.01666666666667,北方
石家庄,2024-03-13,49.32083333333333,75.40416666666667,北方
石家庄,2024-03-14,52.199999999999996,88.40416666666665,北方
石家庄,2024-03-15,56.68333333333334,90.84583333333335,北方
石家庄,2024-03-16,41.90833333333333,84.44166666666666,北方
石家庄,2024-03-17,13.979166666666666,35.358333333333334,北方
石家庄,2024-03-18,29.087500000000002,72.79583333333333,北方
石家庄,2024-03-19,16.304166666666667,46.42083333333333,北方
石家庄,2024-03-20,19.8,31.974999999999998,北方
石家庄,2024-03-21,50.75416666666666,77.22083333333333,北方
石家庄,2024-03-22,45.18333333333334,100.47916666666667,北方
石家庄,2024-03-23,45.5875,77.93333333333334,北方
石家庄,2024-03-24,53.55416666666667,84.05416666666666,北方
石家庄,2024-03-25,25.525000000000002,39.975,北方
石家庄,2024-03-26,71.27499999999999,116.92083333333333,北方
石家庄,2024-03-27,57.4375,92.65416666666665,北方
石家庄,2024-03-28,34.199999999999996,105.57083333333333,北方
石家庄,2024-03-29,30.958333333333332,96.94166666666666,北方
石家庄,2024-03-30,20.504166666666666,49.78333333333333,北方
石家庄,2024-03-31,41.725,70.90833333333333,北方
石家庄,2024-04-01,53.9375,86.27916666666665,北方
石家庄,2024-04-02,79.94583333333334,134.17499999999998,北方
石家庄,2024-04-03,86.41666666666667,151.82500000000002,北方
石家庄,2024-04-04,45.49166666666667,71.09166666666667,北方
石家庄,2024-04-05,53.42916666666667,81.15416666666667,北方
石家庄,2024-04-06,67.41250000000001,109.04583333333333,北方
石家庄,2024-04-07,59.166666666666664,99.40833333333335,北方
石家庄,2024-04-08,65.74166666666666,108.0625,北方
石家庄,2024-04-09,32.85,55.020833333333336,北方
石家庄,2024-04-10,73.78333333333333,114.25416666666666,北方
石家庄,2024-04-11,70.14166666666667,110.12083333333334,北方
石家庄,2024-04-12,47.9,72.07916666666667,北方
石家庄,2024-04-13,41.28333333333333,60.51666666666667,北方
石家庄,2024-04-14,42.125,61.86666666666667,北方
石家庄,2024-04-15,31.258333333333336,69.50416666666666,北方
石家庄,2024-04-16,24.208333333333332,42.975,北方
石家庄,2024-04-17,55.375,91.09583333333335,北方
石家庄,2024-04-18,70.93333333333334,111.7625,北方
石家庄,2024-04-19,44.333333333333336,66.30833333333334,北方
石家庄,2024-04-20,42.03333333333333,64.35833333333333,北方
石家庄,2024-04-21,57.979166666666664,86.92916666666667,北方
石家庄,2024-04-22,79.10416666666667,125.05833333333334,北方
石家庄,2024-04-23,32.229166666666664,56.24166666666667,北方
石家庄,2024-04-24,24.929166666666664,38.44583333333333,北方
石家庄,2024-04-25,31.3,52.46666666666667,北方
石家庄,2024-04-26,57.92083333333333,88.875,北方
石家庄,2024-04-27,83.8125,129.19583333333333,北方
石家庄,2024-04-28,54.775,88.16666666666667,北方
石家庄,2024-04-29,39.300000000000004,63.49166666666667,北方
石家庄,2024-04-30,28.025000000000002,48.050000000000004,北方
石家庄,2024-05-01,26.662499999999998,44.44583333333333,北方
石家庄,2024-05-02,37.52916666666667,56.637499999999996,北方
石家庄,2024-05-03,42.1875,61.645833333333336,北方
石家庄,2024-05-04,39.670833333333334,59.84583333333333,北方
石家庄,2024-05-05,47.737500000000004,71.94166666666666,北方
石家庄,2024-05-06,47.708333333333336,80.73333333333333,北方
石家庄,2024-05-07,48.10833333333333,75.54583333333333,北方
石家庄,2024-05-08,48.45416666666667,71.58333333333333,北方
石家庄,2024-05-09,46.99166666666667,68.88333333333334,北方
石家庄,2024-05-10,37.69583333333333,57.54583333333333,北方
石家庄,2024-05-11,19.758333333333333,54.02916666666667,北方
石家庄,2024-05-12,19.979166666666668,49.583333333333336,北方
石家庄,2024-05-13,37.354166666666664,61.84583333333333,北方
石家庄,2024-05-14,38.3125,57.833333333333336,北方
石家庄,2024-05-15,8.870833333333334,13.666666666666666,北方
石家庄,2024-05-16,32.137499999999996,49.987500000000004,北方
石家庄,2024-05-17,33.6625,54.59583333333333,北方
石家庄,2024-05-18,69.0125,102.825,北方
石家庄,2024-05-19,82.43333333333334,125.47500000000001,北方
石家庄,2024-05-20,50.60833333333333,77.33749999999999,北方
石家庄,2024-05-21,65.74166666666666,97.19166666666666,北方
石家庄,2024-05-22,70.53750000000001,104.0125,北方
石家庄,2024-05-23,61.07083333333333,91.03750000000001,北方
石家庄,2024-05-24,48.20416666666667,73.3875,北方
石家庄,2024-05-25,52.333333333333336,78.24166666666666,北方
石家庄,2024-05-26,31.200000000000003,47.675000000000004,北方
石家庄,2024-05-27,24.083333333333332,41.28333333333333,北方
石家庄,2024-05-28,40.44166666666667,59.225,北方
石家庄,2024-05-29,39.420833333333334,56.67916666666667,北方
石家庄,2024-05-30,25.516666666666666,57.78333333333333,北方
石家庄,2024-05-31,17.883333333333333,37.670833333333334,北方
石家庄,2024-06-01,27.3125,40.1625,北方
石家庄,2024-06-02,39.28333333333333,61.56666666666666,北方
石家庄,2024-06-03,60.54583333333333,110.7625,北方
石家庄,2024-06-04,59.770833333333336,95.39999999999999,北方
石家庄,2024-06-05,56.104166666666664,85.41666666666667,北方
石家庄,2024-06-06,63.36666666666667,93.32083333333334,北方
石家庄,2024-06-07,61.86666666666667,91.58749999999999,北方
石家庄,2024-06-08,39.4375,67.24583333333334,北方
石家庄,2024-06-09,32.55833333333333,52.5875,北方
石家庄,2024-06-10,39.4,62.487500000000004,北方
石家庄,2024-06-11,38.829166666666666,67.16250000000001,北方
石家庄,2024-06-12,36.25416666666667,75.7,北方
石家庄,2024-06-13,47.175000000000004,76.14999999999999,北方
石家庄,2024-06-14,57.42083333333333,94.31666666666666,北方
石家庄,2024-06-15,31.662499999999998,50.23333333333333,北方
石家庄,2024-06-16,42.675000000000004,68.66666666666667,北方
石家庄,2024-06-17,49.01666666666667,73.80416666666666,北方
石家庄,2024-06-18,47.24166666666667,70.35416666666667,北方
石家庄,2024-06-19,43.7875,64.49583333333334,北方
石家庄,2024-06-20,44.55416666666667,65.07916666666667,北方
石家庄,2024-06-21,53.17083333333333,78.2,北方
石家庄,2024-06-22,44.85,95.87083333333334,北方
石家庄,2024-06-23,21.125,58.5375,北方
石家庄,2024-06-24,17.254166666666666,25.650000000000002,北方
石家庄,2024-06-25,17.595833333333335,25.22083333333333,北方
石家庄,2024-06-26,32.44583333333333,48.60833333333333,北方
石家庄,2024-06-27,28.616666666666664,42.65833333333333,北方
石家庄,2024-06-28,42.67916666666667,63.5,北方
石家庄,2024-06-29,46.17083333333333,68.3875,北方
石家庄,2024-06-30,76.95416666666667,118.51666666666667,北方
石家庄,2024-07-01,54.28333333333333,84.30833333333334,北方
石家庄,2024-07-02,47.49166666666667,68.27916666666667,北方
石家庄,2024-07-03,81.875,118.82083333333333,北方
石家庄,2024-07-04,97.67916666666667,143.9,北方
石家庄,2024-07-05,98.425,142.54583333333332,北方
石家庄,2024-07-06,74.69166666666666,108.39583333333333,北方
石家庄,2024-07-07,76.09166666666667,110.00833333333333,北方
石家庄,2024-07-08,78.30416666666666,113.65833333333335,北方
石家庄,2024-07-09,67.71249999999999,99.49166666666667,北方
石家庄,2024-07-10,77.31666666666666,112.25,北方
石家庄,2024-07-11,69.675,100.27499999999999,北方
石家庄,2024-07-12,82.8,120.125,北方
石家庄,2024-07-13,62.833333333333336,91.61666666666667,北方
石家庄,2024-07-14,107.79166666666667,157.72083333333333,北方
石家庄,2024-07-15,91.53750000000001,134.1,北方
石家庄,2024-07-16,78.97916666666667,114.43333333333334,北方
石家庄,2024-07-17,62.34583333333333,93.37916666666666,北方
石家庄,2024-07-18,39.916666666666664,60.40416666666667,北方
石家庄,2024-07-19,46.79583333333333,67.04166666666667,北方
石家庄,2024-07-20,43.98333333333333,63.85833333333333,北方
石家庄,2024-07-21,46.425000000000004,66.575,北方
石家庄,2024-07-22,65.19166666666666,94.8125,北方
石家庄,2024-07-23,74.7625,111.25,北方
石家庄,2024-07-24,66.86666666666666,99.71249999999999,北方
石家庄,2024-07-25,51.68333333333334,74.9375,北方
石家庄,2024-07-26,59.00833333333333,85.07083333333334,北方
石家庄,2024-07-27,63.4125,92.8125,北方
石家庄,2024-07-28,41.949999999999996,65.01666666666667,北方
石家庄,2024-07-29,51.520833333333336,76.075,北方
石家庄,2024-07-30,35.775,51.17083333333333,北方
石家庄,2024-07-31,33.475,48.229166666666664,北方
石家庄,2024-08-01,69.24166666666666,99.58333333333333,北方
石家庄,2024-08-02,84.75,122.4375,北方
石家庄,2024-08-03,63.4625,92.59166666666665,北方
石家庄,2024-08-04,55.82083333333333,80.75833333333334,北方
石家庄,2024-08-05,60.175000000000004,89.14166666666667,北方
石家庄,2024-08-06,73.45416666666667,108.62916666666666,北方
石家庄,2024-08-07,64.52499999999999,93.60833333333333,北方
石家庄,2024-08-08,68.66666666666667,100.75416666666666,北方
石家庄,2024-08-09,38.699999999999996,56.13333333333333,北方
石家庄,2024-08-10,24.8625,47.09166666666667,北方
石家庄,2024-08-11,14.354166666666666,20.904166666666665,北方
石家庄,2024-08-12,18.666666666666668,26.72083333333333,北方
石家庄,2024-08-13,34.141666666666666,49.074999999999996,北方
石家庄,2024-08-14,38.62083333333333,55.824999999999996,北方
石家庄,2024-08-15,80.2,116.05833333333334,北方
石家庄,2024-08-16,89.47083333333335,129.5875,北方
石家庄,2024-08-17,66.57083333333334,96.075,北方
石家庄,2024-08-18,77.03750000000001,110.71666666666665,北方
石家庄,2024-08-19,68.52916666666667,98.62916666666666,北方
石家庄,2024-08-20,57.9125,83.11666666666666,北方
石家庄,2024-08-21,71.75,102.67916666666667,北方
石家庄,2024-08-22,63.29583333333333,91.2625,北方
石家庄,2024-08-23,85.97083333333335,124.47916666666667,北方
石家庄,2024-08-24,99.42916666666667,143.42499999999998,北方
石家庄,2024-08-25,87.49166666666667,126.16250000000001,北方
石家庄,2024-08-26,27.337500000000002,38.71666666666666,北方
石家庄,2024-08-27,23.791666666666668,33.71666666666667,北方
石家庄,2024-08-28,40.36666666666667,57.833333333333336,北方
石家庄,2024-08-29,51.666666666666664,74.22083333333333,北方
石家庄,2024-08-30,82.80833333333334,118.67083333333333,北方
石家庄,2024-08-31,89.53333333333335,129.05833333333334,北方
石家庄,2024-09-01,62.770833333333336,93.58333333333333,北方
石家庄,2024-09-02,35.35,51.800000000000004,北方
石家庄,2024-09-03,42.9625,62.74166666666667,北方
石家庄,2024-09-04,64.69583333333334,93.2375,北方
石家庄,2024-09-05,40.395833333333336,58.67083333333333,北方
石家庄,2024-09-06,33.5,48.125,北方
石家庄,2024-09-07,44.63333333333333,64.91250000000001,北方
石家庄,2024-09-08,71.39166666666667,103.77083333333333,北方
石家庄,2024-09-09,83.13333333333334,120.3125,北方
石家庄,2024-09-10,39.454166666666666,60.63333333333333,北方
石家庄,2024-09-11,35.06666666666667,52.975,北方
石家庄,2024-09-12,37.199999999999996,53.27916666666667,北方
石家庄,2024-09-13,54.729166666666664,78.425,北方
石家庄,2024-09-14,54.27916666666667,78.9375,北方
石家庄,2024-09-15,50.02916666666667,72.175,北方
石家庄,2024-09-16,56.604166666666664,81.07083333333334,北方
石家庄,2024-09-17,77.89999999999999,111.47916666666667,北方
石家庄,2024-09-18,70.375,102.53333333333335,北方
石家庄,2024-09-19,50.362500000000004,73.68333333333334,北方
石家庄,2024-09-20,37.24166666666667,53.87083333333334,北方
石家庄,2024-09-21,21.083333333333332,29.995833333333334,北方
石家庄,2024-09-22,22.004166666666666,32.512499999999996,北方
石家庄,2024-09-23,40.354166666666664,57.833333333333336,北方
石家庄,2024-09-24,60.375,86.45,北方
石家庄,2024-09-25,80.325,115.45,北方
石家庄,2024-09-26,77.34166666666667,114.3875,北方
石家庄,2024-09-27,112.65833333333335,169.38750000000002,北方
石家庄,2024-09-28,88.37916666666666,133.76666666666668,北方
石家庄,2024-09-29,57.604166666666664,86.59166666666665,北方
石家庄,2024-09-30,20.316666666666666,29.71666666666667,北方
石家庄,2024-10-01,15.029166666666667,30.754166666666666,北方
石家庄,2024-10-02,25.599999999999998,38.47083333333333,北方
石家庄,2024-10-03,28.920833333333334,42.75,北方
石家庄,2024-10-04,45.18333333333334,64.87916666666666,北方
石家庄,2024-10-05,75.425,108.0625,北方
石家庄,2024-10-06,104.58749999999999,151.025,北方
石家庄,2024-10-07,80.31666666666666,118.11666666666666,北方
石家庄,2024-10-08,66.7375,99.56666666666666,北方
石家庄,2024-10-09,67.49583333333334,102.8125,北方
石家庄,2024-10-10,29.03333333333333,55.07083333333333,北方
石家庄,2024-10-11,48.09583333333333,75.3625,北方
石家庄,2024-10-12,82.97916666666667,126.75,北方
石家庄,2024-10-13,96.32083333333333,148.87083333333334,北方
石家庄,2024-10-14,84.20833333333333,126.81666666666666,北方
石家庄,2024-10-15,53.666666666666664,84.3125,北方
石家庄,2024-10-16,75.63333333333334,122.6875,北方
石家庄,2024-10-17,84.99583333333334,132.1,北方
石家庄,2024-10-18,43.46666666666667,63.53333333333333,北方
石家庄,2024-10-19,16.458333333333332,23.625,北方
石家庄,2024-10-20,21.316666666666666,30.920833333333334,北方
石家庄,2024-10-21,48.60833333333333,70.34583333333333,北方
石家庄,2024-10-22,36.52916666666667,55.62916666666666,北方
石家庄,2024-10-23,37.458333333333336,55.65,北方
石家庄,2024-10-24,70.96249999999999,101.94166666666666,北方
石家庄,2024-10-25,90.16666666666667,130.0,北方
石家庄,2024-10-26,115.77916666666665,170.67083333333335,北方
石家庄,2024-10-27,63.550000000000004,97.08333333333333,北方
石家庄,2024-10-28,54.949999999999996,82.17083333333333,北方
石家庄,2024-10-29,93.1125,140.775,北方
石家庄,2024-10-30,96.55,144.225,北方
石家庄,2024-10-31,97.72916666666667,142.03333333333333,北方
石家庄,2024-11-01,76.90416666666667,112.09166666666665,北方
石家庄,2024-11-02,54.18333333333334,80.475,北方
石家庄,2024-11-03,34.324999999999996,50.15416666666667,北方
石家庄,2024-11-04,18.7,31.90833333333333,北方
石家庄,2024-11-05,40.62083333333333,58.87083333333334,北方
石家庄,2024-11-06,69.55416666666666,101.01666666666667,北方
石家庄,2024-11-07,98.57916666666667,143.63750000000002,北方
石家庄,2024-11-08,100.19583333333333,146.13750000000002,北方
石家庄,2024-11-09,83.7625,122.2375,北方
石家庄,2024-11-10,90.50833333333333,133.73333333333332,北方
石家庄,2024-11-11,104.82916666666667,155.94583333333333,北方
石家庄,2024-11-12,134.67916666666667,181.10833333333335,北方
石家庄,2024-11-13,180.41666666666666,189.09166666666667,北方
石家庄,2024-11-14,116.45,118.45833333333333,北方
石家庄,2024-11-15,116.26666666666667,117.1375,北方
石家庄,2024-11-16,72.33333333333333,110.19166666666666,北方
石家庄,2024-11-17,50.29583333333333,84.90833333333333,北方
石家庄,2024-11-18,73.54583333333333,87.92916666666667,北方
石家庄,2024-11-19,70.95833333333333,77.39999999999999,北方
石家庄,2024-11-20,67.01666666666667,68.95,北方
石家庄,2024-11-21,62.6625,72.78750000000001,北方
石家庄,2024-11-22,82.72500000000001,89.03750000000001,北方
石家庄,2024-11-23,117.79583333333333,123.0,北方
石家庄,2024-11-24,135.43333333333334,139.54999999999998,北方
石家庄,2024-11-25,59.4625,106.76666666666667,北方
石家庄,2024-11-26,18.945833333333333,36.275,北方
石家庄,2024-11-27,12.391666666666666,16.133333333333333,北方
石家庄,2024-11-28,15.416666666666666,17.525000000000002,北方
石家庄,2024-11-29,37.108333333333334,53.112500000000004,北方
石家庄,2024-11-30,76.0,79.74583333333334,北方
石家庄,2024-12-01,59.29583333333333,63.729166666666664,北方
石家庄,2024-12-02,33.762499999999996,41.833333333333336,北方
石家庄,2024-12-03,90.76666666666667,93.44583333333333,北方
石家庄,2024-12-04,124.59166666666665,128.475,北方
石家庄,2024-12-05,41.15,42.24166666666667,北方
石家庄,2024-12-06,51.1,53.42916666666667,北方
石家庄,2024-12-07,58.07083333333333,60.71666666666667,北方
石家庄,2024-12-08,69.6375,70.7,北方
石家庄,2024-12-09,132.07083333333333,134.76666666666668,北方
石家庄,2024-12-10,149.51666666666668,151.91666666666666,北方
石家庄,2024-12-11,116.25,121.63333333333333,北方
石家庄,2024-12-12,124.3625,129.98333333333332,北方
石家庄,2024-12-13,37.4,49.67916666666667,北方
石家庄,2024-12-14,28.641666666666666,32.22083333333333,北方
石家庄,2024-12-15,44.75833333333333,45.37916666666666,北方
石家庄,2024-12-16,61.125,62.458333333333336,北方
石家庄,2024-12-17,94.64583333333333,98.2,北方
石家庄,2024-12-18,73.51666666666667,75.08333333333333,北方
石家庄,2024-12-19,95.84583333333335,98.34583333333335,北方
石家庄,2024-12-20,83.77499999999999,87.87916666666666,北方
石家庄,2024-12-21,56.729166666666664,59.737500000000004,北方
石家庄,2024-12-22,84.9375,86.0,北方
石家庄,2024-12-23,118.21666666666665,119.91666666666667,北方
石家庄,2024-12-24,131.15,132.67916666666667,北方
石家庄,2024-12-25,93.47083333333335,95.13333333333333,北方
石家庄,2024-12-26,76.02499999999999,84.96666666666667,北方
石家庄,2024-12-27,48.12916666666666,51.69166666666666,北方
石家庄,2024-12-28,38.7,39.141666666666666,北方
石家庄,2024-12-29,60.237500000000004,61.362500000000004,北方
石家庄,2024-12-30,44.1625,49.050000000000004,北方
石家庄,2024-12-31,110.33749999999999,115.93333333333334,北方
西安,2022-08-04,40.09375,57.5125,北方
西安,2022-08-05,52.737500000000004,75.50833333333334,北方
西安,2022-08-06,39.854166666666664,57.0625,北方
西安,2022-08-07,33.32083333333333,47.65,北方
西安,2022-08-08,41.199999999999996,58.92083333333333,北方
西安,2022-08-09,32.795833333333334,46.92083333333333,北方
西安,2022-08-10,24.28333333333333,34.829166666666666,北方
西安,2022-08-11,32.99166666666667,47.512499999999996,北方
西安,2022-08-12,34.608333333333334,49.737500000000004,北方
西安,2022-08-13,25.195833333333336,36.09166666666667,北方
西安,2022-08-14,26.491666666666664,37.99583333333333,北方
西安,2022-08-15,29.679166666666664,55.32083333333333,北方
西安,2022-08-16,54.9625,90.96666666666665,北方
西安,2022-08-17,40.8375,58.81666666666666,北方
西安,2022-08-18,27.929166666666664,39.9125,北方
西安,2022-08-19,32.3125,68.5625,北方
西安,2022-08-20,40.608333333333334,66.58333333333333,北方
西安,2022-08-21,30.84166666666667,44.25,北方
西安,2022-08-22,24.40416666666667,35.17916666666667,北方
西安,2022-08-23,29.712500000000002,42.61666666666667,北方
西安,2022-08-24,43.24583333333334,61.979166666666664,北方
西安,2022-08-25,54.475,77.95416666666667,北方
西安,2022-08-26,55.56666666666666,79.52499999999999,北方
西安,2022-08-27,39.6875,56.833333333333336,北方
西安,2022-08-28,31.929166666666664,45.612500000000004,北方
西安,2022-08-29,48.112500000000004,69.05833333333334,北方
西安,2022-08-30,31.125,47.55833333333334,北方
西安,2022-08-31,50.18333333333334,77.07916666666667,北方
西安,2022-09-01,61.64166666666667,92.575,北方
西安,2022-09-02,51.22083333333333,73.43333333333334,北方
西安,2022-09-03,60.37083333333334,86.59583333333335,北方
西安,2022-09-04,40.13333333333333,63.98333333333334,北方
西安,2022-09-05,33.25416666666667,57.10833333333333,北方
西安,2022-09-06,44.2125,68.69166666666666,北方
西安,2022-09-07,62.36666666666667,92.6125,北方
西安,2022-09-08,87.40416666666665,125.57083333333333,北方
西安,2022-09-09,81.58333333333333,117.7625,北方
西安,2022-09-10,58.645833333333336,84.375,北方
西安,2022-09-11,65.86666666666666,94.39583333333333,北方
西安,2022-09-12,69.3125,99.25833333333333,北方
西安,2022-09-13,47.57916666666667,68.10416666666667,北方
西安,2022-09-14,53.09166666666667,76.0,北方
西安,2022-09-15,74.64999999999999,107.25833333333333,北方
西安,2022-09-16,86.20833333333333,124.0625,北方
西安,2022-09-17,80.10833333333333,115.04583333333333,北方
西安,2022-09-18,83.69583333333334,119.76666666666667,北方
西安,2022-09-19,63.145833333333336,90.3625,北方
西安,2022-09-20,36.420833333333334,52.166666666666664,北方
西安,2022-09-21,56.862500000000004,81.3,北方
西安,2022-09-22,42.82916666666667,73.36666666666666,北方
西安,2022-09-23,32.55416666666667,57.375,北方
西安,2022-09-24,69.3,102.64166666666667,北方
西安,2022-09-25,74.14999999999999,106.63333333333333,北方
西安,2022-09-26,58.01666666666667,82.92083333333333,北方
西安,2022-09-27,62.2125,89.04583333333333,北方
西安,2022-09-28,51.958333333333336,74.35000000000001,北方
西安,2022-09-29,42.291666666666664,60.475,北方
西安,2022-09-30,40.50416666666667,57.875,北方
西安,2022-10-01,48.15416666666667,68.89166666666667,北方
西安,2022-10-02,84.3,120.59166666666665,北方
西安,2022-10-03,35.833333333333336,51.275,北方
西安,2022-10-04,32.25416666666667,46.73333333333333,北方
西安,2022-10-05,19.808333333333334,28.308333333333334,北方
西安,2022-10-06,37.204166666666666,53.270833333333336,北方
西安,2022-10-07,57.4375,82.72500000000001,北方
西安,2022-10-08,58.10833333333333,84.3375,北方
西安,2022-10-09,19.433333333333334,33.766666666666666,北方
西安,2022-10-10,37.733333333333334,54.19166666666666,北方
西安,2022-10-11,44.90416666666667,64.2375,北方
西安,2022-10-12,57.9375,82.73333333333333,北方
西安,2022-10-13,100.29166666666667,143.2875,北方
西安,2022-10-14,69.40833333333333,101.02499999999999,北方
西安,2022-10-15,50.3125,75.45833333333333,北方
西安,2022-10-16,40.833333333333336,68.39583333333333,北方
西安,2022-10-17,46.699999999999996,71.35000000000001,北方
西安,2022-10-18,58.27916666666667,84.83333333333333,北方
西安,2022-10-19,62.40833333333333,89.75416666666666,北方
西安,2022-10-20,59.00833333333333,84.72500000000001,北方
西安,2022-10-21,84.22500000000001,120.4875,北方
西安,2022-10-22,79.12083333333334,114.3875,北方
西安,2022-10-23,104.81666666666666,153.73749999999998,北方
西安,2022-10-24,77.97083333333333,112.875,北方
西安,2022-10-25,77.05416666666666,111.36666666666667,北方
西安,2022-10-26,79.08333333333333,113.1875,北方
西安,2022-10-27,57.354166666666664,82.10416666666667,北方
西安,2022-10-28,43.65,62.71666666666667,北方
西安,2022-10-29,52.55833333333334,75.29583333333333,北方
西安,2022-10-30,70.39166666666667,100.88333333333333,北方
西安,2022-10-31,70.46249999999999,101.66666666666667,北方
西安,2022-11-01,50.074999999999996,71.65416666666667,北方
西安,2022-11-02,68.05416666666666,97.40416666666665,北方
西安,2022-11-03,67.10833333333333,97.4875,北方
西安,2022-11-04,98.29166666666667,143.09583333333333,北方
西安,2022-11-05,76.4375,109.32916666666667,北方
西安,2022-11-06,91.77916666666665,131.20833333333334,北方
西安,2022-11-07,82.90833333333333,119.38333333333333,北方
西安,2022-11-08,104.3125,149.28333333333333,北方
西安,2022-11-09,120.27083333333333,171.85833333333335,北方
西安,2022-11-10,118.075,168.7125,北方
西安,2022-11-11,72.325,104.8,北方
西安,2022-11-12,28.9875,47.63333333333333,北方
西安,2022-11-13,60.737500000000004,92.41666666666667,北方
西安,2022-11-14,73.14166666666667,107.47916666666667,北方
西安,2022-11-15,75.28333333333333,107.84166666666665,北方
西安,2022-11-16,75.675,108.14583333333333,北方
西安,2022-11-17,56.262499999999996,80.41250000000001,北方
西安,2022-11-18,99.5625,144.11249999999998,北方
西安,2022-11-19,81.97500000000001,121.30416666666667,北方
西安,2022-11-20,88.91666666666667,127.27499999999999,北方
西安,2022-11-21,88.75833333333333,127.85833333333333,北方
西安,2022-11-22,66.27499999999999,95.35000000000001,北方
西安,2022-11-23,98.95,141.35,北方
西安,2022-11-24,97.65416666666665,139.52083333333334,北方
西安,2022-11-25,79.1875,116.41666666666667,北方
西安,2022-11-26,84.45833333333333,121.575,北方
西安,2022-11-27,98.39999999999999,140.57500000000002,北方
西安,2022-11-28,64.76666666666667,93.85000000000001,北方
西安,2022-11-29,31.27916666666667,61.6875,北方
西安,2022-11-30,32.30416666666667,55.70416666666667,北方
西安,2022-12-01,71.2,111.90833333333335,北方
西安,2022-12-02,101.75416666666666,149.73333333333332,北方
西安,2022-12-03,92.77499999999999,134.72083333333333,北方
西安,2022-12-04,98.8875,150.93333333333334,北方
西安,2022-12-05,119.89166666666667,179.275,北方
西安,2022-12-06,102.35416666666667,147.6,北方
西安,2022-12-07,110.875,158.95833333333334,北方
西安,2022-12-08,95.1375,137.22083333333333,北方
西安,2022-12-09,112.63333333333333,161.40833333333333,北方
西安,2022-12-10,49.49583333333334,73.93333333333334,北方
西安,2022-12-11,48.67916666666667,70.42083333333333,北方
西安,2022-12-12,44.23333333333333,72.71666666666667,北方
西安,2022-12-13,36.53333333333333,53.737500000000004,北方
西安,2022-12-14,0.7708333333333334,1.1083333333333334,北方
西安,2022-12-15,0.7125,1.0125,北方
西安,2022-12-16,18.2,28.075,北方
西安,2022-12-17,27.96666666666667,40.295833333333334,北方
西安,2022-12-18,64.75416666666666,92.64166666666667,北方
西安,2022-12-19,84.875,121.48333333333333,北方
西安,2022-12-20,43.699999999999996,66.91250000000001,北方
西安,2022-12-21,40.975,59.050000000000004,北方
西安,2022-12-22,61.25416666666666,89.63333333333333,北方
西安,2022-12-23,81.43333333333334,116.4375,北方
西安,2022-12-24,72.22916666666667,103.3125,北方
西安,2022-12-25,61.97083333333333,114.62916666666666,北方
西安,2022-12-26,62.37916666666666,96.37916666666666,北方
西安,2022-12-27,80.79166666666667,120.97083333333335,北方
西安,2022-12-28,74.66666666666667,107.64583333333333,北方
西安,2022-12-29,81.1375,116.22500000000001,北方
西安,2022-12-30,87.97916666666667,125.925,北方
西安,2022-12-31,86.32083333333333,123.37916666666666,北方
西安,2023-01-01,141.10416666666666,202.2541666666667,北方
西安,2023-01-02,121.20416666666667,174.02916666666667,北方
西安,2023-01-03,106.44166666666666,152.42083333333332,北方
西安,2023-01-04,132.20000000000002,189.1291666666667,北方
西安,2023-01-05,165.31666666666666,236.41666666666666,北方
西安,2023-01-06,76.50833333333334,111.61666666666667,北方
西安,2023-01-07,70.04583333333333,100.25,北方
西安,2023-01-08,82.15833333333333,117.58333333333333,北方
西安,2023-01-09,90.23333333333333,129.18333333333334,北方
西安,2023-01-10,99.67083333333333,143.68333333333334,北方
西安,2023-01-11,110.14166666666667,157.76666666666668,北方
西安,2023-01-12,92.97916666666667,133.29166666666666,北方
西安,2023-01-13,47.7875,124.97916666666667,北方
西安,2023-01-14,18.15,31.241666666666664,北方
西安,2023-01-15,37.25833333333333,54.59166666666667,北方
西安,2023-01-16,52.82083333333333,78.74583333333334,北方
西安,2023-01-17,38.425000000000004,58.62083333333334,北方
西安,2023-01-18,71.74166666666666,103.2375,北方
西安,2023-01-19,60.2875,88.62083333333334,北方
西安,2023-01-20,73.97083333333333,111.50416666666666,北方
西安,2023-01-21,108.59583333333335,157.7125,北方
西安,2023-01-22,87.52499999999999,127.22083333333335,北方
西安,2023-01-23,45.85833333333333,70.2625,北方
西安,2023-01-24,21.974999999999998,35.545833333333334,北方
西安,2023-01-25,67.70416666666667,97.84166666666665,北方
西安,2023-01-26,51.479166666666664,87.20416666666667,北方
西安,2023-01-27,36.25833333333333,60.525,北方
西安,2023-01-28,60.041666666666664,87.7625,北方
西安,2023-01-29,68.33333333333333,98.875,北方
西安,2023-01-30,83.49166666666666,119.83333333333333,北方
西安,2023-01-31,95.60416666666667,136.89166666666668,北方
西安,2023-02-01,71.37083333333334,102.80416666666667,北方
西安,2023-02-02,86.75,125.62083333333334,北方
西安,2023-02-03,115.75416666666666,167.025,北方
西安,2023-02-04,81.7625,118.32083333333333,北方
西安,2023-02-05,87.67083333333333,125.93333333333334,北方
西安,2023-02-06,99.57083333333333,142.75,北方
西安,2023-02-07,100.67916666666667,144.35416666666666,北方
西安,2023-02-08,107.31666666666666,153.9625,北方
西安,2023-02-09,61.229166666666664,88.28750000000001,北方
西安,2023-02-10,84.36666666666666,121.58333333333333,北方
西安,2023-02-11,57.25416666666666,82.12916666666666,北方
西安,2023-02-12,77.51666666666667,112.425,北方
西安,2023-02-13,58.225,84.0,北方
西安,2023-02-14,53.92083333333333,78.64583333333333,北方
西安,2023-02-15,64.58333333333333,92.8625,北方
西安,2023-02-16,76.33749999999999,109.29166666666667,北方
西安,2023-02-17,69.075,98.77916666666665,北方
西安,2023-02-18,45.083333333333336,65.80833333333334,北方
西安,2023-02-19,47.637499999999996,76.22916666666667,北方
西安,2023-02-20,65.08333333333333,95.52499999999999,北方
西安,2023-02-21,40.81666666666667,59.208333333333336,北方
西安,2023-02-22,66.9375,96.1375,北方
西安,2023-02-23,89.25,127.81666666666666,北方
西安,2023-02-24,65.075,99.70833333333333,北方
西安,2023-02-25,56.45416666666667,83.1875,北方
西安,2023-02-26,48.00833333333333,68.97916666666667,北方
西安,2023-02-27,84.03750000000001,120.6875,北方
西安,2023-02-28,63.725,107.44166666666666,北方
西安,2023-03-01,46.99166666666667,74.97083333333333,北方
西安,2023-03-02,74.46249999999999,110.77916666666665,北方
西安,2023-03-03,45.09166666666667,68.2625,北方
西安,2023-03-04,51.300000000000004,74.42083333333333,北方
西安,2023-03-05,60.4,86.46666666666665,北方
西安,2023-03-06,60.208333333333336,86.1875,北方
西安,2023-03-07,69.96666666666667,100.21666666666665,北方
西安,2023-03-08,37.237500000000004,60.42916666666667,北方
西安,2023-03-09,41.24166666666667,64.02083333333333,北方
西安,2023-03-10,43.94583333333333,62.987500000000004,北方
西安,2023-03-11,46.24583333333334,84.37083333333334,北方
西安,2023-03-12,38.425000000000004,76.37083333333332,北方
西安,2023-03-13,49.84166666666667,75.10000000000001,北方
西安,2023-03-14,26.795833333333334,42.7875,北方
西安,2023-03-15,22.724999999999998,38.6,北方
西安,2023-03-16,30.570833333333336,44.36666666666667,北方
西安,2023-03-17,44.333333333333336,64.4375,北方
西安,2023-03-18,76.50416666666666,110.90833333333335,北方
西安,2023-03-19,50.775,73.17916666666666,北方
西安,2023-03-20,49.925000000000004,71.55416666666666,北方
西安,2023-03-21,69.37916666666666,101.09583333333335,北方
西安,2023-03-22,42.59166666666667,80.39166666666667,北方
西安,2023-03-23,41.11666666666667,67.77916666666667,北方
西安,2023-03-24,39.516666666666666,60.541666666666664,北方
西安,2023-03-25,56.6625,85.10000000000001,北方
西安,2023-03-26,68.11666666666666,101.30833333333334,北方
西安,2023-03-27,56.875,84.85833333333333,北方
西安,2023-03-28,62.11666666666667,90.22083333333335,北方
西安,2023-03-29,54.40416666666667,78.33749999999999,北方
西安,2023-03-30,49.083333333333336,70.74166666666666,北方
西安,2023-03-31,52.82083333333333,76.27916666666667,北方
西安,2023-04-01,41.93333333333333,60.17916666666667,北方
西安,2023-04-02,40.625,57.625,北方
西安,2023-04-03,15.145833333333334,22.541666666666668,北方
西安,2023-04-04,31.72083333333333,46.73333333333333,北方
西安,2023-04-05,27.204166666666666,41.204166666666666,北方
西安,2023-04-06,23.708333333333332,42.454166666666666,北方
西安,2023-04-07,55.61666666666667,84.26666666666667,北方
西安,2023-04-08,76.925,115.33333333333333,北方
西安,2023-04-09,50.4,73.1375,北方
西安,2023-04-10,37.604166666666664,54.987500000000004,北方
西安,2023-04-11,42.15833333333333,90.23333333333333,北方
西安,2023-04-12,51.69583333333333,78.99583333333334,北方
西安,2023-04-13,64.46666666666667,94.83749999999999,北方
西安,2023-04-14,43.32083333333333,81.86666666666666,北方
西安,2023-04-15,23.425,38.40833333333333,北方
西安,2023-04-16,34.199999999999996,52.70416666666667,北方
西安,2023-04-17,48.18333333333334,69.52083333333333,北方
西安,2023-04-18,58.875,89.47500000000001,北方
西安,2023-04-19,48.37916666666666,69.20833333333333,北方
西安,2023-04-20,56.55416666666667,96.65416666666665,北方
西安,2023-04-21,55.525,80.16666666666667,北方
西安,2023-04-22,19.337500000000002,27.508333333333336,北方
西安,2023-04-23,28.804166666666664,41.641666666666666,北方
西安,2023-04-24,31.183333333333334,44.612500000000004,北方
西安,2023-04-25,46.487500000000004,79.87916666666666,北方
西安,2023-04-26,44.99166666666667,67.39999999999999,北方
西安,2023-04-27,45.35833333333333,66.65833333333333,北方
西安,2023-04-28,22.145833333333332,41.979166666666664,北方
西安,2023-04-29,27.504166666666666,59.125,北方
西安,2023-04-30,29.679166666666664,46.225,北方
西安,2023-05-01,35.0,50.512499999999996,北方
西安,2023-05-02,39.637499999999996,56.7875,北方
西安,2023-05-03,46.416666666666664,66.34166666666667,北方
西安,2023-05-04,37.708333333333336,56.98333333333333,北方
西安,2023-05-05,39.05833333333333,57.78333333333333,北方
西安,2023-05-06,32.050000000000004,44.9,北方
西安,2023-05-07,41.583333333333336,59.541666666666664,北方
西安,2023-05-08,48.89166666666667,70.12083333333334,北方
西安,2023-05-09,56.229166666666664,80.45833333333333,北方
西安,2023-05-10,83.0,118.91666666666667,北方
西安,2023-05-11,53.32916666666667,81.50416666666666,北方
西安,2023-05-12,32.479166666666664,55.42083333333333,北方
西安,2023-05-13,29.366666666666664,47.86666666666667,北方
西安,2023-05-14,32.699999999999996,51.84583333333333,北方
西安,2023-05-15,36.237500000000004,53.708333333333336,北方
西安,2023-05-16,36.06666666666667,52.24583333333334,北方
西安,2023-05-17,42.729166666666664,75.1375,北方
西安,2023-05-18,36.233333333333334,60.56666666666666,北方
西安,2023-05-19,45.03333333333333,65.72500000000001,北方
西安,2023-05-20,55.020833333333336,79.59583333333333,北方
西安,2023-05-21,31.266666666666666,50.98333333333333,北方
西安,2023-05-22,28.974999999999998,53.275,北方
西安,2023-05-23,48.625,71.95833333333333,北方
西安,2023-05-24,45.37916666666666,65.18333333333334,北方
西安,2023-05-25,65.6875,99.68333333333334,北方
西安,2023-05-26,71.10833333333333,107.5125,北方
西安,2023-05-27,59.387499999999996,85.35000000000001,北方
西安,2023-05-28,69.3,98.80833333333334,北方
西安,2023-05-29,76.62083333333334,109.43333333333334,北方
西安,2023-05-30,60.96666666666667,92.45833333333333,北方
西安,2023-05-31,62.291666666666664,89.89583333333333,北方
西安,2023-06-01,56.09583333333333,80.3875,北方
西安,2023-06-02,57.725,82.71249999999999,北方
西安,2023-06-03,62.137499999999996,89.24583333333334,北方
西安,2023-06-04,54.0625,77.42083333333333,北方
西安,2023-06-05,47.15,69.325,北方
西安,2023-06-06,44.92083333333333,64.4875,北方
西安,2023-06-07,48.07916666666667,70.18333333333334,北方
西安,2023-06-08,37.61666666666667,58.17083333333333,北方
西安,2023-06-09,31.816666666666666,47.53333333333333,北方
西安,2023-06-10,37.75,61.8125,北方
西安,2023-06-11,47.512499999999996,70.89999999999999,北方
西安,2023-06-12,60.57083333333333,90.0625,北方
西安,2023-06-13,51.324999999999996,74.15833333333333,北方
西安,2023-06-14,44.60833333333333,63.75,北方
西安,2023-06-15,38.2875,54.895833333333336,北方
西安,2023-06-16,32.891666666666666,47.020833333333336,北方
西安,2023-06-17,37.170833333333334,53.13333333333333,北方
西安,2023-06-18,38.8375,55.55833333333334,北方
西安,2023-06-19,59.12083333333334,90.5,北方
西安,2023-06-20,58.775,89.24583333333334,北方
西安,2023-06-21,52.90833333333333,77.05833333333334,北方
西安,2023-06-22,53.20416666666667,76.92916666666666,北方
西安,2023-06-23,32.5625,46.637499999999996,北方
西安,2023-06-24,32.42916666666667,46.45416666666667,北方
西安,2023-06-25,44.12916666666666,63.0875,北方
西安,2023-06-26,38.2125,55.0625,北方
西安,2023-06-27,36.17916666666667,53.34166666666667,北方
西安,2023-06-28,43.84583333333333,66.54166666666667,北方
西安,2023-06-29,40.275,74.52916666666667,北方
西安,2023-06-30,32.1875,49.19166666666666,北方
西安,2023-07-01,31.054166666666664,48.225,北方
西安,2023-07-02,60.800000000000004,88.67083333333333,北方
西安,2023-07-03,35.36666666666667,51.895833333333336,北方
西安,2023-07-04,23.087500000000002,47.425000000000004,北方
西安,2023-07-05,39.979166666666664,63.270833333333336,北方
西安,2023-07-06,41.041666666666664,62.7125,北方
西安,2023-07-07,32.80833333333333,52.09166666666667,北方
西安,2023-07-08,38.358333333333334,65.5,北方
西安,2023-07-09,36.766666666666666,61.84583333333333,北方
西安,2023-07-10,29.037499999999998,45.637499999999996,北方
西安,2023-07-11,37.354166666666664,55.6625,北方
西安,2023-07-12,35.74583333333333,52.262499999999996,北方
西安,2023-07-13,19.504166666666666,28.587500000000002,北方
西安,2023-07-14,19.025000000000002,41.375,北方
西安,2023-07-15,17.2,33.0875,北方
西安,2023-07-16,24.370833333333334,42.9125,北方
西安,2023-07-17,27.183333333333334,45.4375,北方
西安,2023-07-18,30.150000000000002,45.854166666666664,北方
西安,2023-07-19,32.34166666666667,48.74166666666667,北方
西安,2023-07-20,40.987500000000004,62.63333333333333,北方
西安,2023-07-21,54.64166666666667,104.12916666666666,北方
西安,2023-07-22,24.079166666666666,42.475,北方
西安,2023-07-23,26.65833333333333,42.67916666666667,北方
西安,2023-07-24,37.4,56.14166666666666,北方
西安,2023-07-25,36.8125,54.824999999999996,北方
西安,2023-07-26,21.474999999999998,31.78333333333333,北方
西安,2023-07-27,35.1875,52.59583333333333,北方
西安,2023-07-28,57.73333333333333,84.22916666666667,北方
西安,2023-07-29,44.74166666666667,64.89166666666667,北方
西安,2023-07-30,43.82083333333333,62.916666666666664,北方
西安,2023-07-31,59.354166666666664,84.95416666666667,北方
西安,2023-08-01,50.666666666666664,72.42916666666666,北方
西安,2023-08-02,42.479166666666664,60.75416666666666,北方
西安,2023-08-03,51.520833333333336,73.96666666666667,北方
西安,2023-08-04,69.04583333333333,98.77916666666665,北方
西安,2023-08-05,60.57916666666667,86.78750000000001,北方
西安,2023-08-06,47.270833333333336,67.93333333333334,北方
西安,2023-08-07,52.49583333333334,75.54583333333333,北方
西安,2023-08-08,55.425000000000004,80.58333333333333,北方
西安,2023-08-09,42.416666666666664,61.975,北方
西安,2023-08-10,46.1875,68.52499999999999,北方
西安,2023-08-11,49.55416666666667,71.62916666666666,北方
西安,2023-08-12,25.78333333333333,41.395833333333336,北方
西安,2023-08-13,34.387499999999996,56.416666666666664,北方
西安,2023-08-14,36.93333333333333,56.475,北方
西安,2023-08-15,37.40833333333333,54.01666666666667,北方
西安,2023-08-16,58.987500000000004,84.925,北方
西安,2023-08-17,43.40833333333333,83.39999999999999,北方
西安,2023-08-18,28.433333333333334,57.67083333333333,北方
西安,2023-08-19,38.0625,60.60833333333333,北方
西安,2023-08-20,48.09583333333333,67.39583333333333,北方
西安,2023-08-21,46.93333333333334,75.19166666666666,北方
西安,2023-08-22,35.81666666666667,64.45833333333333,北方
西安,2023-08-23,38.920833333333334,60.92916666666667,北方
西安,2023-08-24,38.541666666666664,57.98333333333333,北方
西安,2023-08-25,43.862500000000004,64.575,北方
西安,2023-08-26,39.729166666666664,56.78333333333333,北方
西安,2023-08-27,38.175000000000004,54.5,北方
西安,2023-08-28,58.208333333333336,83.31666666666666,北方
西安,2023-08-29,55.00416666666666,79.05,北方
西安,2023-08-30,51.65416666666667,74.3625,北方
西安,2023-08-31,45.6,66.08749999999999,北方
西安,2023-09-01,56.625,81.58333333333333,北方
西安,2023-09-02,70.21249999999999,101.69166666666666,北方
西安,2023-09-03,40.25416666666667,58.38333333333333,北方
西安,2023-09-04,31.5,45.824999999999996,北方
西安,2023-09-05,21.791666666666668,32.12916666666667,北方
西安,2023-09-06,29.320833333333336,44.041666666666664,北方
西安,2023-09-07,43.025,63.4375,北方
西安,2023-09-08,60.15416666666667,87.42083333333333,北方
西安,2023-09-09,65.79166666666667,95.3875,北方
西安,2023-09-10,55.475,79.75,北方
西安,2023-09-11,53.06666666666666,76.56666666666666,北方
西安,2023-09-12,35.65833333333333,52.80833333333334,北方
西安,2023-09-13,43.0875,66.08333333333333,北方
西安,2023-09-14,32.75,49.300000000000004,北方
西安,2023-09-15,34.645833333333336,51.30833333333334,北方
西安,2023-09-16,35.574999999999996,52.40416666666667,北方
西安,2023-09-17,40.487500000000004,59.11666666666667,北方
西安,2023-09-18,59.17083333333333,86.25,北方
西安,2023-09-19,49.333333333333336,70.05416666666666,北方
西安,2023-09-20,40.704166666666666,58.85833333333333,北方
西安,2023-09-21,44.93333333333334,65.25833333333334,北方
西安,2023-09-22,36.57083333333333,52.791666666666664,北方
西安,2023-09-23,39.8125,57.00416666666666,北方
西安,2023-09-24,36.74583333333333,52.90416666666667,北方
西安,2023-09-25,47.99166666666667,68.63333333333334,北方
西安,2023-09-26,51.62916666666666,73.85000000000001,北方
西安,2023-09-27,63.02916666666667,90.55,北方
西安,2023-09-28,65.95833333333333,94.26666666666667,北方
西安,2023-09-29,55.90416666666667,80.575,北方
西安,2023-09-30,37.94166666666667,57.84166666666667,北方
西安,2023-10-01,44.67083333333333,64.91250000000001,北方
西安,2023-10-02,39.737500000000004,56.637499999999996,北方
西安,2023-10-03,61.03333333333333,87.33749999999999,北方
西安,2023-10-04,62.0,88.68333333333334,北方
西安,2023-10-05,40.09166666666667,57.90416666666667,北方
西安,2023-10-06,29.6125,42.625,北方
西安,2023-10-07,57.2125,82.35000000000001,北方
西安,2023-10-08,55.24583333333334,79.97916666666667,北方
西安,2023-10-09,52.45416666666667,79.70416666666667,北方
西安,2023-10-10,54.824999999999996,81.10833333333333,北方
西安,2023-10-11,54.97083333333333,80.52916666666667,北方
西安,2023-10-12,87.52499999999999,128.34583333333333,北方
西安,2023-10-13,47.61666666666667,71.11666666666666,北方
西安,2023-10-14,33.987500000000004,51.949999999999996,北方
西安,2023-10-15,34.75,53.425000000000004,北方
西安,2023-10-16,42.074999999999996,61.74583333333334,北方
西安,2023-10-17,43.762499999999996,63.69583333333333,北方
西安,2023-10-18,32.487500000000004,48.95416666666667,北方
西安,2023-10-19,27.133333333333336,43.137499999999996,北方
西安,2023-10-20,33.75416666666667,53.81666666666666,北方
西安,2023-10-21,50.06666666666666,73.99166666666666,北方
西安,2023-10-22,54.54583333333333,80.09583333333333,北方
西安,2023-10-23,61.93333333333334,90.00833333333333,北方
西安,2023-10-24,69.04583333333333,99.90833333333335,北方
西安,2023-10-25,54.324999999999996,78.35416666666667,北方
西安,2023-10-26,41.795833333333334,61.9125,北方
西安,2023-10-27,65.43333333333334,95.5625,北方
西安,2023-10-28,54.80833333333334,79.62083333333334,北方
西安,2023-10-29,41.112500000000004,59.025,北方
西安,2023-10-30,38.375,54.87083333333334,北方
西安,2023-10-31,40.525,58.2875,北方
西安,2023-11-01,41.104166666666664,58.887499999999996,北方
西安,2023-11-02,30.95,47.99583333333334,北方
西安,2023-11-03,43.4625,63.862500000000004,北方
西安,2023-11-04,54.275,80.22916666666667,北方
西安,2023-11-05,39.604166666666664,58.22083333333333,北方
西安,2023-11-06,33.083333333333336,47.74583333333334,北方
西安,2023-11-07,41.358333333333334,59.770833333333336,北方
西安,2023-11-08,44.645833333333336,66.7,北方
西安,2023-11-09,50.729166666666664,75.76666666666667,北方
西安,2023-11-10,49.9625,81.09166666666667,北方
西安,2023-11-11,55.925000000000004,83.92083333333333,北方
西安,2023-11-12,56.65416666666667,84.77916666666667,北方
西安,2023-11-13,62.824999999999996,91.49583333333334,北方
西安,2023-11-14,53.29583333333333,76.51666666666667,北方
西安,2023-11-15,48.987500000000004,80.27083333333333,北方
西安,2023-11-16,25.483333333333334,42.233333333333334,北方
西安,2023-11-17,42.25833333333333,60.862500000000004,北方
西安,2023-11-18,48.479166666666664,69.325,北方
西安,2023-11-19,46.675000000000004,66.97500000000001,北方
西安,2023-11-20,53.87083333333334,77.52916666666667,北方
西安,2023-11-21,45.15416666666667,64.71249999999999,北方
西安,2023-11-22,34.225,51.54583333333333,北方
西安,2023-11-23,26.354166666666668,45.2125,北方
西安,2023-11-24,35.725,55.92916666666667,北方
西安,2023-11-25,53.68333333333334,85.72500000000001,北方
西安,2023-11-26,57.69166666666666,84.69583333333334,北方
西安,2023-11-27,37.9375,56.88333333333333,北方
西安,2023-11-28,57.37916666666666,83.84166666666667,北方
西安,2023-11-29,42.82916666666667,61.90416666666667,北方
西安,2023-11-30,47.64166666666667,68.16250000000001,北方
西安,2023-12-01,57.39166666666667,82.24166666666666,北方
西安,2023-12-02,77.01666666666667,110.29583333333333,北方
西安,2023-12-03,95.05833333333334,136.17916666666665,北方
西安,2023-12-04,59.762499999999996,85.68333333333334,北方
西安,2023-12-05,29.270833333333332,42.79583333333334,北方
西安,2023-12-06,39.40833333333333,59.13333333333333,北方
西安,2023-12-07,45.770833333333336,65.91250000000001,北方
西安,2023-12-08,50.65833333333333,72.4875,北方
西安,2023-12-09,58.88333333333333,84.53750000000001,北方
西安,2023-12-10,51.97083333333333,75.97916666666667,北方
西安,2023-12-11,45.5875,66.075,北方
西安,2023-12-12,60.291666666666664,87.9375,北方
西安,2023-12-13,23.820833333333336,35.24583333333333,北方
西安,2023-12-14,24.03333333333333,39.7125,北方
西安,2023-12-15,18.1375,27.47083333333333,北方
西安,2023-12-16,53.229166666666664,76.21666666666667,北方
西安,2023-12-17,62.425000000000004,89.52499999999999,北方
西安,2023-12-18,102.95,147.89166666666668,北方
西安,2023-12-19,78.375,114.47083333333335,北方
西安,2023-12-20,79.97916666666667,118.875,北方
西安,2023-12-21,53.43333333333334,77.15833333333333,北方
西安,2023-12-22,86.90833333333335,124.26666666666667,北方
西安,2023-12-23,69.29166666666667,100.2625,北方
西安,2023-12-24,67.72083333333333,97.77499999999999,北方
西安,2023-12-25,73.0,105.24583333333334,北方
西安,2023-12-26,67.02499999999999,97.28333333333335,北方
西安,2023-12-27,81.375,118.57083333333333,北方
西安,2023-12-28,123.25416666666666,179.5625,北方
西安,2023-12-29,125.89166666666667,183.22916666666666,北方
西安,2023-12-30,56.550000000000004,83.77083333333333,北方
西安,2023-12-31,56.824999999999996,81.9875,北方
西安,2024-01-01,111.44166666666666,159.87916666666666,北方
西安,2024-01-02,49.69583333333333,71.7875,北方
西安,2024-01-03,55.791666666666664,81.27083333333333,北方
西安,2024-01-04,57.770833333333336,83.09166666666667,北方
西安,2024-01-05,71.03750000000001,103.2625,北方
西安,2024-01-06,53.833333333333336,78.29583333333333,北方
西安,2024-01-07,81.61666666666666,118.19166666666666,北方
西安,2024-01-08,84.74583333333334,122.41666666666667,北方
西安,2024-01-09,50.5625,77.66250000000001,北方
西安,2024-01-10,65.77083333333333,97.21249999999999,北方
西安,2024-01-11,67.97500000000001,97.83333333333333,北方
西安,2024-01-12,63.00833333333333,90.57083333333333,北方
西安,2024-01-13,73.8125,106.38333333333333,北方
西安,2024-01-14,54.2875,81.775,北方
西安,2024-01-15,67.12083333333334,98.66250000000001,北方
西安,2024-01-16,68.47500000000001,100.64166666666667,北方
西安,2024-01-17,115.01666666666667,166.19166666666666,北方
西安,2024-01-18,97.79583333333333,141.93333333333334,北方
西安,2024-01-19,69.75,101.11666666666667,北方
西安,2024-01-20,78.85000000000001,117.77083333333333,北方
西安,2024-01-21,42.81666666666666,65.00416666666668,北方
西安,2024-01-22,35.34166666666667,50.6625,北方
西安,2024-01-23,66.1875,95.27499999999999,北方
西安,2024-01-24,75.78750000000001,108.71249999999999,北方
西安,2024-01-25,67.1125,97.6125,北方
西安,2024-01-26,80.7375,124.25416666666666,北方
西安,2024-01-27,71.3625,107.70833333333333,北方
西安,2024-01-28,84.75,126.14999999999999,北方
西安,2024-01-29,66.76666666666667,98.925,北方
西安,2024-01-30,78.26666666666667,114.64999999999999,北方
西安,2024-01-31,101.65833333333335,150.39166666666668,北方
西安,2024-02-01,63.94166666666666,93.85833333333333,北方
西安,2024-02-02,40.3625,60.24583333333334,北方
西安,2024-02-03,49.29583333333333,72.75,北方
西安,2024-02-04,51.05416666666667,74.5,北方
西安,2024-02-05,72.39999999999999,104.875,北方
西安,2024-02-06,81.26666666666667,119.44583333333333,北方
西安,2024-02-07,76.79166666666667,113.89999999999999,北方
西安,2024-02-08,90.15416666666665,132.80833333333334,北方
西安,2024-02-09,55.12916666666666,82.65416666666667,北方
西安,2024-02-10,41.6875,69.34583333333333,北方
西安,2024-02-11,50.15833333333333,77.07916666666667,北方
西安,2024-02-12,59.38333333333333,86.26666666666667,北方
西安,2024-02-13,66.47083333333333,96.02916666666665,北方
西安,2024-02-14,48.40416666666667,102.50416666666666,北方
西安,2024-02-15,55.35,126.54583333333333,北方
西安,2024-02-16,48.85833333333333,82.55,北方
西安,2024-02-17,37.6625,54.68333333333334,北方
西安,2024-02-18,58.36666666666667,142.0,北方
西安,2024-02-19,28.212500000000002,52.125,北方
西安,2024-02-20,25.55,40.37083333333333,北方
西安,2024-02-21,17.95,26.09583333333333,北方
西安,2024-02-22,42.699999999999996,61.4375,北方
西安,2024-02-23,46.9625,67.7625,北方
西安,2024-02-24,55.04583333333333,79.91666666666667,北方
西安,2024-02-25,69.54583333333333,103.02916666666665,北方
西安,2024-02-26,73.5625,109.325,北方
西安,2024-02-27,69.85416666666667,102.075,北方
西安,2024-02-28,80.41250000000001,119.25,北方
西安,2024-02-29,80.85000000000001,122.69583333333333,北方
西安,2024-03-01,55.3125,87.85000000000001,北方
西安,2024-03-02,43.17083333333333,67.40833333333333,北方
西安,2024-03-03,45.137499999999996,66.30833333333334,北方
西安,2024-03-04,58.37916666666666,87.60833333333333,北方
西安,2024-03-05,88.15833333333335,136.50416666666666,北方
西安,2024-03-06,56.512499999999996,95.37083333333334,北方
西安,2024-03-07,38.15416666666667,66.32916666666667,北方
西安,2024-03-08,36.704166666666666,59.00416666666666,北方
西安,2024-03-09,54.71666666666667,87.36666666666667,北方
西安,2024-03-10,47.87916666666666,74.6375,北方
西安,2024-03-11,36.020833333333336,61.52916666666667,北方
西安,2024-03-12,31.820833333333336,52.583333333333336,北方
西安,2024-03-13,51.31666666666666,81.92083333333333,北方
西安,2024-03-14,39.06666666666667,62.512499999999996,北方
西安,2024-03-15,50.80833333333334,78.21666666666667,北方
西安,2024-03-16,67.86666666666666,190.2125,北方
西安,2024-03-17,88.00833333333333,200.0375,北方
西安,2024-03-18,44.324999999999996,94.22916666666667,北方
西安,2024-03-19,34.57083333333333,106.6125,北方
西安,2024-03-20,38.07083333333333,68.925,北方
西安,2024-03-21,36.18333333333333,54.475,北方
西安,2024-03-22,35.425000000000004,71.925,北方
西安,2024-03-23,58.60833333333333,106.38333333333333,北方
西安,2024-03-24,51.17083333333333,77.55,北方
西安,2024-03-25,30.566666666666666,58.07916666666667,北方
西安,2024-03-26,50.050000000000004,80.02499999999999,北方
西安,2024-03-27,40.604166666666664,78.10000000000001,北方
西安,2024-03-28,23.766666666666666,59.6625,北方
西安,2024-03-29,23.804166666666664,37.62083333333333,北方
西安,2024-03-30,28.150000000000002,74.34583333333333,北方
西安,2024-03-31,29.0125,49.862500000000004,北方
西安,2024-04-01,33.24583333333333,49.78333333333333,北方
西安,2024-04-02,76.86666666666666,131.54166666666666,北方
西安,2024-04-03,29.266666666666666,59.65833333333333,北方
西安,2024-04-04,48.137499999999996,76.35000000000001,北方
西安,2024-04-05,52.975,86.62083333333334,北方
西安,2024-04-06,48.57916666666667,77.31666666666666,北方
西安,2024-04-07,49.17083333333333,82.22500000000001,北方
西安,2024-04-08,50.63333333333333,85.27083333333333,北方
西安,2024-04-09,33.0125,52.604166666666664,北方
西安,2024-04-10,49.34583333333333,75.80833333333332,北方
西安,2024-04-11,42.3375,62.57916666666667,北方
西安,2024-04-12,29.604166666666668,45.59583333333333,北方
西安,2024-04-13,31.7375,47.8125,北方
西安,2024-04-14,40.37083333333333,76.5625,北方
西安,2024-04-15,37.483333333333334,79.20833333333333,北方
西安,2024-04-16,34.62083333333333,57.083333333333336,北方
西安,2024-04-17,48.55833333333334,74.94166666666666,北方
西安,2024-04-18,25.941666666666666,42.15833333333333,北方
西安,2024-04-19,41.641666666666666,89.8625,北方
西安,2024-04-20,41.19583333333333,79.73333333333333,北方
西安,2024-04-21,46.14166666666667,85.00416666666666,北方
西安,2024-04-22,41.954166666666666,68.33333333333333,北方
西安,2024-04-23,28.945833333333336,68.74166666666666,北方
西安,2024-04-24,38.84166666666667,67.93333333333334,北方
西安,2024-04-25,33.916666666666664,53.62916666666666,北方
西安,2024-04-26,33.891666666666666,51.90416666666667,北方
西安,2024-04-27,28.870833333333334,43.11666666666667,北方
西安,2024-04-28,39.791666666666664,61.67916666666667,北方
西安,2024-04-29,39.575,69.6875,北方
西安,2024-04-30,29.866666666666664,52.225,北方
西安,2024-05-01,41.12083333333333,59.94583333333333,北方
西安,2024-05-02,37.975,57.604166666666664,北方
西安,2024-05-03,48.25,73.4875,北方
西安,2024-05-04,51.612500000000004,75.62083333333334,北方
西安,2024-05-05,42.74583333333334,65.83749999999999,北方
西安,2024-05-06,39.083333333333336,63.375,北方
西安,2024-05-07,33.9,57.71666666666667,北方
西安,2024-05-08,45.770833333333336,72.78333333333333,北方
西安,2024-05-09,44.354166666666664,65.92916666666666,北方
西安,2024-05-10,30.087500000000002,46.31666666666666,北方
西安,2024-05-11,33.550000000000004,77.85000000000001,北方
西安,2024-05-12,21.974999999999998,42.270833333333336,北方
西安,2024-05-13,27.891666666666666,46.270833333333336,北方
西安,2024-05-14,31.3125,50.78333333333333,北方
西安,2024-05-15,36.170833333333334,61.77916666666667,北方
西安,2024-05-16,38.275,58.17916666666667,北方
西安,2024-05-17,34.333333333333336,54.25416666666666,北方
西安,2024-05-18,34.53333333333333,53.0,北方
西安,2024-05-19,46.666666666666664,69.57083333333334,北方
西安,2024-05-20,33.020833333333336,48.90833333333333,北方
西安,2024-05-21,32.2875,50.47083333333333,北方
西安,2024-05-22,25.383333333333336,37.891666666666666,北方
西安,2024-05-23,29.53333333333333,44.4,北方
西安,2024-05-24,21.283333333333335,31.458333333333332,北方
西安,2024-05-25,41.541666666666664,64.66250000000001,北方
西安,2024-05-26,52.46666666666667,80.625,北方
西安,2024-05-27,52.137499999999996,84.83333333333333,北方
西安,2024-05-28,34.24166666666667,54.199999999999996,北方
西安,2024-05-29,36.90416666666667,54.225,北方
西安,2024-05-30,28.02916666666667,61.87083333333334,北方
西安,2024-05-31,30.7625,69.3125,北方
西安,2024-06-01,50.07916666666667,86.74583333333334,北方
西安,2024-06-02,70.17916666666666,111.54166666666667,北方
西安,2024-06-03,62.2125,92.41250000000001,北方
西安,2024-06-04,38.229166666666664,56.916666666666664,北方
西安,2024-06-05,31.21666666666667,47.225,北方
西安,2024-06-06,36.824999999999996,56.824999999999996,北方
西安,2024-06-07,37.2875,53.7875,北方
西安,2024-06-08,44.92083333333333,67.41666666666667,北方
西安,2024-06-09,41.512499999999996,62.24166666666667,北方
西安,2024-06-10,41.42916666666667,61.30416666666667,北方
西安,2024-06-11,43.87083333333334,65.71666666666667,北方
西安,2024-06-12,26.708333333333332,46.4375,北方
西安,2024-06-13,26.775000000000002,47.0375,北方
西安,2024-06-14,27.641666666666666,57.94583333333333,北方
西安,2024-06-15,31.625,62.92916666666667,北方
西安,2024-06-16,52.270833333333336,81.29166666666667,北方
西安,2024-06-17,58.37083333333334,86.7375,北方
西安,2024-06-18,36.37083333333333,53.15416666666667,北方
西安,2024-06-19,33.333333333333336,48.9375,北方
西安,2024-06-20,30.883333333333336,45.19583333333333,北方
西安,2024-06-21,23.90416666666667,44.770833333333336,北方
西安,2024-06-22,24.008333333333336,50.51666666666667,北方
西安,2024-06-23,24.775000000000002,52.708333333333336,北方
西安,2024-06-24,28.9875,59.32083333333333,北方
西安,2024-06-25,25.46666666666667,41.62083333333333,北方
西安,2024-06-26,34.483333333333334,57.15833333333333,北方
西安,2024-06-27,29.179166666666664,43.25416666666666,北方
西安,2024-06-28,42.92083333333333,64.77083333333333,北方
西安,2024-06-29,33.87083333333333,65.325,北方
西安,2024-06-30,29.566666666666666,61.0625,北方
西安,2024-07-01,25.608333333333334,46.5875,北方
西安,2024-07-02,31.212500000000002,51.26666666666667,北方
西安,2024-07-03,43.67083333333333,62.84166666666667,北方
西安,2024-07-04,54.645833333333336,79.125,北方
西安,2024-07-05,53.291666666666664,79.0375,北方
西安,2024-07-06,48.083333333333336,70.5625,北方
西安,2024-07-07,45.25,65.40416666666667,北方
西安,2024-07-08,49.5375,70.57083333333334,北方
西安,2024-07-09,53.06666666666666,76.22916666666667,北方
西安,2024-07-10,100.54166666666667,146.35833333333332,北方
西安,2024-07-11,80.70833333333333,116.3875,北方
西安,2024-07-12,69.14999999999999,99.69166666666666,北方
西安,2024-07-13,80.46666666666667,117.77083333333333,北方
西安,2024-07-14,64.91666666666667,96.15416666666665,北方
西安,2024-07-15,60.833333333333336,88.02916666666665,北方
西安,2024-07-16,42.13333333333333,60.1625,北方
西安,2024-07-17,49.666666666666664,70.97916666666667,北方
西安,2024-07-18,48.5,69.39166666666667,北方
西安,2024-07-19,41.15,59.199999999999996,北方
西安,2024-07-20,38.045833333333334,54.50416666666666,北方
西安,2024-07-21,55.12916666666666,78.95833333333333,北方
西安,2024-07-22,66.37083333333334,94.9875,北方
西安,2024-07-23,84.62916666666668,121.26666666666667,北方
西安,2024-07-24,70.22500000000001,105.98333333333333,北方
西安,2024-07-25,39.75416666666667,75.625,北方
西安,2024-07-26,50.05833333333334,85.56666666666666,北方
西安,2024-07-27,55.29583333333333,83.39999999999999,北方
西安,2024-07-28,56.875,85.58749999999999,北方
西安,2024-07-29,66.16666666666667,99.24166666666667,北方
西安,2024-07-30,50.6625,74.79583333333333,北方
西安,2024-07-31,49.925000000000004,74.84166666666667,北方
西安,2024-08-01,53.375,80.07916666666667,北方
西安,2024-08-02,47.791666666666664,69.75416666666666,北方
西安,2024-08-03,65.63333333333334,95.77916666666665,北方
西安,2024-08-04,78.46666666666667,113.35833333333333,北方
西安,2024-08-05,47.166666666666664,67.94583333333334,北方
西安,2024-08-06,42.90416666666667,61.791666666666664,北方
西安,2024-08-07,45.15416666666667,64.63333333333334,北方
西安,2024-08-08,40.1625,57.512499999999996,北方
西安,2024-08-09,39.17916666666667,59.895833333333336,北方
西安,2024-08-10,27.420833333333334,56.46666666666667,北方
西安,2024-08-11,22.295833333333334,45.887499999999996,北方
西安,2024-08-12,31.133333333333336,48.875,北方
西安,2024-08-13,33.88333333333333,49.82916666666667,北方
西安,2024-08-14,37.61666666666667,54.65416666666667,北方
西安,2024-08-15,64.69166666666666,93.45,北方
西安,2024-08-16,88.54583333333333,127.10416666666667,北方
西安,2024-08-17,76.85833333333333,110.53750000000001,北方
西安,2024-08-18,62.2125,91.01666666666667,北方
西安,2024-08-19,45.875,67.22500000000001,北方
西安,2024-08-20,33.52916666666667,49.57083333333333,北方
西安,2024-08-21,40.65,59.32916666666667,北方
西安,2024-08-22,40.795833333333334,60.2875,北方
西安,2024-08-23,49.27916666666667,71.63333333333334,北方
西安,2024-08-24,36.52916666666667,52.69583333333333,北方
西安,2024-08-25,30.383333333333336,44.03333333333333,北方
西安,2024-08-26,35.74583333333333,53.354166666666664,北方
西安,2024-08-27,25.625,36.579166666666666,北方
西安,2024-08-28,29.59583333333333,42.36666666666667,北方
西安,2024-08-29,27.516666666666666,39.6875,北方
西安,2024-08-30,28.112499999999997,40.72083333333333,北方
西安,2024-08-31,39.4625,57.050000000000004,北方
西安,2024-09-01,46.07916666666667,68.80416666666666,北方
西安,2024-09-02,34.5625,50.60833333333333,北方
西安,2024-09-03,27.7625,40.27916666666666,北方
西安,2024-09-04,30.941666666666666,44.26666666666667,北方
西安,2024-09-05,28.6125,40.68333333333333,北方
西安,2024-09-06,39.729166666666664,56.93333333333334,北方
西安,2024-09-07,38.11666666666667,54.64166666666667,北方
西安,2024-09-08,23.608333333333334,34.05416666666667,北方
西安,2024-09-09,35.7125,52.89166666666667,北方
西安,2024-09-10,34.270833333333336,54.35,北方
西安,2024-09-11,48.3125,70.16250000000001,北方
西安,2024-09-12,29.854166666666668,42.833333333333336,北方
西安,2024-09-13,36.395833333333336,52.46666666666667,北方
西安,2024-09-14,28.958333333333332,41.045833333333334,北方
西安,2024-09-15,26.933333333333334,38.770833333333336,北方
西安,2024-09-16,27.270833333333332,39.15416666666666,北方
西安,2024-09-17,37.416666666666664,53.94583333333333,北方
西安,2024-09-18,31.287499999999998,45.15,北方
西安,2024-09-19,29.675,42.775,北方
西安,2024-09-20,19.295833333333334,27.004166666666666,北方
西安,2024-09-21,20.904166666666665,30.891666666666666,北方
西安,2024-09-22,34.420833333333334,49.6625,北方
西安,2024-09-23,43.270833333333336,62.19166666666666,北方
西安,2024-09-24,47.94583333333333,68.79166666666667,北方
西安,2024-09-25,43.30416666666667,62.4625,北方
西安,2024-09-26,42.50416666666667,61.69583333333333,北方
西安,2024-09-27,35.199999999999996,50.98333333333333,北方
西安,2024-09-28,42.5,61.96666666666667,北方
西安,2024-09-29,26.604166666666668,37.53333333333334,北方
西安,2024-09-30,26.916666666666668,49.07916666666667,北方
西安,2024-10-01,19.575,34.229166666666664,北方
西安,2024-10-02,26.5625,40.579166666666666,北方
西安,2024-10-03,22.945833333333336,33.637499999999996,北方
西安,2024-10-04,24.650000000000002,35.395833333333336,北方
西安,2024-10-05,43.96666666666667,63.24166666666667,北方
西安,2024-10-06,69.99583333333334,100.59583333333335,北方
西安,2024-10-07,60.3375,89.075,北方
西安,2024-10-08,79.59583333333333,116.09166666666665,北方
西安,2024-10-09,38.175000000000004,61.89166666666667,北方
西安,2024-10-10,29.891666666666666,50.112500000000004,北方
西安,2024-10-11,48.583333333333336,76.18333333333334,北方
西安,2024-10-12,77.6875,116.49583333333334,北方
西安,2024-10-13,70.05833333333332,102.77499999999999,北方
西安,2024-10-14,47.012499999999996,68.51666666666667,北方
西安,2024-10-15,48.041666666666664,69.85000000000001,北方
西安,2024-10-16,32.4625,47.67083333333333,北方
西安,2024-10-17,75.59166666666667,110.17916666666667,北方
西安,2024-10-18,53.30833333333334,78.51666666666667,北方
西安,2024-10-19,41.55416666666667,61.625,北方
西安,2024-10-20,21.05,30.854166666666668,北方
西安,2024-10-21,33.041666666666664,47.625,北方
西安,2024-10-22,22.775000000000002,34.237500000000004,北方
西安,2024-10-23,37.545833333333334,53.82916666666667,北方
西安,2024-10-24,38.2125,54.96666666666667,北方
西安,2024-10-25,45.05833333333334,65.30416666666666,北方
西安,2024-10-26,32.775,49.15416666666667,北方
西安,2024-10-27,32.96666666666667,55.6875,北方
西安,2024-10-28,46.387499999999996,70.2625,北方
西安,2024-10-29,41.858333333333334,62.125,北方
西安,2024-10-30,67.37083333333334,97.99583333333334,北方
西安,2024-10-31,89.39583333333333,130.4375,北方
西安,2024-11-01,82.65416666666667,118.95,北方
西安,2024-11-02,58.208333333333336,83.99166666666666,北方
西安,2024-11-03,51.0875,74.11666666666666,北方
西安,2024-11-04,42.40833333333333,62.53333333333333,北方
西安,2024-11-05,43.25833333333333,63.70416666666667,北方
西安,2024-11-06,53.40416666666667,77.97083333333333,北方
西安,2024-11-07,60.65416666666667,88.64583333333333,北方
西安,2024-11-08,62.895833333333336,92.27499999999999,北方
西安,2024-11-09,90.19583333333333,136.4375,北方
西安,2024-11-10,97.71249999999999,145.85416666666666,北方
西安,2024-11-11,139.14583333333334,213.29583333333335,北方
西安,2024-11-12,115.59166666666665,160.63750000000002,北方
西安,2024-11-13,103.09583333333335,103.5125,北方
西安,2024-11-14,98.14166666666667,102.46249999999999,北方
西安,2024-11-15,79.55416666666666,83.29583333333333,北方
西安,2024-11-16,40.733333333333334,59.225,北方
西安,2024-11-17,59.17916666666667,75.44166666666666,北方
西安,2024-11-18,40.525,45.47083333333333,北方
西安,2024-11-19,69.81666666666666,70.66250000000001,北方
西安,2024-11-20,81.68333333333332,82.3625,北方
西安,2024-11-21,86.71666666666665,88.35833333333333,北方
西安,2024-11-22,75.33749999999999,77.325,北方
西安,2024-11-23,73.08749999999999,83.0,北方
西安,2024-11-24,107.50833333333333,133.12916666666666,北方
西安,2024-11-25,31.9375,44.574999999999996,北方
西安,2024-11-26,55.50833333333333,59.199999999999996,北方
西安,2024-11-27,35.675000000000004,40.925000000000004,北方
西安,2024-11-28,35.69583333333333,46.98333333333333,北方
西安,2024-11-29,52.2125,54.57083333333333,北方
西安,2024-11-30,59.4625,60.48333333333333,北方
西安,2024-12-01,70.1875,71.42083333333333,北方
西安,2024-12-02,80.03333333333333,85.25,北方
西安,2024-12-03,95.45416666666667,99.21249999999999,北方
西安,2024-12-04,67.65416666666667,70.8,北方
西安,2024-12-05,55.541666666666664,57.23333333333333,北方
西安,2024-12-06,65.60833333333333,66.51666666666667,北方
西安,2024-12-07,69.42916666666666,71.15833333333333,北方
西安,2024-12-08,84.12916666666666,87.08749999999999,北方
西安,2024-12-09,136.42916666666667,142.27916666666667,北方
西安,2024-12-10,156.87916666666666,162.17499999999998,北方
西安,2024-12-11,155.05416666666667,158.26250000000002,北方
西安,2024-12-12,99.40833333333335,101.35416666666667,北方
西安,2024-12-13,57.229166666666664,58.35833333333333,北方
西安,2024-12-14,82.2,83.75,北方
西安,2024-12-15,84.8,86.125,北方
西安,2024-12-16,92.12916666666666,93.375,北方
西安,2024-12-17,89.69583333333333,90.83749999999999,北方
西安,2024-12-18,78.97083333333333,80.33333333333333,北方
西安,2024-12-19,133.66666666666666,135.56666666666666,北方
西安,2024-12-20,114.25,115.86666666666667,北方
西安,2024-12-21,92.52916666666665,95.43333333333334,北方
西安,2024-12-22,106.60833333333333,108.70416666666667,北方
西安,2024-12-23,125.4875,127.41250000000001,北方
西安,2024-12-24,110.73333333333333,113.925,北方
西安,2024-12-25,128.42916666666667,131.29999999999998,北方
西安,2024-12-26,118.70416666666667,120.30833333333334,北方
西安,2024-12-27,55.229166666666664,56.5,北方
西安,2024-12-28,78.78333333333333,79.925,北方
西安,2024-12-29,82.24583333333332,83.8875,北方
西安,2024-12-30,67.89583333333333,71.06666666666666,北方
西安,2024-12-31,84.72500000000001,86.10833333333333,北方
重庆,2022-08-04,56.3,80.6625,南方
重庆,2022-08-05,43.5875,62.35833333333333,南方
重庆,2022-08-06,36.824999999999996,52.65416666666667,南方
重庆,2022-08-07,22.620833333333334,32.32083333333333,南方
重庆,2022-08-08,23.679166666666664,33.854166666666664,南方
重庆,2022-08-09,17.9375,25.849999999999998,南方
重庆,2022-08-10,15.570833333333333,22.724999999999998,南方
重庆,2022-08-11,15.941666666666668,23.09583333333333,南方
重庆,2022-08-12,11.108333333333334,15.9,南方
重庆,2022-08-13,12.154166666666667,17.474999999999998,南方
重庆,2022-08-14,14.541666666666666,20.895833333333332,南方
重庆,2022-08-15,33.9625,48.604166666666664,南方
重庆,2022-08-16,47.80416666666667,68.47916666666667,南方
重庆,2022-08-17,13.829166666666666,19.8,南方
重庆,2022-08-18,14.841666666666667,21.366666666666664,南方
重庆,2022-08-19,39.35,56.20416666666667,南方
重庆,2022-08-20,46.07916666666667,65.82916666666667,南方
重庆,2022-08-21,13.820833333333333,19.895833333333332,南方
重庆,2022-08-22,15.654166666666667,22.395833333333332,南方
重庆,2022-08-23,46.80416666666667,66.86666666666666,南方
重庆,2022-08-24,23.504166666666666,33.67916666666667,南方
重庆,2022-08-25,37.38333333333333,53.63333333333333,南方
重庆,2022-08-26,33.199999999999996,47.54583333333333,南方
重庆,2022-08-27,18.133333333333333,25.954166666666666,南方
重庆,2022-08-28,15.9625,22.8125,南方
重庆,2022-08-29,18.220833333333335,25.741666666666664,南方
重庆,2022-08-30,12.920833333333334,18.395833333333332,南方
重庆,2022-08-31,26.829166666666666,38.68333333333333,南方
重庆,2022-09-01,42.59583333333333,61.21666666666667,南方
重庆,2022-09-02,54.62916666666666,78.18333333333334,南方
重庆,2022-09-03,53.17916666666667,76.075,南方
重庆,2022-09-04,45.17916666666667,64.79166666666667,南方
重庆,2022-09-05,62.02916666666667,93.925,南方
重庆,2022-09-06,86.14999999999999,129.43333333333334,南方
重庆,2022-09-07,78.36666666666666,115.75,南方
重庆,2022-09-08,48.37916666666666,70.05833333333334,南方
重庆,2022-09-09,43.1875,61.791666666666664,南方
重庆,2022-09-10,49.75416666666666,71.11666666666666,南方
重庆,2022-09-11,61.18333333333334,87.7625,南方
重庆,2022-09-12,62.875,90.1125,南方
重庆,2022-09-13,55.237500000000004,79.175,南方
重庆,2022-09-14,33.74583333333333,48.50416666666666,南方
重庆,2022-09-15,34.28333333333333,49.208333333333336,南方
重庆,2022-09-16,35.94583333333333,51.487500000000004,南方
重庆,2022-09-17,46.79583333333333,67.10833333333333,南方
重庆,2022-09-18,56.11666666666667,80.55416666666666,南方
重庆,2022-09-19,46.12916666666666,66.15833333333333,南方
重庆,2022-09-20,31.4375,44.9125,南方
重庆,2022-09-21,29.425,41.90833333333333,南方
重庆,2022-09-22,44.895833333333336,64.07916666666667,南方
重庆,2022-09-23,34.00833333333333,49.208333333333336,南方
重庆,2022-09-24,43.49583333333334,62.21666666666667,南方
重庆,2022-09-25,50.2125,71.70416666666667,南方
重庆,2022-09-26,63.32916666666667,90.39166666666667,南方
重庆,2022-09-27,28.195833333333336,40.25416666666667,南方
重庆,2022-09-28,41.85,59.800000000000004,南方
重庆,2022-09-29,63.0375,90.05,南方
重庆,2022-09-30,38.74166666666667,55.57916666666667,南方
重庆,2022-10-01,28.825,41.40416666666667,南方
重庆,2022-10-02,26.90416666666667,38.50416666666667,南方
重庆,2022-10-03,20.962500000000002,29.416666666666668,南方
重庆,2022-10-04,21.099999999999998,29.191666666666666,南方
重庆,2022-10-05,26.083333333333332,36.862500000000004,南方
重庆,2022-10-06,13.266666666666666,18.970833333333335,南方
重庆,2022-10-07,27.3625,39.074999999999996,南方
重庆,2022-10-08,31.933333333333334,45.6625,南方
重庆,2022-10-09,46.137499999999996,67.64166666666667,南方
重庆,2022-10-10,38.78333333333333,63.94166666666666,南方
重庆,2022-10-11,56.18333333333334,85.625,南方
重庆,2022-10-12,51.354166666666664,73.51666666666667,南方
重庆,2022-10-13,59.37083333333334,84.88333333333334,南方
重庆,2022-10-14,62.333333333333336,88.99583333333334,南方
重庆,2022-10-15,64.375,92.02083333333333,南方
重庆,2022-10-16,72.95833333333333,105.83333333333333,南方
重庆,2022-10-17,86.85000000000001,125.41666666666667,南方
重庆,2022-10-18,93.56666666666666,134.85833333333332,南方
重庆,2022-10-19,50.77916666666667,74.08749999999999,南方
重庆,2022-10-20,36.9375,52.87083333333334,南方
重庆,2022-10-21,71.46249999999999,102.1875,南方
重庆,2022-10-22,123.47083333333335,176.5041666666667,南方
重庆,2022-10-23,92.34166666666665,132.1,南方
重庆,2022-10-24,49.145833333333336,71.12083333333334,南方
重庆,2022-10-25,48.0875,69.09583333333333,南方
重庆,2022-10-26,54.4,77.75416666666666,南方
重庆,2022-10-27,68.93333333333334,98.47916666666667,南方
重庆,2022-10-28,22.78333333333333,32.583333333333336,南方
重庆,2022-10-29,28.166666666666668,40.25416666666667,南方
重庆,2022-10-30,53.333333333333336,76.2125,南方
重庆,2022-10-31,81.5,116.49166666666667,南方
重庆,2022-11-01,79.56666666666666,113.77916666666665,南方
重庆,2022-11-02,38.612500000000004,55.42916666666667,南方
重庆,2022-11-03,80.6125,115.45,南方
重庆,2022-11-04,78.84583333333333,112.64999999999999,南方
重庆,2022-11-05,51.375,73.5,南方
重庆,2022-11-06,59.93333333333334,86.27916666666665,南方
重庆,2022-11-07,78.61666666666666,112.83749999999999,南方
重庆,2022-11-08,59.32083333333333,84.96249999999999,南方
重庆,2022-11-09,62.3125,89.28750000000001,南方
重庆,2022-11-10,71.12083333333334,101.80833333333334,南方
重庆,2022-11-11,64.57916666666667,92.3625,南方
重庆,2022-11-12,26.1375,37.62916666666667,南方
重庆,2022-11-13,25.770833333333332,36.983333333333334,南方
重庆,2022-11-14,36.704166666666666,52.37916666666666,南方
重庆,2022-11-15,45.237500000000004,64.575,南方
重庆,2022-11-16,58.074999999999996,82.97916666666667,南方
重庆,2022-11-17,70.02083333333333,100.03750000000001,南方
重庆,2022-11-18,64.31666666666666,91.925,南方
重庆,2022-11-19,82.76666666666667,118.30833333333334,南方
重庆,2022-11-20,52.4125,74.85000000000001,南方
重庆,2022-11-21,62.475,89.25416666666666,南方
重庆,2022-11-22,72.68333333333334,103.46666666666665,南方
重庆,2022-11-23,99.02083333333333,141.04999999999998,南方
重庆,2022-11-24,89.16250000000001,127.18333333333334,南方
重庆,2022-11-25,61.37083333333334,87.66250000000001,南方
重庆,2022-11-26,57.49583333333334,82.18333333333334,南方
重庆,2022-11-27,52.958333333333336,75.66666666666667,南方
重庆,2022-11-28,60.166666666666664,85.92083333333333,南方
重庆,2022-11-29,40.275,57.208333333333336,南方
重庆,2022-11-30,23.474999999999998,33.50416666666667,南方
重庆,2022-12-01,20.566666666666666,29.416666666666668,南方
重庆,2022-12-02,27.129166666666666,38.770833333333336,南方
重庆,2022-12-03,29.058333333333334,41.55833333333333,南方
重庆,2022-12-04,40.00416666666667,57.23333333333333,南方
重庆,2022-12-05,44.40833333333333,63.462500000000006,南方
重庆,2022-12-06,51.9125,74.2,南方
重庆,2022-12-07,56.1,80.12083333333334,南方
重庆,2022-12-08,64.35833333333333,91.97916666666667,南方
重庆,2022-12-09,77.7375,111.075,南方
重庆,2022-12-10,81.63333333333334,116.67083333333333,南方
重庆,2022-12-11,101.51666666666667,145.23749999999998,南方
重庆,2022-12-12,62.62916666666666,89.83333333333333,南方
重庆,2022-12-13,86.6125,124.03750000000001,南方
重庆,2022-12-14,0.5125000000000001,0.7416666666666667,南方
重庆,2022-12-15,0.85,1.2,南方
重庆,2022-12-16,55.083333333333336,79.14999999999999,南方
重庆,2022-12-17,39.079166666666666,56.1,南方
重庆,2022-12-18,56.34583333333333,80.90416666666667,南方
重庆,2022-12-19,59.09166666666667,84.7,南方
重庆,2022-12-20,53.137499999999996,76.04166666666667,南方
重庆,2022-12-21,63.36666666666667,90.89999999999999,南方
重庆,2022-12-22,98.90416666666665,141.70416666666668,南方
重庆,2022-12-23,141.79583333333332,203.1291666666667,南方
重庆,2022-12-24,143.9375,205.98333333333335,南方
重庆,2022-12-25,58.7125,83.98333333333333,南方
重庆,2022-12-26,39.19166666666667,56.52916666666667,南方
重庆,2022-12-27,47.81666666666666,68.36666666666666,南方
重庆,2022-12-28,36.25833333333333,51.895833333333336,南方
重庆,2022-12-29,62.35,89.22500000000001,南方
重庆,2022-12-30,86.375,123.6125,南方
重庆,2022-12-31,62.07916666666667,88.8875,南方
重庆,2023-01-01,65.46666666666667,93.6125,南方
重庆,2023-01-02,74.69166666666666,106.70833333333333,南方
重庆,2023-01-03,89.35000000000001,127.66666666666667,南方
重庆,2023-01-04,67.82083333333334,97.00833333333333,南方
重庆,2023-01-05,101.91250000000001,145.75416666666666,南方
重庆,2023-01-06,106.84166666666665,152.6625,南方
重庆,2023-01-07,72.50833333333334,103.65416666666665,南方
重庆,2023-01-08,130.98333333333332,187.16666666666666,南方
重庆,2023-01-09,138.57916666666668,198.01666666666665,南方
重庆,2023-01-10,128.34583333333333,183.35833333333335,南方
重庆,2023-01-11,122.49166666666667,174.99166666666667,南方
重庆,2023-01-12,85.51666666666667,122.24166666666667,南方
重庆,2023-01-13,84.25416666666666,121.00416666666666,南方
重庆,2023-01-14,32.61666666666667,50.52916666666667,南方
重庆,2023-01-15,24.662499999999998,35.920833333333334,南方
重庆,2023-01-16,37.487500000000004,53.81666666666666,南方
重庆,2023-01-17,57.52916666666667,82.39166666666667,南方
重庆,2023-01-18,59.775,85.93333333333334,南方
重庆,2023-01-19,81.09166666666667,116.14999999999999,南方
重庆,2023-01-20,106.73333333333333,152.75833333333333,南方
重庆,2023-01-21,108.12083333333334,155.07500000000002,南方
重庆,2023-01-22,117.63333333333333,168.62083333333334,南方
重庆,2023-01-23,113.71666666666665,162.85416666666666,南方
重庆,2023-01-24,70.09166666666667,101.04583333333333,南方
重庆,2023-01-25,50.10833333333333,72.99583333333334,南方
重庆,2023-01-26,97.79583333333333,141.17916666666667,南方
重庆,2023-01-27,119.92083333333333,172.13333333333333,南方
重庆,2023-01-28,119.97500000000001,172.2458333333333,南方
重庆,2023-01-29,123.9875,178.75,南方
重庆,2023-01-30,76.35833333333333,109.825,南方
重庆,2023-01-31,111.94166666666666,160.29999999999998,南方
重庆,2023-02-01,118.52916666666665,169.51250000000002,南方
重庆,2023-02-02,99.12916666666666,142.60833333333332,南方
重庆,2023-02-03,98.88333333333333,141.67916666666667,南方
重庆,2023-02-04,117.41250000000001,168.25833333333333,南方
重庆,2023-02-05,51.333333333333336,73.42916666666666,南方
重庆,2023-02-06,79.14166666666667,113.2375,南方
重庆,2023-02-07,123.575,176.8166666666667,南方
重庆,2023-02-08,39.329166666666666,56.225,南方
重庆,2023-02-09,68.675,98.1375,南方
重庆,2023-02-10,43.09166666666667,61.57083333333333,南方
重庆,2023-02-11,44.104166666666664,63.07083333333333,南方
重庆,2023-02-12,65.69583333333334,93.88333333333333,南方
重庆,2023-02-13,32.300000000000004,46.1625,南方
重庆,2023-02-14,34.75416666666667,49.666666666666664,南方
重庆,2023-02-15,45.24583333333334,64.64583333333333,南方
重庆,2023-02-16,78.95,112.83333333333333,南方
重庆,2023-02-17,61.637499999999996,88.10833333333333,南方
重庆,2023-02-18,77.23333333333333,110.43333333333334,南方
重庆,2023-02-19,87.22500000000001,124.92083333333333,南方
重庆,2023-02-20,94.825,135.94166666666666,南方
重庆,2023-02-21,49.55416666666667,70.90833333333333,南方
重庆,2023-02-22,45.800000000000004,65.55,南方
重庆,2023-02-23,79.925,114.32083333333333,南方
重庆,2023-02-24,96.11666666666667,137.42916666666667,南方
重庆,2023-02-25,79.91666666666667,114.45416666666667,南方
重庆,2023-02-26,42.5625,61.42916666666667,南方
重庆,2023-02-27,44.17916666666667,63.2875,南方
重庆,2023-02-28,81.64999999999999,116.72916666666667,南方
重庆,2023-03-01,109.37083333333334,158.14166666666668,南方
重庆,2023-03-02,109.75,158.29583333333332,南方
重庆,2023-03-03,77.71249999999999,111.25833333333333,南方
重庆,2023-03-04,73.875,105.93333333333334,南方
重庆,2023-03-05,86.17083333333333,123.17083333333333,南方
重庆,2023-03-06,116.14583333333333,166.1625,南方
重庆,2023-03-07,114.625,163.90416666666667,南方
重庆,2023-03-08,85.1125,121.70416666666667,南方
重庆,2023-03-09,86.8625,124.16666666666667,南方
重庆,2023-03-10,43.9625,62.87916666666666,南方
重庆,2023-03-11,64.3125,92.02916666666665,南方
重庆,2023-03-12,36.824999999999996,53.76666666666667,南方
重庆,2023-03-13,33.55833333333333,50.37916666666666,南方
重庆,2023-03-14,54.55416666666667,78.10833333333333,南方
重庆,2023-03-15,94.87083333333334,135.625,南方
重庆,2023-03-16,42.0,59.862500000000004,南方
重庆,2023-03-17,39.516666666666666,56.40833333333333,南方
重庆,2023-03-18,29.504166666666666,42.15416666666667,南方
重庆,2023-03-19,34.266666666666666,48.94166666666666,南方
重庆,2023-03-20,39.125,55.92083333333333,南方
重庆,2023-03-21,45.59583333333333,65.17916666666666,南方
重庆,2023-03-22,46.76666666666667,67.08749999999999,南方
重庆,2023-03-23,23.504166666666666,33.15833333333333,南方
重庆,2023-03-24,24.28333333333333,34.72083333333333,南方
重庆,2023-03-25,44.31666666666666,63.29583333333333,南方
重庆,2023-03-26,79.63333333333334,113.675,南方
重庆,2023-03-27,46.97083333333333,67.16250000000001,南方
重庆,2023-03-28,70.02083333333333,100.33749999999999,南方
重庆,2023-03-29,77.58749999999999,111.02499999999999,南方
重庆,2023-03-30,82.47916666666667,117.8125,南方
重庆,2023-03-31,82.08749999999999,117.35000000000001,南方
重庆,2023-04-01,68.1875,97.39999999999999,南方
重庆,2023-04-02,39.37083333333333,56.354166666666664,南方
重庆,2023-04-03,28.675,40.87916666666667,南方
重庆,2023-04-04,29.65833333333333,42.37916666666667,南方
重庆,2023-04-05,37.2125,53.14166666666667,南方
重庆,2023-04-06,24.15833333333333,35.829166666666666,南方
重庆,2023-04-07,73.34166666666667,107.43333333333334,南方
重庆,2023-04-08,104.71249999999999,152.17083333333332,南方
重庆,2023-04-09,89.94583333333333,129.29583333333332,南方
重庆,2023-04-10,80.2375,114.97916666666667,南方
重庆,2023-04-11,60.9125,87.36666666666667,南方
重庆,2023-04-12,46.56666666666666,66.57916666666667,南方
重庆,2023-04-13,56.14166666666667,80.0625,南方
重庆,2023-04-14,55.94166666666666,80.29166666666667,南方
重庆,2023-04-15,68.29583333333333,99.40416666666665,南方
重庆,2023-04-16,47.02916666666667,67.35,南方
重庆,2023-04-17,39.07083333333333,55.87083333333334,南方
重庆,2023-04-18,55.800000000000004,79.89583333333333,南方
重庆,2023-04-19,69.20833333333333,98.95833333333333,南方
重庆,2023-04-20,47.12083333333334,67.49166666666666,南方
重庆,2023-04-21,40.229166666666664,57.31666666666666,南方
重庆,2023-04-22,20.558333333333334,29.191666666666666,南方
重庆,2023-04-23,20.304166666666667,28.983333333333334,南方
重庆,2023-04-24,25.2375,36.1,南方
重庆,2023-04-25,39.9,57.637499999999996,南方
重庆,2023-04-26,59.2875,85.675,南方
重庆,2023-04-27,41.925,60.50416666666666,南方
重庆,2023-04-28,38.55833333333333,55.80833333333334,南方
重庆,2023-04-29,35.449999999999996,54.54583333333333,南方
重庆,2023-04-30,65.7375,97.41250000000001,南方
重庆,2023-05-01,40.53333333333333,57.895833333333336,南方
重庆,2023-05-02,50.18333333333334,71.54583333333333,南方
重庆,2023-05-03,53.354166666666664,76.2,南方
重庆,2023-05-04,44.512499999999996,63.61666666666667,南方
重庆,2023-05-05,47.74583333333334,68.03750000000001,南方
重庆,2023-05-06,30.47083333333333,42.3375,南方
重庆,2023-05-07,47.0,66.93333333333334,南方
重庆,2023-05-08,26.991666666666664,38.550000000000004,南方
重庆,2023-05-09,29.420833333333334,42.09583333333333,南方
重庆,2023-05-10,31.395833333333332,44.84583333333333,南方
重庆,2023-05-11,41.5375,59.3375,南方
重庆,2023-05-12,57.21666666666667,90.61666666666667,南方
重庆,2023-05-13,70.4875,104.81666666666666,南方
重庆,2023-05-14,93.02083333333333,135.74583333333334,南方
重庆,2023-05-15,85.10416666666667,122.47916666666667,南方
重庆,2023-05-16,52.0625,74.74166666666666,南方
重庆,2023-05-17,70.69583333333334,101.32083333333333,南方
重庆,2023-05-18,69.01666666666667,98.72500000000001,南方
重庆,2023-05-19,74.75833333333334,106.62916666666666,南方
重庆,2023-05-20,53.04583333333333,75.89999999999999,南方
重庆,2023-05-21,47.15416666666667,67.17083333333333,南方
重庆,2023-05-22,29.65833333333333,42.62916666666667,南方
重庆,2023-05-23,58.80416666666667,84.12916666666666,南方
重庆,2023-05-24,56.425000000000004,80.66666666666667,南方
重庆,2023-05-25,48.93333333333334,70.20416666666667,南方
重庆,2023-05-26,56.19583333333333,80.21666666666667,南方
重庆,2023-05-27,51.45416666666667,73.44583333333334,南方
重庆,2023-05-28,56.449999999999996,80.59166666666667,南方
重庆,2023-05-29,66.19166666666666,94.67916666666667,南方
重庆,2023-05-30,46.9125,67.175,南方
重庆,2023-05-31,39.1875,56.13333333333333,南方
重庆,2023-06-01,40.1875,57.112500000000004,南方
重庆,2023-06-02,50.737500000000004,72.20833333333333,南方
重庆,2023-06-03,34.041666666666664,48.44166666666666,南方
重庆,2023-06-04,31.741666666666664,45.262499999999996,南方
重庆,2023-06-05,35.53333333333333,50.78333333333333,南方
重庆,2023-06-06,78.56666666666666,112.4375,南方
重庆,2023-06-07,71.95416666666667,102.89999999999999,南方
重庆,2023-06-08,72.2625,103.70833333333333,南方
重庆,2023-06-09,78.3,112.4375,南方
重庆,2023-06-10,62.01666666666667,90.84166666666665,南方
重庆,2023-06-11,69.08749999999999,99.8125,南方
重庆,2023-06-12,51.00833333333333,73.31666666666666,南方
重庆,2023-06-13,78.35416666666667,113.03333333333335,南方
重庆,2023-06-14,60.833333333333336,88.58333333333333,南方
重庆,2023-06-15,52.59166666666667,75.14999999999999,南方
重庆,2023-06-16,37.645833333333336,53.74166666666667,南方
重庆,2023-06-17,54.9,78.425,南方
重庆,2023-06-18,64.07083333333334,91.61666666666667,南方
重庆,2023-06-19,92.68333333333334,133.38750000000002,南方
重庆,2023-06-20,79.65416666666667,116.41250000000001,南方
重庆,2023-06-21,39.1875,55.92916666666667,南方
重庆,2023-06-22,46.9625,66.95,南方
重庆,2023-06-23,74.29583333333333,106.10000000000001,南方
重庆,2023-06-24,97.47916666666667,139.4125,南方
重庆,2023-06-25,74.2375,106.15416666666665,南方
重庆,2023-06-26,60.145833333333336,86.00833333333333,南方
重庆,2023-06-27,25.566666666666666,36.75833333333333,南方
重庆,2023-06-28,32.17916666666667,46.12916666666666,南方
重庆,2023-06-29,41.012499999999996,57.729166666666664,南方
重庆,2023-06-30,66.69583333333334,95.42916666666667,南方
重庆,2023-07-01,57.77916666666667,82.60833333333333,南方
重庆,2023-07-02,35.5625,50.737500000000004,南方
重庆,2023-07-03,35.416666666666664,50.00833333333333,南方
重庆,2023-07-04,29.224999999999998,41.9375,南方
重庆,2023-07-05,38.9125,57.17083333333334,南方
重庆,2023-07-06,43.0,61.762499999999996,南方
重庆,2023-07-07,58.262499999999996,84.25833333333334,南方
重庆,2023-07-08,36.204166666666666,52.574999999999996,南方
重庆,2023-07-09,58.42916666666667,84.07083333333334,南方
重庆,2023-07-10,37.62916666666667,53.72083333333333,南方
重庆,2023-07-11,30.204166666666666,43.09166666666667,南方
重庆,2023-07-12,40.895833333333336,58.35833333333333,南方
重庆,2023-07-13,36.395833333333336,51.8375,南方
重庆,2023-07-14,24.875,36.78333333333333,南方
重庆,2023-07-15,56.32916666666667,94.50416666666666,南方
重庆,2023-07-16,76.10833333333333,119.875,南方
重庆,2023-07-17,45.85,67.86666666666666,南方
重庆,2023-07-18,49.462500000000006,72.09583333333333,南方
重庆,2023-07-19,34.487500000000004,49.34583333333333,南方
重庆,2023-07-20,43.31666666666666,61.875,南方
重庆,2023-07-21,42.800000000000004,61.2125,南方
重庆,2023-07-22,60.85833333333333,88.35000000000001,南方
重庆,2023-07-23,48.824999999999996,71.37916666666666,南方
重庆,2023-07-24,41.75833333333333,59.82083333333333,南方
重庆,2023-07-25,50.541666666666664,72.32916666666667,南方
重庆,2023-07-26,42.125,60.26666666666667,南方
重庆,2023-07-27,38.30833333333333,54.75,南方
重庆,2023-07-28,51.01666666666667,72.84583333333333,南方
重庆,2023-07-29,62.55833333333334,89.4375,南方
重庆,2023-07-30,69.08333333333333,98.87083333333334,南方
重庆,2023-07-31,56.22083333333333,80.45833333333333,南方
重庆,2023-08-01,47.895833333333336,68.43333333333334,南方
重庆,2023-08-02,36.80833333333333,52.612500000000004,南方
重庆,2023-08-03,36.88333333333333,52.725,南方
重庆,2023-08-04,59.07083333333333,84.39166666666667,南方
重庆,2023-08-05,62.06666666666666,88.79166666666667,南方
重庆,2023-08-06,55.13333333333333,78.8875,南方
重庆,2023-08-07,36.11666666666667,51.60833333333333,南方
重庆,2023-08-08,36.69583333333333,52.49166666666667,南方
重庆,2023-08-09,23.09166666666667,33.016666666666666,南方
重庆,2023-08-10,22.2625,31.8875,南方
重庆,2023-08-11,34.641666666666666,49.800000000000004,南方
重庆,2023-08-12,39.454166666666666,56.5,南方
重庆,2023-08-13,37.5375,53.8375,南方
重庆,2023-08-14,43.666666666666664,62.67083333333333,南方
重庆,2023-08-15,39.21666666666667,56.425000000000004,南方
重庆,2023-08-16,48.225,69.14166666666667,南方
重庆,2023-08-17,62.18333333333334,89.06666666666666,南方
重庆,2023-08-18,51.68333333333334,74.39166666666667,南方
重庆,2023-08-19,48.0,70.59583333333333,南方
重庆,2023-08-20,48.86666666666667,70.53750000000001,南方
重庆,2023-08-21,43.62916666666666,61.925000000000004,南方
重庆,2023-08-22,62.229166666666664,90.3625,南方
重庆,2023-08-23,44.15,65.61666666666666,南方
重庆,2023-08-24,36.93333333333333,55.854166666666664,南方
重庆,2023-08-25,50.71666666666667,73.97500000000001,南方
重庆,2023-08-26,24.15416666666667,34.395833333333336,南方
重庆,2023-08-27,28.53333333333333,40.71666666666667,南方
重庆,2023-08-28,52.73333333333334,75.49166666666666,南方
重庆,2023-08-29,60.99166666666667,87.40833333333335,南方
重庆,2023-08-30,48.05416666666667,69.15833333333333,南方
重庆,2023-08-31,42.762499999999996,61.487500000000004,南方
重庆,2023-09-01,45.112500000000004,65.14583333333333,南方
重庆,2023-09-02,55.45416666666667,79.88333333333334,南方
重庆,2023-09-03,76.16666666666667,109.2375,南方
重庆,2023-09-04,60.0,85.99583333333334,南方
重庆,2023-09-05,41.016666666666666,59.020833333333336,南方
重庆,2023-09-06,25.15416666666667,36.22083333333333,南方
重庆,2023-09-07,29.958333333333332,43.74583333333334,南方
重庆,2023-09-08,29.333333333333332,42.3125,南方
重庆,2023-09-09,30.495833333333334,43.94583333333333,南方
重庆,2023-09-10,47.49583333333334,68.22500000000001,南方
重庆,2023-09-11,44.270833333333336,63.59583333333333,南方
重庆,2023-09-12,18.508333333333333,26.170833333333334,南方
重庆,2023-09-13,35.84583333333333,51.14166666666667,南方
重庆,2023-09-14,46.48333333333333,66.87916666666666,南方
重庆,2023-09-15,30.191666666666666,43.70416666666667,南方
重庆,2023-09-16,30.22083333333333,44.262499999999996,南方
重庆,2023-09-17,25.670833333333334,37.208333333333336,南方
重庆,2023-09-18,42.545833333333334,61.458333333333336,南方
重庆,2023-09-19,44.11666666666667,63.19166666666666,南方
重庆,2023-09-20,24.15416666666667,34.46666666666667,南方
重庆,2023-09-21,20.141666666666666,28.599999999999998,南方
重庆,2023-09-22,36.266666666666666,51.6875,南方
重庆,2023-09-23,25.195833333333336,35.979166666666664,南方
重庆,2023-09-24,25.354166666666668,36.208333333333336,南方
重庆,2023-09-25,23.054166666666664,32.92916666666667,南方
重庆,2023-09-26,21.958333333333332,31.40416666666667,南方
重庆,2023-09-27,28.120833333333334,40.208333333333336,南方
重庆,2023-09-28,30.291666666666668,43.362500000000004,南方
重庆,2023-09-29,30.229166666666668,43.275,南方
重庆,2023-09-30,40.479166666666664,57.854166666666664,南方
重庆,2023-10-01,33.69583333333333,48.18333333333334,南方
重庆,2023-10-02,18.254166666666666,26.037499999999998,南方
重庆,2023-10-03,19.408333333333335,27.708333333333332,南方
重庆,2023-10-04,17.979166666666668,25.679166666666664,南方
重庆,2023-10-05,13.658333333333333,19.5125,南方
重庆,2023-10-06,16.883333333333333,24.108333333333334,南方
重庆,2023-10-07,25.46666666666667,36.31666666666667,南方
重庆,2023-10-08,38.78333333333333,55.46666666666667,南方
重庆,2023-10-09,33.50833333333333,48.104166666666664,南方
重庆,2023-10-10,34.75,50.04583333333333,南方
重庆,2023-10-11,32.125,46.32916666666667,南方
重庆,2023-10-12,37.637499999999996,54.333333333333336,南方
重庆,2023-10-13,43.45416666666667,62.395833333333336,南方
重庆,2023-10-14,44.137499999999996,63.32083333333333,南方
重庆,2023-10-15,50.4625,73.24583333333334,南方
重庆,2023-10-16,37.016666666666666,53.40416666666667,南方
重庆,2023-10-17,33.791666666666664,48.71666666666667,南方
重庆,2023-10-18,40.425000000000004,57.9625,南方
重庆,2023-10-19,18.570833333333333,26.400000000000002,南方
重庆,2023-10-20,39.141666666666666,58.583333333333336,南方
重庆,2023-10-21,50.887499999999996,76.8875,南方
重庆,2023-10-22,41.333333333333336,62.28333333333333,南方
重庆,2023-10-23,53.32916666666667,77.96666666666667,南方
重庆,2023-10-24,91.9875,133.53333333333333,南方
重庆,2023-10-25,75.22916666666667,108.60000000000001,南方
重庆,2023-10-26,79.52916666666667,114.05,南方
重庆,2023-10-27,37.375,53.20416666666667,南方
重庆,2023-10-28,54.75,78.49583333333334,南方
重庆,2023-10-29,51.5,73.80833333333334,南方
重庆,2023-10-30,49.51666666666667,71.09166666666667,南方
重庆,2023-10-31,42.175000000000004,60.47083333333333,南方
重庆,2023-11-01,59.00416666666666,84.625,南方
重庆,2023-11-02,52.012499999999996,74.5,南方
重庆,2023-11-03,51.458333333333336,73.58333333333333,南方
重庆,2023-11-04,28.95,40.99583333333333,南方
重庆,2023-11-05,27.495833333333334,39.43333333333333,南方
重庆,2023-11-06,34.02916666666667,49.145833333333336,南方
重庆,2023-11-07,31.53333333333333,45.3125,南方
重庆,2023-11-08,45.8375,66.07083333333334,南方
重庆,2023-11-09,64.71249999999999,93.09583333333335,南方
重庆,2023-11-10,35.94583333333333,51.43333333333333,南方
重庆,2023-11-11,15.5375,22.224999999999998,南方
重庆,2023-11-12,12.825000000000001,18.358333333333334,南方
重庆,2023-11-13,26.65416666666667,38.72083333333333,南方
重庆,2023-11-14,39.983333333333334,57.82916666666666,南方
重庆,2023-11-15,36.237500000000004,51.979166666666664,南方
重庆,2023-11-16,46.62083333333334,71.29166666666667,南方
重庆,2023-11-17,59.34583333333333,88.1875,南方
重庆,2023-11-18,54.145833333333336,78.81666666666666,南方
重庆,2023-11-19,79.54166666666667,114.57083333333333,南方
重庆,2023-11-20,69.19166666666666,99.075,南方
重庆,2023-11-21,67.87916666666666,97.2625,南方
重庆,2023-11-22,76.08749999999999,109.79166666666667,南方
重庆,2023-11-23,88.05,126.8125,南方
重庆,2023-11-24,62.5625,90.89583333333333,南方
重庆,2023-11-25,46.57916666666667,68.1125,南方
重庆,2023-11-26,64.57083333333334,92.83749999999999,南方
重庆,2023-11-27,62.666666666666664,90.875,南方
重庆,2023-11-28,76.12916666666666,110.28750000000001,南方
重庆,2023-11-29,62.4375,90.66666666666667,南方
重庆,2023-11-30,48.1875,70.34166666666667,南方
重庆,2023-12-01,36.72083333333333,53.28333333333333,南方
重庆,2023-12-02,40.854166666666664,58.645833333333336,南方
重庆,2023-12-03,63.00833333333333,90.40833333333335,南方
重庆,2023-12-04,76.675,109.70833333333333,南方
重庆,2023-12-05,60.71666666666667,86.84583333333335,南方
重庆,2023-12-06,77.42083333333333,110.94166666666666,南方
重庆,2023-12-07,88.95416666666667,127.65416666666665,南方
重庆,2023-12-08,103.69583333333333,148.6875,南方
重庆,2023-12-09,128.14583333333334,183.95000000000002,南方
重庆,2023-12-10,97.4875,140.01666666666668,南方
重庆,2023-12-11,71.54166666666667,102.47083333333335,南方
重庆,2023-12-12,46.52916666666667,66.55,南方
重庆,2023-12-13,34.833333333333336,47.362500000000004,南方
重庆,2023-12-14,54.7125,81.64166666666667,南方
重庆,2023-12-15,15.854166666666666,21.5125,南方
重庆,2023-12-16,19.8125,28.708333333333332,南方
重庆,2023-12-17,26.291666666666668,37.93333333333333,南方
重庆,2023-12-18,43.71666666666667,62.99166666666667,南方
重庆,2023-12-19,86.10000000000001,124.05,南方
重庆,2023-12-20,71.35416666666667,102.97500000000001,南方
重庆,2023-12-21,79.51666666666667,115.1125,南方
重庆,2023-12-22,74.20416666666667,107.5,南方
重庆,2023-12-23,103.45,149.65416666666667,南方
重庆,2023-12-24,82.0,118.35416666666667,南方
重庆,2023-12-25,92.2375,133.11666666666667,南方
重庆,2023-12-26,103.78750000000001,150.97916666666666,南方
重庆,2023-12-27,113.80416666666667,164.8125,南方
重庆,2023-12-28,111.50833333333333,161.15416666666667,南方
重庆,2023-12-29,117.92916666666667,170.45833333333334,南方
重庆,2023-12-30,107.64583333333333,155.48749999999998,南方
重庆,2023-12-31,76.97083333333333,110.88333333333333,南方
重庆,2024-01-01,88.86666666666667,127.47916666666667,南方
重庆,2024-01-02,73.72083333333333,105.5,南方
重庆,2024-01-03,76.0125,108.85833333333333,南方
重庆,2024-01-04,63.333333333333336,91.80833333333334,南方
重庆,2024-01-05,127.37916666666666,183.65416666666667,南方
重庆,2024-01-06,108.45416666666667,156.77916666666667,南方
重庆,2024-01-07,90.6875,131.32500000000002,南方
重庆,2024-01-08,74.0625,106.52499999999999,南方
重庆,2024-01-09,80.02083333333333,114.92916666666667,南方
重庆,2024-01-10,122.21666666666665,175.32500000000002,南方
重庆,2024-01-11,100.48333333333333,145.55416666666667,南方
重庆,2024-01-12,77.93333333333334,112.9375,南方
重庆,2024-01-13,55.42083333333333,79.78333333333333,南方
重庆,2024-01-14,79.94583333333334,114.92916666666667,南方
重庆,2024-01-15,77.45833333333333,111.47916666666667,南方
重庆,2024-01-16,30.15833333333333,43.375,南方
重庆,2024-01-17,43.63333333333333,62.38333333333333,南方
重庆,2024-01-18,62.80416666666667,89.875,南方
重庆,2024-01-19,53.87083333333334,77.03750000000001,南方
重庆,2024-01-20,45.0875,64.56666666666666,南方
重庆,2024-01-21,23.558333333333334,34.07083333333333,南方
重庆,2024-01-22,15.266666666666666,21.954166666666666,南方
重庆,2024-01-23,13.299999999999999,19.1375,南方
重庆,2024-01-24,25.929166666666664,37.9375,南方
重庆,2024-01-25,53.47083333333333,78.1125,南方
重庆,2024-01-26,42.583333333333336,61.824999999999996,南方
重庆,2024-01-27,72.28333333333333,103.87916666666666,南方
重庆,2024-01-28,95.31666666666666,136.8125,南方
重庆,2024-01-29,62.512499999999996,90.82916666666667,南方
重庆,2024-01-30,61.55833333333334,89.43333333333334,南方
重庆,2024-01-31,80.5,117.10000000000001,南方
重庆,2024-02-01,84.1125,122.31666666666666,南方
重庆,2024-02-02,69.55,100.55,南方
重庆,2024-02-03,38.704166666666666,57.012499999999996,南方
重庆,2024-02-04,19.5,27.9875,南方
重庆,2024-02-05,38.175000000000004,55.15833333333333,南方
重庆,2024-02-06,40.020833333333336,58.12916666666666,南方
重庆,2024-02-07,41.65416666666667,60.458333333333336,南方
重庆,2024-02-08,60.67083333333333,87.425,南方
重庆,2024-02-09,81.95416666666667,117.8625,南方
重庆,2024-02-10,85.69583333333333,123.92916666666667,南方
重庆,2024-02-11,62.65416666666667,91.07083333333333,南方
重庆,2024-02-12,68.60000000000001,98.8625,南方
重庆,2024-02-13,104.47500000000001,150.68333333333334,南方
重庆,2024-02-14,70.14166666666667,102.96666666666665,南方
重庆,2024-02-15,33.15,48.425000000000004,南方
重庆,2024-02-16,45.395833333333336,65.30416666666666,南方
重庆,2024-02-17,34.204166666666666,49.42083333333333,南方
重庆,2024-02-18,50.725,72.925,南方
重庆,2024-02-19,47.166666666666664,78.22500000000001,南方
重庆,2024-02-20,44.225,62.895833333333336,南方
重庆,2024-02-21,13.879166666666668,19.858333333333334,南方
重庆,2024-02-22,12.416666666666666,17.766666666666666,南方
重庆,2024-02-23,26.625,38.574999999999996,南方
重庆,2024-02-24,26.695833333333336,38.699999999999996,南方
重庆,2024-02-25,40.5,58.270833333333336,南方
重庆,2024-02-26,40.041666666666664,57.46666666666667,南方
重庆,2024-02-27,40.858333333333334,58.862500000000004,南方
重庆,2024-02-28,37.170833333333334,53.68333333333334,南方
重庆,2024-02-29,50.95416666666667,75.07916666666667,南方
重庆,2024-03-01,39.4125,57.29583333333333,南方
重庆,2024-03-02,44.225,65.15416666666667,南方
重庆,2024-03-03,44.90833333333333,65.75833333333334,南方
重庆,2024-03-04,35.854166666666664,51.87083333333334,南方
重庆,2024-03-05,48.92916666666667,70.67083333333333,南方
重庆,2024-03-06,65.27916666666667,94.95416666666667,南方
重庆,2024-03-07,75.98333333333333,110.50416666666666,南方
重庆,2024-03-08,72.325,107.04583333333333,南方
重庆,2024-03-09,60.4625,90.7375,南方
重庆,2024-03-10,61.24583333333334,90.80833333333334,南方
重庆,2024-03-11,58.637499999999996,86.38333333333333,南方
重庆,2024-03-12,46.67916666666667,68.30416666666666,南方
重庆,2024-03-13,54.24583333333334,77.74166666666666,南方
重庆,2024-03-14,61.300000000000004,88.05833333333334,南方
重庆,2024-03-15,28.816666666666666,41.895833333333336,南方
重庆,2024-03-16,40.862500000000004,59.550000000000004,南方
重庆,2024-03-17,72.23333333333333,115.49583333333334,南方
重庆,2024-03-18,29.016666666666666,40.525,南方
重庆,2024-03-19,54.49166666666667,80.00416666666666,南方
重庆,2024-03-20,69.17916666666666,111.75,南方
重庆,2024-03-21,57.40833333333333,87.8,南方
重庆,2024-03-22,44.78333333333333,64.95833333333333,南方
重庆,2024-03-23,50.67916666666667,73.05416666666666,南方
重庆,2024-03-24,40.225,57.20416666666667,南方
重庆,2024-03-25,21.058333333333334,31.666666666666668,南方
重庆,2024-03-26,26.84166666666667,38.324999999999996,南方
重庆,2024-03-27,32.045833333333334,46.275,南方
重庆,2024-03-28,40.99583333333333,69.21666666666667,南方
重庆,2024-03-29,36.604166666666664,55.0875,南方
重庆,2024-03-30,40.0625,58.40833333333333,南方
重庆,2024-03-31,45.875,65.7,南方
重庆,2024-04-01,35.24583333333333,51.104166666666664,南方
重庆,2024-04-02,34.37916666666667,52.40833333333333,南方
重庆,2024-04-03,35.65,51.69166666666666,南方
重庆,2024-04-04,25.09166666666667,35.516666666666666,南方
重庆,2024-04-05,16.412499999999998,23.508333333333336,南方
重庆,2024-04-06,24.900000000000002,35.87916666666667,南方
重庆,2024-04-07,33.96666666666667,49.208333333333336,南方
重庆,2024-04-08,41.78333333333333,59.50833333333333,南方
重庆,2024-04-09,58.7125,84.72083333333333,南方
重庆,2024-04-10,47.3375,68.83749999999999,南方
重庆,2024-04-11,57.40833333333333,82.69166666666666,南方
重庆,2024-04-12,52.85,76.26666666666667,南方
重庆,2024-04-13,43.25833333333333,62.59166666666667,南方
重庆,2024-04-14,52.137499999999996,75.47083333333333,南方
重庆,2024-04-15,45.37916666666666,66.02499999999999,南方
重庆,2024-04-16,31.6375,45.25416666666666,南方
重庆,2024-04-17,37.425000000000004,53.35833333333333,南方
重庆,2024-04-18,42.645833333333336,61.104166666666664,南方
重庆,2024-04-19,26.52916666666667,46.25416666666666,南方
重庆,2024-04-20,44.07916666666667,67.24583333333334,南方
重庆,2024-04-21,41.895833333333336,60.90833333333333,南方
重庆,2024-04-22,44.34583333333333,63.75833333333333,南方
重庆,2024-04-23,48.6625,69.30416666666666,南方
重庆,2024-04-24,41.6625,61.07083333333333,南方
重庆,2024-04-25,45.43333333333334,64.35416666666667,南方
重庆,2024-04-26,64.44583333333334,92.45416666666667,南方
重庆,2024-04-27,50.98333333333333,74.40416666666667,南方
重庆,2024-04-28,34.02916666666667,49.88333333333333,南方
重庆,2024-04-29,24.583333333333332,34.775,南方
重庆,2024-04-30,19.095833333333335,28.575,南方
重庆,2024-05-01,50.62083333333334,74.3125,南方
重庆,2024-05-02,28.2375,40.8125,南方
重庆,2024-05-03,29.90833333333333,43.145833333333336,南方
重庆,2024-05-04,36.391666666666666,52.44166666666666,南方
重庆,2024-05-05,47.85,68.95416666666667,南方
重庆,2024-05-06,61.237500000000004,94.54583333333333,南方
重庆,2024-05-07,63.262499999999996,95.73333333333333,南方
重庆,2024-05-08,69.74166666666666,103.575,南方
重庆,2024-05-09,53.57916666666667,78.20416666666667,南方
重庆,2024-05-10,33.225,47.68333333333334,南方
重庆,2024-05-11,40.699999999999996,59.949999999999996,南方
重庆,2024-05-12,48.99166666666667,78.33333333333333,南方
重庆,2024-05-13,50.15,81.65416666666667,南方
重庆,2024-05-14,31.791666666666668,46.8375,南方
重庆,2024-05-15,37.6875,56.15416666666667,南方
重庆,2024-05-16,41.5,61.75416666666666,南方
重庆,2024-05-17,52.81666666666666,77.88333333333334,南方
重庆,2024-05-18,67.03333333333333,96.70833333333333,南方
重庆,2024-05-19,40.90833333333333,58.78333333333333,南方
重庆,2024-05-20,36.108333333333334,51.50833333333333,南方
重庆,2024-05-21,34.354166666666664,49.00833333333333,南方
重庆,2024-05-22,40.416666666666664,58.125,南方
重庆,2024-05-23,43.18333333333334,62.1875,南方
重庆,2024-05-24,41.42916666666667,59.458333333333336,南方
重庆,2024-05-25,28.429166666666664,40.891666666666666,南方
重庆,2024-05-26,41.88333333333333,60.112500000000004,南方
重庆,2024-05-27,48.262499999999996,69.09583333333333,南方
重庆,2024-05-28,33.670833333333334,49.57083333333333,南方
重庆,2024-05-29,21.25,30.53333333333333,南方
重庆,2024-05-30,31.295833333333334,47.708333333333336,南方
重庆,2024-05-31,51.15,78.47500000000001,南方
重庆,2024-06-01,69.97916666666667,107.125,南方
重庆,2024-06-02,42.525,62.99166666666667,南方
重庆,2024-06-03,41.2875,60.15416666666667,南方
重庆,2024-06-04,44.6875,64.12083333333334,南方
重庆,2024-06-05,57.34583333333333,82.05416666666666,南方
重庆,2024-06-06,30.004166666666666,43.42916666666667,南方
重庆,2024-06-07,41.875,60.4625,南方
重庆,2024-06-08,62.09166666666667,89.13333333333333,南方
重庆,2024-06-09,52.26666666666667,74.63333333333334,南方
重庆,2024-06-10,49.80833333333334,70.93333333333334,南方
重庆,2024-06-11,48.15833333333333,68.75,南方
重庆,2024-06-12,45.40833333333333,65.37916666666666,南方
重庆,2024-06-13,55.916666666666664,80.70416666666667,南方
重庆,2024-06-14,65.36666666666666,94.68333333333334,南方
重庆,2024-06-15,51.79583333333333,74.71249999999999,南方
重庆,2024-06-16,45.958333333333336,66.37916666666666,南方
重庆,2024-06-17,42.59166666666667,62.208333333333336,南方
重庆,2024-06-18,60.87083333333334,87.47500000000001,南方
重庆,2024-06-19,43.85833333333333,62.63333333333333,南方
重庆,2024-06-20,45.65833333333333,65.19583333333334,南方
重庆,2024-06-21,33.05833333333333,46.7125,南方
重庆,2024-06-22,44.25416666666666,64.1875,南方
重庆,2024-06-23,55.38333333333333,85.0625,南方
重庆,2024-06-24,46.07083333333333,68.53750000000001,南方
重庆,2024-06-25,42.75,61.979166666666664,南方
重庆,2024-06-26,33.800000000000004,49.39166666666667,南方
重庆,2024-06-27,31.320833333333336,43.76666666666667,南方
重庆,2024-06-28,41.56666666666667,58.770833333333336,南方
重庆,2024-06-29,55.65,79.48333333333333,南方
重庆,2024-06-30,62.895833333333336,92.48333333333333,南方
重庆,2024-07-01,34.37916666666667,49.50416666666666,南方
重庆,2024-07-02,33.625,47.85833333333333,南方
重庆,2024-07-03,31.308333333333334,45.24583333333334,南方
重庆,2024-07-04,53.07916666666667,75.88333333333334,南方
重庆,2024-07-05,30.683333333333334,43.80833333333334,南方
重庆,2024-07-06,41.05416666666667,58.6875,南方
重庆,2024-07-07,21.9875,31.55,南方
重庆,2024-07-08,30.025000000000002,42.90833333333333,南方
重庆,2024-07-09,35.666666666666664,50.85833333333333,南方
重庆,2024-07-10,42.604166666666664,60.725,南方
重庆,2024-07-11,32.3,45.87083333333334,南方
重庆,2024-07-12,52.17083333333333,74.3625,南方
重庆,2024-07-13,49.0,69.99166666666666,南方
重庆,2024-07-14,29.829166666666666,42.5625,南方
重庆,2024-07-15,25.054166666666664,35.94166666666667,南方
重庆,2024-07-16,15.820833333333333,23.208333333333332,南方
重庆,2024-07-17,18.5,27.400000000000002,南方
重庆,2024-07-18,28.537499999999998,41.387499999999996,南方
重庆,2024-07-19,22.7,32.5125,南方
重庆,2024-07-20,24.425,34.9375,南方
重庆,2024-07-21,25.979166666666668,37.262499999999996,南方
重庆,2024-07-22,23.8875,34.645833333333336,南方
重庆,2024-07-23,20.316666666666666,29.695833333333336,南方
重庆,2024-07-24,21.75,31.941666666666666,南方
重庆,2024-07-25,39.979166666666664,58.27916666666667,南方
重庆,2024-07-26,56.4125,84.02499999999999,南方
重庆,2024-07-27,45.9625,66.57916666666667,南方
重庆,2024-07-28,30.054166666666664,42.0,南方
重庆,2024-07-29,40.525,57.74583333333334,南方
重庆,2024-07-30,48.362500000000004,70.64166666666667,南方
重庆,2024-07-31,69.28333333333333,100.78333333333335,南方
重庆,2024-08-01,52.425000000000004,75.1125,南方
重庆,2024-08-02,22.912499999999998,32.74166666666667,南方
重庆,2024-08-03,22.883333333333336,32.65,南方
重庆,2024-08-04,46.333333333333336,66.16250000000001,南方
重庆,2024-08-05,49.79583333333333,71.18333333333334,南方
重庆,2024-08-06,43.47083333333333,62.23333333333333,南方
重庆,2024-08-07,22.162499999999998,31.633333333333336,南方
重庆,2024-08-08,21.570833333333336,30.662499999999998,南方
重庆,2024-08-09,26.212500000000002,37.21666666666667,南方
重庆,2024-08-10,36.025,50.583333333333336,南方
重庆,2024-08-11,49.4375,88.30416666666667,南方
重庆,2024-08-12,56.25416666666666,87.09166666666665,南方
重庆,2024-08-13,64.675,93.48333333333333,南方
重庆,2024-08-14,41.13333333333333,60.02916666666667,南方
重庆,2024-08-15,49.35,71.29166666666667,南方
重庆,2024-08-16,36.43333333333333,52.262499999999996,南方
重庆,2024-08-17,56.862500000000004,81.5625,南方
重庆,2024-08-18,48.7125,69.73333333333333,南方
重庆,2024-08-19,67.91250000000001,97.55,南方
重庆,2024-08-20,49.28333333333333,71.09583333333333,南方
重庆,2024-08-21,31.083333333333332,44.770833333333336,南方
重庆,2024-08-22,21.833333333333332,31.391666666666666,南方
重庆,2024-08-23,23.97083333333333,34.55833333333333,南方
重庆,2024-08-24,18.483333333333334,26.691666666666666,南方
重庆,2024-08-25,13.841666666666667,19.883333333333333,南方
重庆,2024-08-26,32.5375,46.583333333333336,南方
重庆,2024-08-27,58.4625,83.69583333333334,南方
重庆,2024-08-28,23.45,33.5875,南方
重庆,2024-08-29,22.879166666666666,32.88333333333333,南方
重庆,2024-08-30,24.875,36.12083333333333,南方
重庆,2024-08-31,24.804166666666664,35.75833333333333,南方
重庆,2024-09-01,42.875,61.541666666666664,南方
重庆,2024-09-02,31.7625,46.050000000000004,南方
重庆,2024-09-03,15.633333333333333,22.604166666666668,南方
重庆,2024-09-04,16.020833333333332,23.2375,南方
重庆,2024-09-05,26.462500000000002,37.5875,南方
重庆,2024-09-06,26.891666666666666,38.37083333333333,南方
重庆,2024-09-07,30.883333333333336,44.54583333333333,南方
重庆,2024-09-08,20.083333333333332,29.275000000000002,南方
重庆,2024-09-09,14.041666666666666,20.491666666666667,南方
重庆,2024-09-10,28.391666666666666,40.979166666666664,南方
重庆,2024-09-11,24.333333333333332,34.9625,南方
重庆,2024-09-12,20.425,29.6375,南方
重庆,2024-09-13,26.066666666666666,37.90833333333333,南方
重庆,2024-09-14,48.00833333333333,69.02083333333333,南方
重庆,2024-09-15,15.375,22.116666666666664,南方
重庆,2024-09-16,20.766666666666666,29.974999999999998,南方
重庆,2024-09-17,33.0625,47.574999999999996,南方
重庆,2024-09-18,36.050000000000004,51.94166666666666,南方
重庆,2024-09-19,26.8,38.78333333333333,南方
重庆,2024-09-20,36.6625,52.70416666666667,南方
重庆,2024-09-21,21.054166666666667,29.729166666666668,南方
重庆,2024-09-22,32.61666666666667,46.6,南方
重庆,2024-09-23,40.86666666666667,58.49166666666667,南方
重庆,2024-09-24,65.44583333333334,93.825,南方
重庆,2024-09-25,69.77083333333333,100.39166666666667,南方
重庆,2024-09-26,70.33333333333333,101.26666666666667,南方
重庆,2024-09-27,43.87916666666666,63.17916666666667,南方
重庆,2024-09-28,21.766666666666666,31.308333333333334,南方
重庆,2024-09-29,14.475,20.654166666666665,南方
重庆,2024-09-30,13.220833333333333,17.033333333333335,南方
重庆,2024-10-01,24.541666666666668,37.00416666666667,南方
重庆,2024-10-02,34.75,51.65833333333333,南方
重庆,2024-10-03,35.4,51.13333333333333,南方
重庆,2024-10-04,24.4875,35.670833333333334,南方
重庆,2024-10-05,40.59583333333333,58.61666666666667,南方
重庆,2024-10-06,43.77916666666667,62.63333333333333,南方
重庆,2024-10-07,48.2875,68.91250000000001,南方
重庆,2024-10-08,58.775,84.01666666666667,南方
重庆,2024-10-09,59.637499999999996,85.58333333333333,南方
重庆,2024-10-10,68.77499999999999,98.53750000000001,南方
重庆,2024-10-11,60.6875,87.25,南方
重庆,2024-10-12,46.975,68.10833333333333,南方
重庆,2024-10-13,60.50416666666666,86.99166666666667,南方
重庆,2024-10-14,56.62916666666666,81.35833333333333,南方
重庆,2024-10-15,48.7125,70.44583333333334,南方
重庆,2024-10-16,33.68333333333333,48.737500000000004,南方
重庆,2024-10-17,32.9125,46.9625,南方
重庆,2024-10-18,43.40416666666667,62.27916666666667,南方
重庆,2024-10-19,33.9125,48.9,南方
重庆,2024-10-20,15.2125,21.77916666666667,南方
重庆,2024-10-21,19.7,28.15416666666667,南方
重庆,2024-10-22,21.412499999999998,30.770833333333332,南方
重庆,2024-10-23,36.104166666666664,51.9125,南方
重庆,2024-10-24,39.24166666666667,56.887499999999996,南方
重庆,2024-10-25,52.81666666666666,75.97500000000001,南方
重庆,2024-10-26,62.958333333333336,90.425,南方
重庆,2024-10-27,28.2,40.775,南方
重庆,2024-10-28,48.94166666666666,70.6375,南方
重庆,2024-10-29,36.3375,52.37916666666666,南方
重庆,2024-10-30,39.34583333333333,57.925000000000004,南方
重庆,2024-10-31,54.92916666666667,80.36666666666666,南方
重庆,2024-11-01,42.2125,60.82916666666667,南方
重庆,2024-11-02,76.16666666666667,109.28750000000001,南方
重庆,2024-11-03,50.69583333333333,73.40416666666667,南方
重庆,2024-11-04,48.28333333333333,69.51666666666667,南方
重庆,2024-11-05,61.5625,88.675,南方
重庆,2024-11-06,63.975,92.21666666666665,南方
重庆,2024-11-07,62.42916666666667,91.37916666666666,南方
重庆,2024-11-08,53.550000000000004,78.35000000000001,南方
重庆,2024-11-09,28.454166666666666,41.9375,南方
重庆,2024-11-10,43.49583333333334,63.17916666666667,南方
重庆,2024-11-11,71.825,103.52499999999999,南方
重庆,2024-11-12,64.87916666666666,87.12083333333334,南方
重庆,2024-11-13,70.53333333333333,70.64999999999999,南方
重庆,2024-11-14,95.06666666666666,95.09166666666665,南方
重庆,2024-11-15,103.92916666666667,103.97916666666667,南方
重庆,2024-11-16,46.48333333333334,47.4375,南方
重庆,2024-11-17,23.65416666666667,24.066666666666666,南方
重庆,2024-11-18,37.75416666666667,38.34166666666667,南方
重庆,2024-11-19,61.17916666666667,61.837500000000006,南方
重庆,2024-11-20,50.49583333333334,50.6,南方
重庆,2024-11-21,105.44166666666666,105.71249999999999,南方
重庆,2024-11-22,133.92916666666667,134.57083333333333,南方
重庆,2024-11-23,50.3125,50.6625,南方
重庆,2024-11-24,42.85833333333333,43.10833333333333,南方
重庆,2024-11-25,28.508333333333336,29.004166666666666,南方
重庆,2024-11-26,55.35,56.3125,南方
重庆,2024-11-27,74.92083333333333,76.64583333333333,南方
重庆,2024-11-28,128.75416666666666,130.78333333333333,南方
重庆,2024-11-29,149.38750000000002,151.95833333333334,南方
重庆,2024-11-30,94.60000000000001,96.0625,南方
重庆,2024-12-01,135.93333333333334,137.05833333333334,南方
重庆,2024-12-02,181.36249999999998,182.95833333333334,南方
重庆,2024-12-03,108.27916666666665,108.3875,南方
重庆,2024-12-04,136.85,137.37916666666666,南方
重庆,2024-12-05,79.37083333333334,80.44166666666666,南方
重庆,2024-12-06,81.125,81.82916666666667,南方
重庆,2024-12-07,87.52916666666665,88.1125,南方
重庆,2024-12-08,44.333333333333336,44.87916666666666,南方
重庆,2024-12-09,62.05416666666667,62.55833333333334,南方
重庆,2024-12-10,105.0625,105.70833333333333,南方
重庆,2024-12-11,109.93333333333334,110.83749999999999,南方
重庆,2024-12-12,69.31666666666666,69.64999999999999,南方
重庆,2024-12-13,116.77499999999999,117.63333333333333,南方
重庆,2024-12-14,71.37916666666666,71.95416666666667,南方
重庆,2024-12-15,97.78750000000001,98.53333333333335,南方
重庆,2024-12-16,145.26666666666668,146.6625,南方
重庆,2024-12-17,120.63333333333333,121.075,南方
重庆,2024-12-18,169.49583333333334,170.125,南方
重庆,2024-12-19,69.7625,70.08333333333333,南方
重庆,2024-12-20,116.03750000000001,116.66250000000001,南方
重庆,2024-12-21,180.02083333333334,181.00833333333333,南方
重庆,2024-12-22,49.42083333333333,50.24583333333334,南方
重庆,2024-12-23,68.7375,69.47916666666667,南方
重庆,2024-12-24,98.24583333333334,98.74583333333334,南方
重庆,2024-12-25,136.00416666666666,136.62083333333334,南方
重庆,2024-12-26,207.90416666666667,208.27083333333334,南方
重庆,2024-12-27,190.42083333333335,190.98749999999998,南方
重庆,2024-12-28,138.85416666666666,140.08333333333334,南方
重庆,2024-12-29,112.60416666666667,113.325,南方
重庆,2024-12-30,101.14999999999999,101.56666666666666,南方
重庆,2024-12-31,164.67499999999998,165.25416666666666,南方
